Country,Code,Year,Forest_share,GDP_per_capita,Region,Income_group,Income_group_order,log_GDP
Afghanistan,AFG,1990,1.8543152,,South Asia,Low income,1,
Afghanistan,AFG,1991,1.8543152,,South Asia,Low income,1,
Afghanistan,AFG,1992,1.8543152,,South Asia,Low income,1,
Afghanistan,AFG,1993,1.8543152,,South Asia,Low income,1,
Afghanistan,AFG,1994,1.8543152,,South Asia,Low income,1,
Afghanistan,AFG,1995,1.8543152,,South Asia,Low income,1,
Afghanistan,AFG,1996,1.8543152,,South Asia,Low income,1,
Afghanistan,AFG,1997,1.8543152,,South Asia,Low income,1,
Afghanistan,AFG,1998,1.8543152,,South Asia,Low income,1,
Afghanistan,AFG,1999,1.8543152,,South Asia,Low income,1,
Afghanistan,AFG,2000,1.8543152,174.930991430166,South Asia,Low income,1,5.16439156146838
Afghanistan,AFG,2001,1.8543152,138.706821676113,South Asia,Low income,1,4.932362509068179
Afghanistan,AFG,2002,1.8543152,178.954088379235,South Asia,Low income,1,5.187129283440217
Afghanistan,AFG,2003,1.8543152,198.871115728727,South Asia,Low income,1,5.29265695524774
Afghanistan,AFG,2004,1.8543152,221.763653873013,South Asia,Low income,1,5.401612192565894
Afghanistan,AFG,2005,1.8543152,254.184249149336,South Asia,Low income,1,5.538059394401834
Afghanistan,AFG,2006,1.8543152,274.218553561575,South Asia,Low income,1,5.613925429177434
Afghanistan,AFG,2007,1.8543152,376.223152003876,South Asia,Low income,1,5.9301824567167385
Afghanistan,AFG,2008,1.8543152,381.73323802844,South Asia,Low income,1,5.944722034892284
Afghanistan,AFG,2009,1.8543152,452.053705477043,South Asia,Low income,1,6.113800990201086
Afghanistan,AFG,2010,1.8543152,560.621505463146,South Asia,Low income,1,6.329045999506046
Afghanistan,AFG,2011,1.8543152,606.694676337726,South Asia,Low income,1,6.4080256601244
Afghanistan,AFG,2012,1.8543152,651.417134470046,South Asia,Low income,1,6.479150196564419
Afghanistan,AFG,2013,1.8543152,637.087099117099,South Asia,Low income,1,6.456906379532865
Afghanistan,AFG,2014,1.8543152,625.054941813938,South Asia,Low income,1,6.437839552775117
Afghanistan,AFG,2015,1.8543152,565.569730408751,South Asia,Low income,1,6.337833595485375
Afghanistan,AFG,2016,1.8543152,522.082215583898,South Asia,Low income,1,6.257825076599218
Afghanistan,AFG,2017,1.8543152,525.469770891619,South Asia,Low income,1,6.264292664193559
Afghanistan,AFG,2018,1.8543152,491.337221382603,South Asia,Low income,1,6.197130697311605
Afghanistan,AFG,2019,1.8543152,496.6025042585,South Asia,Low income,1,6.207789915869446
Afghanistan,AFG,2020,1.8543152,510.787063366811,South Asia,Low income,1,6.235952797617645
Afghanistan,AFG,2021,1.8543152,356.496214115892,South Asia,Low income,1,5.876323620207197
Afghanistan,AFG,2022,1.8543152,357.261152798144,South Asia,Low income,1,5.878467034791953
Afghanistan,AFG,2023,1.8543152,413.757894705303,South Asia,Low income,1,6.0252810073679735
Afghanistan,AFG,2024,1.8543152,,South Asia,Low income,1,
Afghanistan,AFG,2025,1.8543152,,South Asia,Low income,1,
Albania,ALB,1990,28.78832,617.230435515505,Europe & Central Asia,Upper middle income,3,6.42524243151478
Albania,ALB,1991,28.717154,336.586994504629,Europe & Central Asia,Upper middle income,3,5.818856643174918
Albania,ALB,1992,28.645985,200.852219772323,Europe & Central Asia,Upper middle income,3,5.302569412635298
Albania,ALB,1993,28.574818,367.279225077581,Europe & Central Asia,Upper middle income,3,5.906122390043241
Albania,ALB,1994,28.503649,586.416135130865,Europe & Central Asia,Upper middle income,3,6.374029665764947
Albania,ALB,1995,28.432482,911.320465445326,Europe & Central Asia,Upper middle income,3,6.814894608668249
Albania,ALB,1996,28.361315,1020.97618050188,Europe & Central Asia,Upper middle income,3,6.928514488315524
Albania,ALB,1997,28.290146,728.545523729675,Europe & Central Asia,Upper middle income,3,6.5910501133598345
Albania,ALB,1998,28.218979,831.175344077295,Europe & Central Asia,Upper middle income,3,6.722840776300421
Albania,ALB,1999,28.14781,1056.34481153033,Europe & Central Asia,Upper middle income,3,6.96256993703856
Albania,ALB,2000,28.076643,1160.42047054038,Europe & Central Asia,Upper middle income,3,7.056537693026137
Albania,ALB,2001,28.12325,1326.41652388077,Europe & Central Asia,Upper middle income,3,7.190236241994002
Albania,ALB,2002,28.169853,1479.83884572006,Europe & Central Asia,Upper middle income,3,7.299688472802442
Albania,ALB,2003,28.21646,1908.69900687608,Europe & Central Asia,Upper middle income,3,7.554177140721403
Albania,ALB,2004,28.263065,2446.90949947798,Europe & Central Asia,Upper middle income,3,7.802581078483289
Albania,ALB,2005,28.309671,2741.72136549578,Europe & Central Asia,Upper middle income,3,7.916341237707155
Albania,ALB,2006,28.356277,3057.77257038113,Europe & Central Asia,Upper middle income,3,8.025442011709254
Albania,ALB,2007,28.402884,3743.05529896187,Europe & Central Asia,Upper middle income,3,8.2276574817632
Albania,ALB,2008,28.44949,4498.50486763601,Europe & Central Asia,Upper middle income,3,8.411500368914165
Albania,ALB,2009,28.496096,4213.65007574693,Europe & Central Asia,Upper middle income,3,8.346084552412908
Albania,ALB,2010,28.5427,4149.14469936847,Europe & Central Asia,Upper middle income,3,8.330657495446216
Albania,ALB,2011,28.652992,4465.70914328865,Europe & Central Asia,Upper middle income,3,8.40418330338464
Albania,ALB,2012,28.763285,4280.93316338873,Europe & Central Asia,Upper middle income,3,8.361926293640154
Albania,ALB,2013,28.873577,4542.92903556739,Europe & Central Asia,Upper middle income,3,8.421327245027097
Albania,ALB,2014,28.98387,4793.59751131525,Europe & Central Asia,Upper middle income,3,8.475036454714497
Albania,ALB,2015,29.09416,4199.53912925398,Europe & Central Asia,Upper middle income,3,8.342730067120554
Albania,ALB,2016,30.143942,4457.63412207495,Europe & Central Asia,Upper middle income,3,8.402373438364819
Albania,ALB,2017,31.193722,5006.36012951959,Europe & Central Asia,Upper middle income,3,8.518464408980618
Albania,ALB,2018,32.243504,5897.65452588774,Europe & Central Asia,Upper middle income,3,8.68231001286951
Albania,ALB,2019,33.293285,6069.43903131027,Europe & Central Asia,Upper middle income,3,8.711021463194774
Albania,ALB,2020,34.343067,6027.91350716348,Europe & Central Asia,Upper middle income,3,8.70415621113042
Albania,ALB,2021,34.343067,7242.45513146613,Europe & Central Asia,Upper middle income,3,8.887715534452225
Albania,ALB,2022,34.343067,7756.96188744253,Europe & Central Asia,Upper middle income,3,8.95634602716728
Albania,ALB,2023,34.343067,9730.86921906893,Europe & Central Asia,Upper middle income,3,9.183058505112822
Albania,ALB,2024,34.343067,11377.7757431099,Europe & Central Asia,Upper middle income,3,9.339417235423078
Albania,ALB,2025,34.343067,,Europe & Central Asia,Upper middle income,3,
Algeria,DZA,1990,0.72004473,2445.18332740258,Middle East & North Africa,Upper middle income,3,7.801875379630825
Algeria,DZA,1991,0.7197617,1759.11201648229,Middle East & North Africa,Upper middle income,3,7.47256442462143
Algeria,DZA,1992,0.7194787,1802.69300801289,Middle East & North Africa,Upper middle income,3,7.497036941381116
Algeria,DZA,1993,0.7191957,1831.04800976449,Middle East & North Africa,Upper middle income,3,7.512643764846592
Algeria,DZA,1994,0.7189128,1525.54061760288,Middle East & North Africa,Upper middle income,3,7.330104129566198
Algeria,DZA,1995,0.7186298,1466.94806760415,Middle East & North Africa,Upper middle income,3,7.290939377110203
Algeria,DZA,1996,0.7183468,1616.83198721285,Middle East & North Africa,Upper middle income,3,7.388223950166868
Algeria,DZA,1997,0.71806383,1628.76100561506,Middle East & North Africa,Upper middle income,3,7.3955748855091255
Algeria,DZA,1998,0.7177808,1603.36623200836,Middle East & North Africa,Upper middle income,3,7.37986059314532
Algeria,DZA,1999,0.7174978,1596.11822239025,Middle East & North Africa,Upper middle income,3,7.375329849445752
Algeria,DZA,2000,0.7172148,1772.92869122761,Middle East & North Africa,Upper middle income,3,7.480388085991623
Algeria,DZA,2001,0.71693146,1896.30020878013,Middle East & North Africa,Upper middle income,3,7.547660008245038
Algeria,DZA,2002,0.71664804,1937.46411413019,Middle East & North Africa,Upper middle income,3,7.569135239316716
Algeria,DZA,2003,0.7163646,2283.77299346126,Middle East & North Africa,Upper middle income,3,7.733584175933271
Algeria,DZA,2004,0.7160812,2816.99384960555,Middle East & North Africa,Upper middle income,3,7.943425584560376
Algeria,DZA,2005,0.71579784,3233.13339634212,Middle East & North Africa,Upper middle income,3,8.081207037728579
Algeria,DZA,2006,0.7155144,3660.66104745322,Middle East & North Africa,Upper middle income,3,8.205399024144914
Algeria,DZA,2007,0.715231,4167.45169937531,Middle East & North Africa,Upper middle income,3,8.335060024725827
Algeria,DZA,2008,0.7149476,5180.91881514686,Middle East & North Africa,Upper middle income,3,8.552737696965488
Algeria,DZA,2009,0.71466416,4235.42990456612,Middle East & North Africa,Upper middle income,3,8.351240114228373
Algeria,DZA,2010,0.7143808,4912.78585503672,Middle East & North Africa,Upper middle income,3,8.499596443805036
Algeria,DZA,2011,0.7140978,5916.31364364343,Middle East & North Africa,Upper middle income,3,8.685468838592291
Algeria,DZA,2012,0.7138148,6033.64884689543,Middle East & North Africa,Upper middle income,3,8.70510722228401
Algeria,DZA,2013,0.71353185,5979.60138960585,Middle East & North Africa,Upper middle income,3,8.696109187466437
Algeria,DZA,2014,0.71324885,6094.69392314956,Middle East & North Africa,Upper middle income,3,8.715173822959517
Algeria,DZA,2015,0.71296585,4685.05902729002,Middle East & North Africa,Upper middle income,3,8.452133793801268
Algeria,DZA,2016,0.71268284,4424.98529027556,Middle East & North Africa,Upper middle income,3,8.395022233204992
Algeria,DZA,2017,0.7123999,4554.66753957828,Middle East & North Africa,Upper middle income,3,8.423907819012364
Algeria,DZA,2018,0.7121169,4577.21029180491,Middle East & North Africa,Upper middle income,3,8.428844984934633
Algeria,DZA,2019,0.7118339,4468.45341883656,Middle East & North Africa,Upper middle income,3,8.404797636427078
Algeria,DZA,2020,0.7115509,3743.5419522929,Middle East & North Africa,Upper middle income,3,8.227787488311003
Algeria,DZA,2021,0.71126795,4160.55926736925,Middle East & North Africa,Upper middle income,3,8.333404783490614
Algeria,DZA,2022,0.71098495,4960.30334332888,Middle East & North Africa,Upper middle income,3,8.509222175778113
Algeria,DZA,2023,0.71070194,5370.477235078,Middle East & North Africa,Upper middle income,3,8.58867205414596
Algeria,DZA,2024,0.710419,5752.99076651465,Middle East & North Africa,Upper middle income,3,8.65747513187585
Algeria,DZA,2025,0.710136,,Middle East & North Africa,Upper middle income,3,
American Samoa,ASM,1990,90.35,,East Asia & Pacific,High income,4,
American Samoa,ASM,1991,90.18,,East Asia & Pacific,High income,4,
American Samoa,ASM,1992,90.01,,East Asia & Pacific,High income,4,
American Samoa,ASM,1993,89.84,,East Asia & Pacific,High income,4,
American Samoa,ASM,1994,89.67,,East Asia & Pacific,High income,4,
American Samoa,ASM,1995,89.5,,East Asia & Pacific,High income,4,
American Samoa,ASM,1996,89.33,,East Asia & Pacific,High income,4,
American Samoa,ASM,1997,89.16,,East Asia & Pacific,High income,4,
American Samoa,ASM,1998,88.99,,East Asia & Pacific,High income,4,
American Samoa,ASM,1999,88.82,,East Asia & Pacific,High income,4,
American Samoa,ASM,2000,88.65,,East Asia & Pacific,High income,4,
American Samoa,ASM,2001,87.88,,East Asia & Pacific,High income,4,
American Samoa,ASM,2002,87.11,8972.69636535698,East Asia & Pacific,High income,4,9.101941508026862
American Samoa,ASM,2003,86.34,9197.66196836987,East Asia & Pacific,High income,4,9.126704596866807
American Samoa,ASM,2004,85.57,8958.42866697173,East Asia & Pacific,High income,4,9.100350118599748
American Samoa,ASM,2005,84.8,8831.26975996609,East Asia & Pacific,High income,4,9.086054083935341
American Samoa,ASM,2006,84.03,8745.16621137404,East Asia & Pacific,High income,4,9.076256393718513
American Samoa,ASM,2007,83.26,9231.37240924563,East Asia & Pacific,High income,4,9.130363006502742
American Samoa,ASM,2008,82.49,10030.8089130902,East Asia & Pacific,High income,4,9.213416527064934
American Samoa,ASM,2009,81.72,12156.0293905777,East Asia & Pacific,High income,4,9.405580571817381
American Samoa,ASM,2010,80.950005,10375.1720141957,East Asia & Pacific,High income,4,9.24717092464297
American Samoa,ASM,2011,80.61001,10383.459331451,East Asia & Pacific,High income,4,9.247969370124041
American Samoa,ASM,2012,80.27,11745.4899153958,East Asia & Pacific,High income,4,9.371224608900441
American Samoa,ASM,2013,79.93,11813.5022034589,East Asia & Pacific,High income,4,9.376998410823926
American Samoa,ASM,2014,79.59,12026.3344929488,East Asia & Pacific,High income,4,9.39485406536112
American Samoa,ASM,2015,79.25,12727.4102651386,East Asia & Pacific,High income,4,9.451513235281285
American Samoa,ASM,2016,79.25,12843.3342903627,East Asia & Pacific,High income,4,9.460580223467744
American Samoa,ASM,2017,79.25,11863.6839452565,East Asia & Pacific,High income,4,9.381237243649748
American Samoa,ASM,2018,79.25,12552.0546868861,East Asia & Pacific,High income,4,9.437639651229867
American Samoa,ASM,2019,79.25,12886.1359517218,East Asia & Pacific,High income,4,9.463907279986081
American Samoa,ASM,2020,79.25,14489.2586563775,East Asia & Pacific,High income,4,9.581162871575073
American Samoa,ASM,2021,79.25,15236.1604875571,East Asia & Pacific,High income,4,9.631426860987302
American Samoa,ASM,2022,79.25,18017.4589383973,East Asia & Pacific,High income,4,9.799096507811528
American Samoa,ASM,2023,79.25,,East Asia & Pacific,High income,4,
American Samoa,ASM,2024,79.25,,East Asia & Pacific,High income,4,
American Samoa,ASM,2025,79.25,,East Asia & Pacific,High income,4,
Andorra,AND,1990,37.638298,19563.6574722488,Europe & Central Asia,High income,4,9.881428913442639
Andorra,AND,1991,37.553192,19533.2620668023,Europe & Central Asia,High income,4,9.879874038433119
Andorra,AND,1992,37.468086,20099.5352208543,Europe & Central Asia,High income,4,9.908451970439236
Andorra,AND,1993,37.38298,15916.8395162087,Europe & Central Asia,High income,4,9.675132916838892
Andorra,AND,1994,37.29787,15748.5307503373,Europe & Central Asia,High income,4,9.664502354209528
Andorra,AND,1995,37.212765,18443.2545197741,Europe & Central Asia,High income,4,9.822453973933193
Andorra,AND,1996,37.12766,19130.1597151312,Europe & Central Asia,High income,4,9.85902141133469
Andorra,AND,1997,37.042553,18247.9995651361,Europe & Central Asia,High income,4,9.811810740133453
Andorra,AND,1998,36.957447,18536.5084282698,Europe & Central Asia,High income,4,9.82749749496941
Andorra,AND,1999,36.87234,18875.2883698571,Europe & Central Asia,High income,4,9.845608851873743
Andorra,AND,2000,36.787235,21810.2503808666,Europe & Central Asia,High income,4,9.990135339224533
Andorra,AND,2001,36.95532,23511.2969500881,Europe & Central Asia,High income,4,10.065236305903138
Andorra,AND,2002,37.123405,26528.1300628236,Europe & Central Asia,High income,4,10.185960960773711
Andorra,AND,2003,37.29149,34063.575598394,Europe & Central Asia,High income,4,10.435983928107609
Andorra,AND,2004,37.459576,39021.1107100919,Europe & Central Asia,High income,4,10.571858078920412
Andorra,AND,2005,37.62766,40829.8116399538,Europe & Central Asia,High income,4,10.617167771027296
Andorra,AND,2006,37.795746,43467.1963063068,Europe & Central Asia,High income,4,10.67976182469339
Andorra,AND,2007,37.96383,48336.2548304926,Europe & Central Asia,High income,4,10.785937175676702
Andorra,AND,2008,38.131916,49132.4925840057,Europe & Central Asia,High income,4,10.802275858335458
Andorra,AND,2009,38.3,43975.0000888133,Europe & Central Asia,High income,4,10.69137657162539
Andorra,AND,2010,38.468086,42746.830391567,Europe & Central Asia,High income,4,10.663050328728865
Andorra,AND,2011,38.557446,46657.1495384811,Europe & Central Asia,High income,4,10.750581453663937
Andorra,AND,2012,38.64681,41500.5499988288,Europe & Central Asia,High income,4,10.633461959114797
Andorra,AND,2013,38.73617,42470.3230369366,Europe & Central Asia,High income,4,10.656560829516595
Andorra,AND,2014,38.82553,44369.6712976777,Europe & Central Asia,High income,4,10.700311436134509
Andorra,AND,2015,38.914894,38654.95287916,Europe & Central Asia,High income,4,10.562430192743614
Andorra,AND,2016,38.859573,40129.8385811474,Europe & Central Asia,High income,4,10.599875440854353
Andorra,AND,2017,38.804256,40672.9717424447,Europe & Central Asia,High income,4,10.613319065876384
Andorra,AND,2018,38.748936,42819.7577456133,Europe & Central Asia,High income,4,10.664754904622143
Andorra,AND,2019,38.69362,41257.816459345,Europe & Central Asia,High income,4,10.627595863735394
Andorra,AND,2020,38.638298,37361.1070081615,Europe & Central Asia,High income,4,10.528385522743235
Andorra,AND,2021,38.66383,42425.7066454357,Europe & Central Asia,High income,4,10.65550974630869
Andorra,AND,2022,38.68936,42414.0479861228,Europe & Central Asia,High income,4,10.65523490677298
Andorra,AND,2023,38.714893,46812.4261013102,Europe & Central Asia,High income,4,10.753903961648133
Andorra,AND,2024,38.740425,49303.6491674336,Europe & Central Asia,High income,4,10.805753376914863
Andorra,AND,2025,38.765957,,Europe & Central Asia,High income,4,
Angola,AGO,1990,62.190815,965.866840464665,Sub-Saharan Africa,Lower middle income,2,6.873025978400972
Angola,AGO,1991,62.068874,881.919488130062,Sub-Saharan Africa,Lower middle income,2,6.7821007685409676
Angola,AGO,1992,61.946938,668.706017459877,Sub-Saharan Africa,Lower middle income,2,6.505344527763092
Angola,AGO,1993,61.824997,449.727894936295,Sub-Saharan Africa,Lower middle income,2,6.108642721953597
Angola,AGO,1994,61.703064,334.973590276074,Sub-Saharan Africa,Lower middle income,2,5.81405169372063
Angola,AGO,1995,61.58112,404.29481849612,Sub-Saharan Africa,Lower middle income,2,6.002144360576769
Angola,AGO,1996,61.45918,531.115366543271,Sub-Saharan Africa,Lower middle income,2,6.27497926043715
Angola,AGO,1997,61.337246,521.70291489053,Sub-Saharan Africa,Lower middle income,2,6.257098297305301
Angola,AGO,1998,61.215305,429.188126933192,Sub-Saharan Africa,Lower middle income,2,6.061895347124123
Angola,AGO,1999,61.093365,392.725539027496,Sub-Saharan Africa,Lower middle income,2,5.973110993916721
Angola,AGO,2000,60.971428,563.733795571487,Sub-Saharan Africa,Lower middle income,2,6.334582146406409
Angola,AGO,2001,60.562325,533.586202412447,Sub-Saharan Africa,Lower middle income,2,6.279620636719214
Angola,AGO,2002,60.153217,999.065855913758,Sub-Saharan Africa,Lower middle income,2,6.906820698311399
Angola,AGO,2003,59.744118,1133.66331960607,Sub-Saharan Africa,Lower middle income,2,7.0332095439143245
Angola,AGO,2004,59.33501,1451.47117872493,Sub-Saharan Africa,Lower middle income,2,7.280332927067017
Angola,AGO,2005,58.925907,2145.88621096327,Sub-Saharan Africa,Lower middle income,2,7.671307898002573
Angola,AGO,2006,58.5168,2930.4442860732,Sub-Saharan Africa,Lower middle income,2,7.982909323988002
Angola,AGO,2007,58.1077,3515.05678986535,Sub-Saharan Africa,Lower middle income,2,8.164810960548206
Angola,AGO,2008,57.698597,4578.15526451517,Sub-Saharan Africa,Lower middle income,2,8.429051415296763
Angola,AGO,2009,57.28949,3645.14846562976,Sub-Saharan Africa,Lower middle income,2,8.20115237492458
Angola,AGO,2010,56.88039,4101.63715566712,Sub-Saharan Africa,Lower middle income,2,8.319141479251144
Angola,AGO,2011,56.471287,5184.15269149912,Sub-Saharan Africa,Lower middle income,2,8.553361691977027
Angola,AGO,2012,56.06218,5702.45306277434,Sub-Saharan Africa,Lower middle income,2,8.648651723133758
Angola,AGO,2013,55.65308,5688.57916215215,Sub-Saharan Africa,Lower middle income,2,8.6462157880563
Angola,AGO,2014,55.243977,5649.68762469139,Sub-Saharan Africa,Lower middle income,2,8.639355534946827
Angola,AGO,2015,54.83487,3641.72893919944,Sub-Saharan Africa,Lower middle income,2,8.200213831158477
Angola,AGO,2016,54.425762,2051.81462126253,Sub-Saharan Africa,Lower middle income,2,7.626479861694373
Angola,AGO,2017,54.01666,2790.71886869768,Sub-Saharan Africa,Lower middle income,2,7.93405450065845
Angola,AGO,2018,53.607555,2860.0936483682,Sub-Saharan Africa,Lower middle income,2,7.958609647462504
Angola,AGO,2019,53.198452,2493.67884440177,Sub-Saharan Africa,Lower middle income,2,7.8215143466578585
Angola,AGO,2020,52.789345,1759.35619918264,Sub-Saharan Africa,Lower middle income,2,7.472703225193596
Angola,AGO,2021,52.38024,2303.90812662776,Sub-Saharan Africa,Lower middle income,2,7.742362145425139
Angola,AGO,2022,51.971138,3682.1131513698,Sub-Saharan Africa,Lower middle income,2,8.21124209227407
Angola,AGO,2023,51.562035,2916.13663284275,Sub-Saharan Africa,Lower middle income,2,7.978014948286916
Angola,AGO,2024,51.152927,2665.87444776753,Sub-Saharan Africa,Lower middle income,2,7.888287405769062
Angola,AGO,2025,50.743828,,Sub-Saharan Africa,Lower middle income,2,
Antigua and Barbuda,ATG,1990,22.977272,7590.75442423046,Latin America & Caribbean,High income,4,8.934686262581922
Antigua and Barbuda,ATG,1991,22.827272,7956.47430919648,Latin America & Caribbean,High income,4,8.9817412547374
Antigua and Barbuda,ATG,1992,22.677273,8153.73786307269,Latin America & Caribbean,High income,4,9.00623173460056
Antigua and Barbuda,ATG,1993,22.527273,8624.62016806628,Latin America & Caribbean,High income,4,9.062376202444769
Antigua and Barbuda,ATG,1994,22.377274,9351.48753768505,Latin America & Caribbean,High income,4,9.143290704568052
Antigua and Barbuda,ATG,1995,22.227272,9034.47552907143,Latin America & Caribbean,High income,4,9.108803152539155
Antigua and Barbuda,ATG,1996,22.077272,9756.08717951992,Latin America & Caribbean,High income,4,9.185646695286037
Antigua and Barbuda,ATG,1997,21.927273,10336.2591617838,Latin America & Caribbean,High income,4,9.243413299410037
Antigua and Barbuda,ATG,1998,21.777273,10906.8785406961,Latin America & Caribbean,High income,4,9.297148927962832
Antigua and Barbuda,ATG,1999,21.627274,11342.3349230913,Latin America & Caribbean,High income,4,9.336297457594107
Antigua and Barbuda,ATG,2000,21.477272,12027.4949768222,Latin America & Caribbean,High income,4,9.394950555932466
Antigua and Barbuda,ATG,2001,21.325,11539.1825063308,Latin America & Caribbean,High income,4,9.353503697546822
Antigua and Barbuda,ATG,2002,21.172728,11658.6949915956,Latin America & Caribbean,High income,4,9.36380753182221
Antigua and Barbuda,ATG,2003,21.020454,12173.2319860305,Latin America & Caribbean,High income,4,9.406994720652675
Antigua and Barbuda,ATG,2004,20.868181,13037.8895772257,Latin America & Caribbean,High income,4,9.475614980145483
Antigua and Barbuda,ATG,2005,20.71591,14368.5708796058,Latin America & Caribbean,High income,4,9.572798522464643
Antigua and Barbuda,ATG,2006,20.563637,16173.8136329968,Latin America & Caribbean,High income,4,9.691148770960273
Antigua and Barbuda,ATG,2007,20.411364,18204.5124043068,Latin America & Caribbean,High income,4,9.809424776636828
Antigua and Barbuda,ATG,2008,20.25909,18786.6743142216,Latin America & Caribbean,High income,4,9.840903084417965
Antigua and Barbuda,ATG,2009,20.106817,16472.2478528568,Latin America & Caribbean,High income,4,9.709432295513848
Antigua and Barbuda,ATG,2010,19.954546,15217.3950790922,Latin America & Caribbean,High income,4,9.630194465591046
Antigua and Barbuda,ATG,2011,19.804546,14911.7275084471,Latin America & Caribbean,High income,4,9.609903263451486
Antigua and Barbuda,ATG,2012,19.654545,15639.8078114787,Latin America & Caribbean,High income,4,9.657574725755175
Antigua and Barbuda,ATG,2013,19.504545,15051.5113587425,Latin America & Caribbean,High income,4,9.619233687642827
Antigua and Barbuda,ATG,2014,19.354546,15532.1062063584,Latin America & Caribbean,High income,4,9.650664528734335
Antigua and Barbuda,ATG,2015,19.204546,16077.6340769406,Latin America & Caribbean,High income,4,9.685184397388992
Antigua and Barbuda,ATG,2016,19.054546,16556.8551801588,Latin America & Caribbean,High income,4,9.71455550532531
Antigua and Barbuda,ATG,2017,18.904545,16965.7288273816,Latin America & Caribbean,High income,4,9.738950636942858
Antigua and Barbuda,ATG,2018,18.754545,18273.4270684912,Latin America & Caribbean,High income,4,9.813203210790133
Antigua and Barbuda,ATG,2019,18.604546,18896.3721832248,Latin America & Caribbean,High income,4,9.84672523464584
Antigua and Barbuda,ATG,2020,18.454546,15369.6082250401,Latin America & Caribbean,High income,4,9.640147346620275
Antigua and Barbuda,ATG,2021,18.304546,17348.6006987182,Latin America & Caribbean,High income,4,9.761267130751799
Antigua and Barbuda,ATG,2022,18.154545,20105.1989085164,Latin America & Caribbean,High income,4,9.908733712767457
Antigua and Barbuda,ATG,2023,18.004545,21494.5474000727,Latin America & Caribbean,High income,4,9.975554572652534
Antigua and Barbuda,ATG,2024,17.854546,23542.4526945578,Latin America & Caribbean,High income,4,10.066560568018614
Antigua and Barbuda,ATG,2025,17.704546,,Latin America & Caribbean,High income,4,
Argentina,ARG,1990,20.458883,4315.33403111588,Latin America & Caribbean,Upper middle income,3,8.369930012135745
Argentina,ARG,1991,20.365799,5709.24784079504,Latin America & Caribbean,Upper middle income,3,8.649842567317478
Argentina,ARG,1992,20.272717,6789.99611136495,Latin America & Caribbean,Upper middle income,3,8.823205647852276
Argentina,ARG,1993,20.179632,6931.85596375876,Latin America & Caribbean,Upper middle income,3,8.843882872165894
Argentina,ARG,1994,20.08655,7437.56242327594,Latin America & Caribbean,Upper middle income,3,8.914298442864169
Argentina,ARG,1995,19.993467,7357.6162773788,Latin America & Caribbean,Upper middle income,3,8.90349128390783
Argentina,ARG,1996,19.900383,7663.21271287469,Latin America & Caribbean,Upper middle income,3,8.944186589018488
Argentina,ARG,1997,19.8073,8146.78710021431,Latin America & Caribbean,Upper middle income,3,9.005378907676848
Argentina,ARG,1998,19.714216,8218.99212764682,Latin America & Caribbean,Upper middle income,3,9.014202868324318
Argentina,ARG,1999,19.621134,7705.54288252851,Latin America & Caribbean,Upper middle income,3,8.949695203744362
Argentina,ARG,2000,19.52805,7637.01489203628,Latin America & Caribbean,Upper middle income,3,8.940762084871592
Argentina,ARG,2001,19.39231,7141.47507662826,Latin America & Caribbean,Upper middle income,3,8.873674627361462
Argentina,ARG,2002,19.25657,2569.69963519124,Latin America & Caribbean,Upper middle income,3,7.851544297592586
Argentina,ARG,2003,19.12083,3320.47775133903,Latin America & Caribbean,Upper middle income,3,8.107863952563509
Argentina,ARG,2004,18.985092,4242.02099089422,Latin America & Caribbean,Upper middle income,3,8.352795083460856
Argentina,ARG,2005,18.849352,5067.65342293276,Latin America & Caribbean,Upper middle income,3,8.53063315373026
Argentina,ARG,2006,18.713612,5869.38028970204,Latin America & Caribbean,Upper middle income,3,8.677504334796174
Argentina,ARG,2007,18.577873,7185.25155147027,Latin America & Caribbean,Upper middle income,3,8.87978580854331
Argentina,ARG,2008,18.442135,8944.1102657357,Latin America & Caribbean,Upper middle income,3,9.098750523777706
Argentina,ARG,2009,18.306395,8150.23527028221,Latin America & Caribbean,Upper middle income,3,9.00580207333754
Argentina,ARG,2010,18.170654,10260.1313108254,Latin America & Caribbean,Upper middle income,3,9.236020916968926
Argentina,ARG,2011,18.07686,12704.2831819684,Latin America & Caribbean,Upper middle income,3,9.449694474010553
Argentina,ARG,2012,17.983067,12949.717486654,Latin America & Caribbean,Upper middle income,3,9.468829251187325
Argentina,ARG,2013,17.889273,12963.675773326,Latin America & Caribbean,Upper middle income,3,9.469906554177475
Argentina,ARG,2014,17.795477,12233.1444119186,Latin America & Caribbean,Upper middle income,3,9.411904302087889
Argentina,ARG,2015,17.701683,13679.6264980954,Latin America & Caribbean,Upper middle income,3,9.52366288803301
Argentina,ARG,2016,17.63237,12699.9623137756,Latin America & Caribbean,Upper middle income,3,9.449354305023036
Argentina,ARG,2017,17.563059,14532.5009308511,Latin America & Caribbean,Upper middle income,3,9.584142863628564
Argentina,ARG,2018,17.493746,11752.7998922979,Latin America & Caribbean,Upper middle income,3,9.371846779892264
Argentina,ARG,2019,17.424435,9955.97478680428,Latin America & Caribbean,Upper middle income,3,9.205928131021869
Argentina,ARG,2020,17.355122,8535.59938004389,Latin America & Caribbean,Upper middle income,3,9.052000858895653
Argentina,ARG,2021,17.289526,10738.0179223384,Latin America & Caribbean,Upper middle income,3,9.281545800038526
Argentina,ARG,2022,17.223928,13962.1894087223,Latin America & Caribbean,Upper middle income,3,9.544108198454824
Argentina,ARG,2023,17.158333,14261.8465667948,Latin America & Caribbean,Upper middle income,3,9.565343178347431
Argentina,ARG,2024,17.092735,13969.7836603737,Latin America & Caribbean,Upper middle income,3,9.54465196611633
Argentina,ARG,2025,17.027138,,Latin America & Caribbean,Upper middle income,3,
Armenia,ARM,1990,11.757288,635.355327502517,Europe & Central Asia,Upper middle income,3,6.454184413261397
Armenia,ARM,1991,11.749948,572.740260900977,Europe & Central Asia,Upper middle income,3,6.350432317087727
Armenia,ARM,1992,11.742606,356.350780006933,Europe & Central Asia,Upper middle income,3,5.875915582824208
Armenia,ARM,1993,11.735265,347.870644720878,Europe & Central Asia,Upper middle income,3,5.851830700100786
Armenia,ARM,1994,11.727924,390.879964297655,Europe & Central Asia,Upper middle income,3,5.968400516171049
Armenia,ARM,1995,11.720583,443.924860857976,Europe & Central Asia,Upper middle income,3,6.095655315808967
Armenia,ARM,1996,11.713242,487.068624404558,Europe & Central Asia,Upper middle income,3,6.188405025690378
Armenia,ARM,1997,11.705901,505.035887057966,Europe & Central Asia,Upper middle income,3,6.2246294902315915
Armenia,ARM,1998,11.69856,590.239947333459,Europe & Central Asia,Upper middle income,3,6.380529144619334
Armenia,ARM,1999,11.691218,582.669886150895,Europe & Central Asia,Upper middle income,3,6.367620792962704
Armenia,ARM,2000,11.683878,593.450581742282,Europe & Central Asia,Upper middle income,3,6.385953944773804
Armenia,ARM,2001,11.682649,659.588988535629,Europe & Central Asia,Upper middle income,3,6.491616896391499
Armenia,ARM,2002,11.681419,742.651118319819,Europe & Central Asia,Upper middle income,3,6.610226376324834
Armenia,ARM,2003,11.68019,882.030167695474,Europe & Central Asia,Upper middle income,3,6.782226259158222
Armenia,ARM,2004,11.67896,1130.08791444158,Europe & Central Asia,Upper middle income,3,7.0300507090708715
Armenia,ARM,2005,11.677731,1557.48458908655,Europe & Central Asia,Upper middle income,3,7.350827355965176
Armenia,ARM,2006,11.676501,2041.65267068997,Europe & Central Asia,Upper middle income,3,7.621514891549062
Armenia,ARM,2007,11.675272,2962.70234594569,Europe & Central Asia,Upper middle income,3,7.993857085539807
Armenia,ARM,2008,11.674043,3777.66859313767,Europe & Central Asia,Upper middle income,3,8.236862324027914
Armenia,ARM,2009,11.672813,2820.5926553347,Europe & Central Asia,Upper middle income,3,7.944702303317538
Armenia,ARM,2010,11.671584,3041.34450723339,Europe & Central Asia,Upper middle income,3,8.020054968743029
Armenia,ARM,2011,11.685001,3349.55309771906,Europe & Central Asia,Upper middle income,3,8.1165822122541
Armenia,ARM,2012,11.69842,3511.56399687426,Europe & Central Asia,Upper middle income,3,8.163816800372278
Armenia,ARM,2013,11.711837,3680.16692158886,Europe & Central Asia,Upper middle income,3,8.21071338926169
Armenia,ARM,2014,11.725255,3852.11800610384,Europe & Central Asia,Upper middle income,3,8.256378407470539
Armenia,ARM,2015,11.738672,3512.39350276709,Europe & Central Asia,Upper middle income,3,8.164052993685441
Armenia,ARM,2016,11.737408,3524.42476874707,Europe & Central Asia,Upper middle income,3,8.167472515759012
Armenia,ARM,2017,11.736143,3869.05373867752,Europe & Central Asia,Upper middle income,3,8.26076524415627
Armenia,ARM,2018,11.734879,4196.00562301769,Europe & Central Asia,Upper middle income,3,8.341888309605302
Armenia,ARM,2019,11.733614,4597.22887399548,Europe & Central Asia,Upper middle income,3,8.433208982253502
Armenia,ARM,2020,11.732349,4268.68093304583,Europe & Central Asia,Upper middle income,3,8.359060143521052
Armenia,ARM,2021,11.732912,4685.17997128509,Europe & Central Asia,Upper middle income,3,8.452159608296522
Armenia,ARM,2022,11.733474,6571.97445545099,Europe & Central Asia,Upper middle income,3,8.790569592273615
Armenia,ARM,2023,11.7340355,8159.08720967996,Europe & Central Asia,Upper middle income,3,9.006887580142353
Armenia,ARM,2024,11.734598,8556.21406956719,Europe & Central Asia,Upper middle income,3,9.054413089707818
Armenia,ARM,2025,11.73516,,Europe & Central Asia,Upper middle income,3,
Aruba,ABW,1990,2.7222223,12187.5363611898,Latin America & Caribbean,High income,4,9.408169098783892
Aruba,ABW,1991,2.7222223,13233.9905169683,Latin America & Caribbean,High income,4,9.490543838005955
Aruba,ABW,1992,2.7222223,13892.6051427736,Latin America & Caribbean,High income,4,9.539111973437375
Aruba,ABW,1993,2.7222223,14700.9598081521,Latin America & Caribbean,High income,4,9.5956680637069
Aruba,ABW,1994,2.7222223,16055.2877874337,Latin America & Caribbean,High income,4,9.683793531460047
Aruba,ABW,1995,2.7222223,16548.7173868987,Latin America & Caribbean,High income,4,9.714063878520939
Aruba,ABW,1996,2.7222223,16620.9545555513,Latin America & Caribbean,High income,4,9.718419500908857
Aruba,ABW,1997,2.7222223,17750.0095644198,Latin America & Caribbean,High income,4,9.78414133374397
Aruba,ABW,1998,2.7222223,18828.0870594071,Latin America & Caribbean,High income,4,9.84310502644316
Aruba,ABW,1999,2.7222223,19216.1972354472,Latin America & Caribbean,High income,4,9.863508808393192
Aruba,ABW,2000,2.7222223,20681.0230269625,Latin America & Caribbean,High income,4,9.936971796787699
Aruba,ABW,2001,2.7222223,20740.1325828172,Latin America & Caribbean,High income,4,9.939825874377222
Aruba,ABW,2002,2.7222223,21307.2482505267,Latin America & Caribbean,High income,4,9.966802587262789
Aruba,ABW,2003,2.7222223,21949.4859960868,Latin America & Caribbean,High income,4,9.996499001194364
Aruba,ABW,2004,2.7222223,23700.6319899197,Latin America & Caribbean,High income,4,10.073256993009021
Aruba,ABW,2005,2.7222223,24171.8371325422,Latin America & Caribbean,High income,4,10.092943479602644
Aruba,ABW,2006,2.7222223,24845.65848362,Latin America & Caribbean,High income,4,10.120438307352744
Aruba,ABW,2007,2.7222223,26736.3089444046,Latin America & Caribbean,High income,4,10.19377780613962
Aruba,ABW,2008,2.7222223,28171.9094008501,Latin America & Caribbean,High income,4,10.246080639931197
Aruba,ABW,2009,2.7222223,25134.7712303589,Latin America & Caribbean,High income,4,10.13200747444845
Aruba,ABW,2010,2.7222223,24093.1401510626,Latin America & Caribbean,High income,4,10.08968243792605
Aruba,ABW,2011,2.7222223,25712.3843015186,Latin America & Caribbean,High income,4,10.154728034253223
Aruba,ABW,2012,2.7222223,25119.6655449838,Latin America & Caribbean,High income,4,10.131406306201454
Aruba,ABW,2013,2.7222223,25813.5714408438,Latin America & Caribbean,High income,4,10.15865565744605
Aruba,ABW,2014,2.7222223,26129.8390617693,Latin America & Caribbean,High income,4,10.170833199359421
Aruba,ABW,2015,2.7222223,27458.2201537506,Latin America & Caribbean,High income,4,10.220420861261761
Aruba,ABW,2016,2.7222223,27441.5502144601,Latin America & Caribbean,High income,4,10.219813574940124
Aruba,ABW,2017,2.7222223,28440.0416881491,Latin America & Caribbean,High income,4,10.25555334974413
Aruba,ABW,2018,2.7222223,30082.1584226798,Latin America & Caribbean,High income,4,10.311687531562564
Aruba,ABW,2019,2.7222223,30645.8906024548,Latin America & Caribbean,High income,4,10.330253857414815
Aruba,ABW,2020,2.7222223,22759.8071750722,Latin America & Caribbean,High income,4,10.032751416107375
Aruba,ABW,2021,2.7222223,26749.3296093118,Latin America & Caribbean,High income,4,10.194264690675974
Aruba,ABW,2022,2.7222223,30975.9989121779,Latin America & Caribbean,High income,4,10.34096795495808
Aruba,ABW,2023,2.7222223,35718.7531191634,Latin America & Caribbean,High income,4,10.483431127302877
Aruba,ABW,2024,2.7222223,39498.5941293797,Latin America & Caribbean,High income,4,10.584020358594541
Aruba,ABW,2025,2.7222223,,Latin America & Caribbean,High income,4,
Australia,AUS,1990,17.49536,18273.561526468,East Asia & Pacific,High income,4,9.813210568878006
Australia,AUS,1991,17.473682,18885.4274465057,East Asia & Pacific,High income,4,9.846145869071277
Australia,AUS,1992,17.452007,18650.3675476612,East Asia & Pacific,High income,4,9.833621132527163
Australia,AUS,1993,17.43033,17724.5399501656,East Asia & Pacific,High income,4,9.782705396206829
Australia,AUS,1994,17.408653,18155.6282000179,East Asia & Pacific,High income,4,9.806735885288791
Australia,AUS,1995,17.386976,20479.1748274233,East Asia & Pacific,High income,4,9.927163786711994
Australia,AUS,1996,17.365301,22055.838490507,East Asia & Pacific,High income,4,10.001332629975833
Australia,AUS,1997,17.343624,23683.4948964934,East Asia & Pacific,High income,4,10.072533666642176
Australia,AUS,1998,17.321947,21516.0403147759,East Asia & Pacific,High income,4,9.976553997102844
Australia,AUS,1999,17.300272,20749.6443779096,East Asia & Pacific,High income,4,9.940284387097986
Australia,AUS,2000,17.278595,21908.9968019784,East Asia & Pacific,High income,4,9.994652644319812
Australia,AUS,2001,17.256023,19733.6510102645,East Asia & Pacific,High income,4,9.89008063056754
Australia,AUS,2002,17.233454,20335.0960191023,East Asia & Pacific,High income,4,9.920103540194072
Australia,AUS,2003,17.210882,23757.5898471684,East Asia & Pacific,High income,4,10.075657330922722
Australia,AUS,2004,17.18831,30886.0500949401,East Asia & Pacific,High income,4,10.338059907711958
Australia,AUS,2005,17.165741,34535.20727091,East Asia & Pacific,High income,4,10.44973458326878
Australia,AUS,2006,17.14317,36658.8243476122,East Asia & Pacific,High income,4,10.50940945180179
Australia,AUS,2007,17.120598,41128.2476618402,East Asia & Pacific,High income,4,10.62445045545034
Australia,AUS,2008,17.098028,49811.2067218988,East Asia & Pacific,High income,4,10.815995272272543
Australia,AUS,2009,17.075457,42954.8494884573,East Asia & Pacific,High income,4,10.667904831130674
Australia,AUS,2010,17.052887,52313.8939041213,East Asia & Pacific,High income,4,10.86501727259481
Australia,AUS,2011,17.087633,62799.3895017032,East Asia & Pacific,High income,4,11.047700631098579
Australia,AUS,2012,17.12238,68301.4402512587,East Asia & Pacific,High income,4,11.131686132470646
Australia,AUS,2013,17.157127,68476.6788496118,East Asia & Pacific,High income,4,11.134248511532249
Australia,AUS,2014,17.191874,62817.2061751737,East Asia & Pacific,High income,4,11.047984298610725
Australia,AUS,2015,17.226622,56970.3613028094,East Asia & Pacific,High income,4,10.950286434437997
Australia,AUS,2016,17.246996,50084.4440606385,East Asia & Pacific,High income,4,10.82146574106689
Australia,AUS,2017,17.26737,54117.547718609,East Asia & Pacific,High income,4,10.898913769332923
Australia,AUS,2018,17.287745,57410.1737346009,East Asia & Pacific,High income,4,10.957976809365096
Australia,AUS,2019,17.308119,55194.7585097428,East Asia & Pacific,High income,4,10.918623273223075
Australia,AUS,2020,17.328495,51983.4523666382,East Asia & Pacific,High income,4,10.858680723201157
Australia,AUS,2021,17.335526,60758.9044397144,East Asia & Pacific,High income,4,11.01466892560104
Australia,AUS,2022,17.34256,65169.5191118657,East Asia & Pacific,High income,4,11.084747140319083
Australia,AUS,2023,17.349592,65058.3773146674,East Asia & Pacific,High income,4,11.083040258349369
Australia,AUS,2024,17.356625,64603.9856308464,East Asia & Pacific,High income,4,11.076031384939434
Australia,AUS,2025,17.363657,,East Asia & Pacific,High income,4,
Austria,AUT,1990,45.754604,21596.068219998,Europe & Central Asia,High income,4,9.980266550251415
Austria,AUT,1991,45.830307,22323.1312492943,Europe & Central Asia,High income,4,10.013378695602551
Austria,AUT,1992,45.90601,24782.7118767063,Europe & Central Asia,High income,4,10.11790158731896
Austria,AUT,1993,45.981712,23987.2037240657,Europe & Central Asia,High income,4,10.085275788976132
Austria,AUT,1994,46.057415,25546.2460525087,Europe & Central Asia,High income,4,10.148245659299416
Austria,AUT,1995,46.133118,30207.0674314652,Europe & Central Asia,High income,4,10.315831196893782
Austria,AUT,1996,46.20882,29645.9451251491,Europe & Central Asia,High income,4,10.297080637068554
Austria,AUT,1997,46.284527,26571.7523626508,Europe & Central Asia,High income,4,10.187603989256939
Austria,AUT,1998,46.36023,27212.4642905708,Europe & Central Asia,High income,4,10.211430393298333
Austria,AUT,1999,46.435932,27078.7081612201,Europe & Central Asia,High income,4,10.206503021354344
Austria,AUT,2000,46.511635,24487.2974685956,Europe & Central Asia,High income,4,10.105909791410859
Austria,AUT,2001,46.54011,24430.495982841,Europe & Central Asia,High income,4,10.103587466249587
Austria,AUT,2002,46.56859,26334.862215032,Europe & Central Asia,High income,4,10.178648899894386
Austria,AUT,2003,46.59707,32110.1159661425,Europe & Central Asia,High income,4,10.376926398604366
Austria,AUT,2004,46.625546,36614.2506533707,Europe & Central Asia,High income,4,10.508192805721654
Austria,AUT,2005,46.654022,38157.37022862,Europe & Central Asia,High income,4,10.549474208843181
Austria,AUT,2006,46.682503,40382.2078298575,Europe & Central Asia,High income,4,10.606144566693517
Austria,AUT,2007,46.71098,46622.9622913635,Europe & Central Asia,High income,4,10.749848451784379
Austria,AUT,2008,46.739456,51581.3982361071,Europe & Central Asia,High income,4,10.85091638717391
Austria,AUT,2009,46.767937,47857.4446635266,Europe & Central Asia,High income,4,10.775981968134053
Austria,AUT,2010,46.796413,46611.1393420232,Europe & Central Asia,High income,4,10.749594833222146
Austria,AUT,2011,46.830563,51116.8953522042,Europe & Central Asia,High income,4,10.841870354660255
Austria,AUT,2012,46.86471,48250.4059142637,Europe & Central Asia,High income,4,10.7841595194626
Austria,AUT,2013,46.89886,50305.3545774973,Europe & Central Asia,High income,4,10.825866803255078
Austria,AUT,2014,46.93301,51314.9722616322,Europe & Central Asia,High income,4,10.8457378455288
Austria,AUT,2015,46.96716,43915.228020857,Europe & Central Asia,High income,4,10.690016418660566
Austria,AUT,2016,47.00131,45061.4993920192,Europe & Central Asia,High income,4,10.715783488887995
Austria,AUT,2017,47.035458,47163.7425775142,Europe & Central Asia,High income,4,10.76138071065254
Austria,AUT,2018,47.069607,51194.0749841299,Europe & Central Asia,High income,4,10.843379081364967
Austria,AUT,2019,47.103756,49885.9947355204,Europe & Central Asia,High income,4,10.817495575722525
Austria,AUT,2020,47.137905,48716.4098900349,Europe & Central Asia,High income,4,10.793771211040454
Austria,AUT,2021,47.172054,53648.6437976214,Europe & Central Asia,High income,4,10.890211469037029
Austria,AUT,2022,47.206203,52336.7725223758,Europe & Central Asia,High income,4,10.86545451049114
Austria,AUT,2023,47.240353,56579.504175468,Europe & Central Asia,High income,4,10.943402081569864
Austria,AUT,2024,47.2745,58268.8787651601,Europe & Central Asia,High income,4,10.972823417891926
Austria,AUT,2025,47.30865,,Europe & Central Asia,High income,4,
Azerbaijan,AZE,1990,11.430611,1238.27189274842,Europe & Central Asia,Upper middle income,3,7.121472051706495
Azerbaijan,AZE,1991,11.482009,734.944232805688,Europe & Central Asia,Upper middle income,3,6.5997946226005215
Azerbaijan,AZE,1992,11.533406,60.2351205405972,Europe & Central Asia,Upper middle income,3,4.098255579888844
Azerbaijan,AZE,1993,11.584804,209.530954548425,Europe & Central Asia,Upper middle income,3,5.344871482855342
Azerbaijan,AZE,1994,11.636201,157.063549947072,Europe & Central Asia,Upper middle income,3,5.056650500181249
Azerbaijan,AZE,1995,11.687598,314.55801908334,Europe & Central Asia,Upper middle income,3,5.751168539518258
Azerbaijan,AZE,1996,11.738996,409.185543774103,Europe & Central Asia,Upper middle income,3,6.014168705433146
Azerbaijan,AZE,1997,11.790393,505.516204188336,Europe & Central Asia,Upper middle income,3,6.225580093710027
Azerbaijan,AZE,1998,11.841791,561.906807871869,Europe & Central Asia,Upper middle income,3,6.331336013851606
Azerbaijan,AZE,1999,11.893188,573.893528734031,Europe & Central Asia,Upper middle income,3,6.352443889103768
Azerbaijan,AZE,2000,11.944586,655.097249579917,Europe & Central Asia,Upper middle income,3,6.4847836972553745
Azerbaijan,AZE,2001,11.999359,703.670998584686,Europe & Central Asia,Upper middle income,3,6.5563109153687735
Azerbaijan,AZE,2002,12.0541315,763.108895463487,Europe & Central Asia,Upper middle income,3,6.637400741236539
Azerbaijan,AZE,2003,12.108905,883.692580745256,Europe & Central Asia,Upper middle income,3,6.784109242817396
Azerbaijan,AZE,2004,12.163678,1045.0136328106,Europe & Central Asia,Upper middle income,3,6.951785210065586
Azerbaijan,AZE,2005,12.2184515,1578.36733030667,Europe & Central Asia,Upper middle income,3,7.3641462565131235
Azerbaijan,AZE,2006,12.273225,2472.95725732287,Europe & Central Asia,Upper middle income,3,7.813169983636858
Azerbaijan,AZE,2007,12.327997,3851.33015175141,Europe & Central Asia,Upper middle income,3,8.25617386157394
Azerbaijan,AZE,2008,12.382771,5574.46810432575,Europe & Central Asia,Upper middle income,3,8.625952184480925
Azerbaijan,AZE,2009,12.437544,4950.39949009423,Europe & Central Asia,Upper middle income,3,8.507223557375799
Azerbaijan,AZE,2010,12.492317,5843.5337683582,Europe & Central Asia,Upper middle income,3,8.673090990146315
Azerbaijan,AZE,2011,12.602178,7189.81869211976,Europe & Central Asia,Upper middle income,3,8.880421233723956
Azerbaijan,AZE,2012,12.712039,7495.86527658099,Europe & Central Asia,Upper middle income,3,8.922106851048769
Azerbaijan,AZE,2013,12.821899,7875.34536661549,Europe & Central Asia,Upper middle income,3,8.971492318810341
Azerbaijan,AZE,2014,12.931761,7890.84028062087,Europe & Central Asia,Upper middle income,3,8.973457907614234
Azerbaijan,AZE,2015,13.041621,5500.50364628486,Europe & Central Asia,Upper middle income,3,8.61259493907989
Azerbaijan,AZE,2016,13.243195,3880.6852276838,Europe & Central Asia,Upper middle income,3,8.263767022097623
Azerbaijan,AZE,2017,13.444767,4147.1981423222,Europe & Central Asia,Upper middle income,3,8.330188238782375
Azerbaijan,AZE,2018,13.64634,4739.7943123408,Europe & Central Asia,Upper middle income,3,8.463749019726647
Azerbaijan,AZE,2019,13.847913,4805.75371765917,Europe & Central Asia,Upper middle income,3,8.477569170218306
Azerbaijan,AZE,2020,14.049486,4229.91064904503,Europe & Central Asia,Upper middle income,3,8.349936148660023
Azerbaijan,AZE,2021,14.176455,5408.04535175023,Europe & Central Asia,Upper middle income,3,8.595643003736127
Azerbaijan,AZE,2022,14.303424,7770.594223351,Europe & Central Asia,Upper middle income,3,8.958101917059256
Azerbaijan,AZE,2023,14.430393,7133.02838048328,Europe & Central Asia,Upper middle income,3,8.872491161028469
Azerbaijan,AZE,2024,14.557363,7283.8499076179,Europe & Central Asia,Upper middle income,3,8.893414834871592
Azerbaijan,AZE,2025,14.684332,,Europe & Central Asia,Upper middle income,3,
Bahamas,BHS,1990,50.935066,11473.3008389353,Latin America & Caribbean,High income,4,9.347777948926238
Bahamas,BHS,1991,50.935066,11082.3528573617,Latin America & Caribbean,High income,4,9.31310928950528
Bahamas,BHS,1992,50.935066,10873.4047501635,Latin America & Caribbean,High income,4,9.294075155556769
Bahamas,BHS,1993,50.935066,10613.0658785813,Latin America & Caribbean,High income,4,9.269841151090272
Bahamas,BHS,1994,50.935066,10991.2346674131,Latin America & Caribbean,High income,4,9.30485338571106
Bahamas,BHS,1995,50.935066,11374.6056703852,Latin America & Caribbean,High income,4,9.339138576878497
Bahamas,BHS,1996,50.935066,11783.797197226,Latin America & Caribbean,High income,4,9.374480747983
Bahamas,BHS,1997,50.935066,20367.5732702056,Latin America & Caribbean,High income,4,9.921699369586236
Bahamas,BHS,1998,50.935066,21667.448821694,Latin America & Caribbean,High income,4,9.983566359020895
Bahamas,BHS,1999,50.935066,24041.0933188158,Latin America & Caribbean,High income,4,10.087519866767071
Bahamas,BHS,2000,50.935066,24940.0775086078,Latin America & Caribbean,High income,4,10.124231327032238
Bahamas,BHS,2001,50.935066,25371.9237667614,Latin America & Caribbean,High income,4,10.141398478128487
Bahamas,BHS,2002,50.935066,26781.6195938652,Latin America & Caribbean,High income,4,10.19547109515601
Bahamas,BHS,2003,50.935066,26429.1247787663,Latin America & Caribbean,High income,4,10.182221892360902
Bahamas,BHS,2004,50.935066,26650.2934234303,Latin America & Caribbean,High income,4,10.190555439793426
Bahamas,BHS,2005,50.935066,28602.4181869995,Latin America & Caribbean,High income,4,10.261246545226616
Bahamas,BHS,2006,50.935066,29184.7865087908,Latin America & Caribbean,High income,4,10.281402842510598
Bahamas,BHS,2007,50.935066,30051.8489587756,Latin America & Caribbean,High income,4,10.310679467480666
Bahamas,BHS,2008,50.935066,29392.3824416397,Latin America & Caribbean,High income,4,10.288490819129906
Bahamas,BHS,2009,50.935066,27512.9130950084,Latin America & Caribbean,High income,4,10.22241074053375
Bahamas,BHS,2010,50.935066,27473.100430502,Latin America & Caribbean,High income,4,10.220962638774376
Bahamas,BHS,2011,50.935066,27090.8376801379,Latin America & Caribbean,High income,4,10.206950856717633
Bahamas,BHS,2012,50.935066,28552.0242683151,Latin America & Caribbean,High income,4,10.259483115138643
Bahamas,BHS,2013,50.935066,27642.7419759179,Latin America & Caribbean,High income,4,10.227118476142117
Bahamas,BHS,2014,50.935066,29137.2175632622,Latin America & Caribbean,High income,4,10.279771590058498
Bahamas,BHS,2015,50.935066,30719.405417469,Latin America & Caribbean,High income,4,10.332649832174202
Bahamas,BHS,2016,50.935066,30616.5363157284,Latin America & Caribbean,High income,4,10.329295544450423
Bahamas,BHS,2017,50.935066,31875.4881749619,Latin America & Caribbean,High income,4,10.369592597636371
Bahamas,BHS,2018,50.935066,32642.3353203452,Latin America & Caribbean,High income,4,10.393365354323315
Bahamas,BHS,2019,50.935066,33640.3369861278,Latin America & Caribbean,High income,4,10.423481131460248
Bahamas,BHS,2020,50.935066,26178.7537607708,Latin America & Caribbean,High income,4,10.172703435610098
Bahamas,BHS,2021,50.935066,30367.8605757708,Latin America & Caribbean,High income,4,10.32114011024299
Bahamas,BHS,2022,50.935066,34957.1613279737,Latin America & Caribbean,High income,4,10.461878628760337
Bahamas,BHS,2023,50.935066,38231.774484278,Latin America & Caribbean,High income,4,10.551422241628911
Bahamas,BHS,2024,50.935066,39455.4466548546,Latin America & Caribbean,High income,4,10.5829273815058
Bahamas,BHS,2025,50.935066,,Latin America & Caribbean,High income,4,
Bahrain,BHR,1990,1.7341772,9342.53891401688,Middle East & North Africa,High income,4,9.142333326619028
Bahrain,BHR,1991,1.7341772,10434.1323962786,Middle East & North Africa,High income,4,9.252837672430203
Bahrain,BHR,1992,1.7341772,10460.1583222808,Middle East & North Africa,High income,4,9.255328873477675
Bahrain,BHR,1993,1.7341772,11151.871495742,Middle East & North Africa,High income,4,9.319362609955256
Bahrain,BHR,1994,1.7341772,11629.3595219612,Middle East & North Africa,High income,4,9.361288172797716
Bahrain,BHR,1995,1.7341772,11900.9317778335,Middle East & North Africa,High income,4,9.384371976692561
Bahrain,BHR,1996,1.7341772,12091.7802188235,Middle East & North Africa,High income,4,9.400281179983548
Bahrain,BHR,1997,1.7341772,12254.6662583128,Middle East & North Africa,High income,4,9.413662062487575
Bahrain,BHR,1998,1.7341772,11625.0343768343,Middle East & North Africa,High income,4,9.360916187598221
Bahrain,BHR,1999,1.7341772,12123.3534715368,Middle East & North Africa,High income,4,9.402888910422638
Bahrain,BHR,2000,1.7341772,14214.4836839343,Middle East & North Africa,High income,4,9.56201670150735
Bahrain,BHR,2001,1.7341772,13573.2339887597,Middle East & North Africa,High income,4,9.515855043430273
Bahrain,BHR,2002,1.7341772,13501.4708801425,Middle East & North Africa,High income,4,9.510553912576086
Bahrain,BHR,2003,1.7341772,14486.0269029822,Middle East & North Africa,High income,4,9.58093980192476
Bahrain,BHR,2004,1.7341772,15963.9493171617,Middle East & North Africa,High income,4,9.678088291342844
Bahrain,BHR,2005,1.7341772,17966.1657837625,Middle East & North Africa,High income,4,9.79624558938559
Bahrain,BHR,2006,1.7341772,19267.282615072,Middle East & North Africa,High income,4,9.866163735121756
Bahrain,BHR,2007,1.7341772,20908.4042548073,Middle East & North Africa,High income,4,9.947906474580241
Bahrain,BHR,2008,1.7341772,23299.4992780392,Middle East & North Africa,High income,4,10.056187149109965
Bahrain,BHR,2009,1.7341772,19465.3140745038,Middle East & North Africa,High income,4,9.87638939526007
Bahrain,BHR,2010,1.7341772,21819.3291098099,Middle East & North Africa,High income,4,9.990551512342877
Bahrain,BHR,2011,1.7341772,25032.7867743333,Middle East & North Africa,High income,4,10.127941715596766
Bahrain,BHR,2012,1.7341772,26438.6733230428,Middle East & North Africa,High income,4,10.182583115817264
Bahrain,BHR,2013,1.7341772,26989.7601148469,Middle East & North Africa,High income,4,10.203212818045428
Bahrain,BHR,2014,1.7341772,26451.7965647453,Middle East & North Africa,High income,4,10.183079358032531
Bahrain,BHR,2015,1.7341772,23734.0551143019,Middle East & North Africa,High income,4,10.07466622038898
Bahrain,BHR,2016,1.886076,23800.001440631,Middle East & North Africa,High income,4,10.077440920190279
Bahrain,BHR,2017,2.0379746,24784.7693514607,Middle East & North Africa,High income,4,10.117984604438433
Bahrain,BHR,2018,2.1898735,26324.4066549559,Middle East & North Africa,High income,4,10.178251797525217
Bahrain,BHR,2019,2.341772,27259.7438599327,Middle East & North Africa,High income,4,10.213166309019025
Bahrain,BHR,2020,2.493671,24342.8444554718,Middle East & North Africa,High income,4,10.099993223126496
Bahrain,BHR,2021,3.101266,27147.8083882286,Middle East & North Africa,High income,4,10.209051599755004
Bahrain,BHR,2022,3.7088609,30470.5219276023,Middle East & North Africa,High income,4,10.324515001061876
Bahrain,BHR,2023,4.316456,29290.1284215098,Middle East & North Africa,High income,4,10.285005824295261
Bahrain,BHR,2024,4.924051,29653.5682731534,Middle East & North Africa,High income,4,10.297337743665537
Bahrain,BHR,2025,5.531646,,Middle East & North Africa,High income,4,
Bangladesh,BGD,1990,15.251671,283.053737055234,South Asia,Lower middle income,2,5.64563676320503
Bangladesh,BGD,1991,15.201752,272.064948495878,South Asia,Lower middle income,2,5.606040819027141
Bangladesh,BGD,1992,15.151833,273.465072520272,South Asia,Lower middle income,2,5.611173908113827
Bangladesh,BGD,1993,15.1019125,280.757274450366,South Asia,Lower middle income,2,5.6374905040588885
Bangladesh,BGD,1994,15.051993,280.603031791216,South Asia,Lower middle income,2,5.636940972282892
Bangladesh,BGD,1995,15.002074,309.458680823367,South Asia,Lower middle income,2,5.7348245802183655
Bangladesh,BGD,1996,14.952155,371.917937677345,South Asia,Lower middle income,2,5.918673232296362
Bangladesh,BGD,1997,14.902236,379.284917709635,South Asia,Lower middle income,2,5.938287684417935
Bangladesh,BGD,1998,14.852316,385.616881752796,South Asia,Lower middle income,2,5.954844342257296
Bangladesh,BGD,1999,14.802397,388.095684268235,South Asia,Lower middle income,2,5.9612519181590375
Bangladesh,BGD,2000,14.752478,396.670730249751,South Asia,Lower middle income,2,5.983106541712096
Bangladesh,BGD,2001,14.727825,394.65641001891,South Asia,Lower middle income,2,5.978015538310382
Bangladesh,BGD,2002,14.703173,393.886422327628,South Asia,Lower middle income,2,5.976062599536679
Bangladesh,BGD,2003,14.67852,426.74880754362,South Asia,Lower middle income,2,6.056195567396762
Bangladesh,BGD,2004,14.653868,455.614016909798,South Asia,Lower middle income,2,6.12164599692461
Bangladesh,BGD,2005,14.629215,480.08585075452,South Asia,Lower middle income,2,6.173964943647739
Bangladesh,BGD,2006,14.604564,490.388026533289,South Asia,Lower middle income,2,6.19519696860878
Bangladesh,BGD,2007,14.579911,537.955492792911,South Asia,Lower middle income,2,6.287775829588981
Bangladesh,BGD,2008,14.555259,613.06204104124,South Asia,Lower middle income,2,6.41846613969135
Bangladesh,BGD,2009,14.530606,679.211477428056,South Asia,Lower middle income,2,6.520932533305562
Bangladesh,BGD,2010,14.505954,757.385280361508,South Asia,Lower middle income,2,6.629872080847246
Bangladesh,BGD,2011,14.4983635,837.336944695647,South Asia,Lower middle income,2,6.730226551843378
Bangladesh,BGD,2012,14.490773,859.680536375497,South Asia,Lower middle income,2,6.756560850904913
Bangladesh,BGD,2013,14.483184,958.262989798283,South Asia,Lower middle income,2,6.865122259919668
Bangladesh,BGD,2014,14.475594,1094.46199702838,South Asia,Lower middle income,2,6.998018194595261
Bangladesh,BGD,2015,14.468003,1224.38647668165,South Asia,Lower middle income,2,7.110195162156987
Bangladesh,BGD,2016,14.460413,1649.28380858601,South Asia,Lower middle income,2,7.408096417262894
Bangladesh,BGD,2017,14.452824,1811.08221668646,South Asia,Lower middle income,2,7.501679855354567
Bangladesh,BGD,2018,14.445233,1965.24372731467,South Asia,Lower middle income,2,7.583371550868579
Bangladesh,BGD,2019,14.437643,2129.79896954606,South Asia,Lower middle income,2,7.663782873754545
Bangladesh,BGD,2020,14.430053,2248.85078828233,South Asia,Lower middle income,2,7.718174603952346
Bangladesh,BGD,2021,14.422462,2482.84917843357,South Asia,Lower middle income,2,7.817162041993389
Bangladesh,BGD,2022,14.414873,2716.48592780431,South Asia,Lower middle income,2,7.9070943857110185
Bangladesh,BGD,2023,14.407283,2551.01773827307,South Asia,Lower middle income,2,7.844247671576308
Bangladesh,BGD,2024,14.399693,2593.41611680774,South Asia,Lower middle income,2,7.860731249643071
Bangladesh,BGD,2025,14.392102,,South Asia,Lower middle income,2,
Barbados,BRB,1990,14.651163,7781.40573306125,Latin America & Caribbean,High income,4,8.959492286334232
Barbados,BRB,1991,14.651163,7790.26229439159,Latin America & Caribbean,High income,4,8.960629808951555
Barbados,BRB,1992,14.651163,7519.20143544898,Latin America & Caribbean,High income,4,8.925215219210555
Barbados,BRB,1993,14.651163,7904.70762426389,Latin America & Caribbean,High income,4,8.97521376278169
Barbados,BRB,1994,14.651163,8223.16681181719,Latin America & Caribbean,High income,4,9.014710670769903
Barbados,BRB,1995,14.651163,8460.47380869104,Latin America & Caribbean,High income,4,9.043160456787447
Barbados,BRB,1996,14.651163,9011.77884838722,Latin America & Caribbean,High income,4,9.106287761569188
Barbados,BRB,1997,14.651163,9521.57127377123,Latin America & Caribbean,High income,4,9.161315163932082
Barbados,BRB,1998,14.651163,10734.3637242884,Latin America & Caribbean,High income,4,9.28120543741407
Barbados,BRB,1999,14.651163,11244.3087668392,Latin America & Caribbean,High income,4,9.327617392236297
Barbados,BRB,2000,14.651163,11674.6736471764,Latin America & Caribbean,High income,4,9.365177129013759
Barbados,BRB,2001,14.651163,11639.5160522054,Latin America & Caribbean,High income,4,9.362161144150098
Barbados,BRB,2002,14.651163,11760.4524736133,Latin America & Caribbean,High income,4,9.372497696359838
Barbados,BRB,2003,14.651163,12075.9587020649,Latin America & Caribbean,High income,4,9.39897187098525
Barbados,BRB,2004,14.651163,12886.3665272467,Latin America & Caribbean,High income,4,9.463925173128207
Barbados,BRB,2005,14.651163,14214.4202213572,Latin America & Caribbean,High income,4,9.562012236855647
Barbados,BRB,2006,14.651163,15619.6005955511,Latin America & Caribbean,High income,4,9.656281852999607
Barbados,BRB,2007,14.651163,17235.4396434785,Latin America & Caribbean,High income,4,9.754722987385618
Barbados,BRB,2008,14.651163,17565.6929970592,Latin America & Caribbean,High income,4,9.773703017212826
Barbados,BRB,2009,14.651163,16294.9099491834,Latin America & Caribbean,High income,4,9.698608064971237
Barbados,BRB,2010,14.651163,20610.5150721363,Latin America & Caribbean,High income,4,9.933556664942255
Barbados,BRB,2011,14.651163,20508.1498810382,Latin America & Caribbean,High income,4,9.928577641294975
Barbados,BRB,2012,14.651163,20804.1150004694,Latin America & Caribbean,High income,4,9.942906082683367
Barbados,BRB,2013,14.651163,20410.2065438568,Latin America & Caribbean,High income,4,9.923790375490894
Barbados,BRB,2014,14.651163,20192.7084081797,Latin America & Caribbean,High income,4,9.913076848331889
Barbados,BRB,2015,14.651163,20424.2087530019,Latin America & Caribbean,High income,4,9.92447617983471
Barbados,BRB,2016,14.651163,20295.5672072046,Latin America & Caribbean,High income,4,9.918157777007837
Barbados,BRB,2017,14.651163,20284.5762052461,Latin America & Caribbean,High income,4,9.917616083395986
Barbados,BRB,2018,14.651163,21381.2426303209,Latin America & Caribbean,High income,4,9.97026930404633
Barbados,BRB,2019,14.651163,21912.1501242857,Latin America & Caribbean,High income,4,9.994796562155557
Barbados,BRB,2020,14.651163,19194.4919736739,Latin America & Caribbean,High income,4,9.862378640487824
Barbados,BRB,2021,14.651163,21079.6145271791,Latin America & Caribbean,High income,4,9.956061716301155
Barbados,BRB,2022,14.651163,24387.0387293761,Latin America & Caribbean,High income,4,10.10180707052906
Barbados,BRB,2023,14.651163,25583.878782727,Latin America & Caribbean,High income,4,10.149717697051528
Barbados,BRB,2024,14.651163,26544.8707282621,Latin America & Caribbean,High income,4,10.186591815096783
Barbados,BRB,2025,14.651163,,Latin America & Caribbean,High income,4,
Belarus,BLR,1990,38.32701,1706.64091882343,Europe & Central Asia,Upper middle income,3,7.442282342624743
Belarus,BLR,1991,38.56988,1805.45592531527,Europe & Central Asia,Upper middle income,3,7.498568429073813
Belarus,BLR,1992,38.812748,1658.08641281239,Europe & Central Asia,Upper middle income,3,7.413419453041806
Belarus,BLR,1993,39.05562,1589.51011343649,Europe & Central Asia,Upper middle income,3,7.37118114298333
Belarus,BLR,1994,39.29849,1460.00791360458,Europe & Central Asia,Upper middle income,3,7.286197134964802
Belarus,BLR,1995,39.541355,1370.69991385664,Europe & Central Asia,Upper middle income,3,7.22307677439108
Belarus,BLR,1996,39.784225,1427.26896385327,Europe & Central Asia,Upper middle income,3,7.26351808174385
Belarus,BLR,1997,40.027096,1396.44201900881,Europe & Central Asia,Upper middle income,3,7.241682865732619
Belarus,BLR,1998,40.269962,1511.32531567314,Europe & Central Asia,Upper middle income,3,7.3207422373609035
Belarus,BLR,1999,40.512833,1210.6117195862,Europe & Central Asia,Upper middle income,3,7.098881064218757
Belarus,BLR,2000,40.755703,1276.2880341,Europe & Central Asia,Upper middle income,3,7.15171117048438
Belarus,BLR,2001,40.931572,1244.37318523431,Europe & Central Asia,Upper middle income,3,7.126387216442157
Belarus,BLR,2002,41.107445,1479.38066337175,Europe & Central Asia,Upper middle income,3,7.2993788084801015
Belarus,BLR,2003,41.283314,1819.52653114699,Europe & Central Asia,Upper middle income,3,7.506331598505119
Belarus,BLR,2004,41.459187,2378.33700470129,Europe & Central Asia,Upper middle income,3,7.774156784914218
Belarus,BLR,2005,41.635056,3126.07176665248,Europe & Central Asia,Upper middle income,3,8.047532468700132
Belarus,BLR,2006,41.81093,3848.22350300163,Europe & Central Asia,Upper middle income,3,8.255366892999483
Belarus,BLR,2007,41.986797,4735.48107556066,Europe & Central Asia,Upper middle income,3,8.462838600366473
Belarus,BLR,2008,42.162666,6376.17569162063,Europe & Central Asia,Upper middle income,3,8.760323775237941
Belarus,BLR,2009,42.33854,5352.48809190697,Europe & Central Asia,Upper middle income,3,8.585316795689195
Belarus,BLR,2010,42.51441,6034.67885177216,Europe & Central Asia,Upper middle income,3,8.705277917827742
Belarus,BLR,2011,42.517857,6527.6593428786,Europe & Central Asia,Upper middle income,3,8.783803711286998
Belarus,BLR,2012,42.521305,6953.21591683101,Europe & Central Asia,Upper middle income,3,8.846959553382286
Belarus,BLR,2013,42.524754,7998.0802045456,Europe & Central Asia,Upper middle income,3,8.986956817431702
Belarus,BLR,2014,42.528202,8341.31809294883,Europe & Central Asia,Upper middle income,3,9.028976527583128
Belarus,BLR,2015,42.53165,5967.05595058777,Europe & Central Asia,Upper middle income,3,8.694008944147766
Belarus,BLR,2016,42.738113,5039.77560949445,Europe & Central Asia,Upper middle income,3,8.525116838148579
Belarus,BLR,2017,42.94458,5785.54491935194,Europe & Central Asia,Upper middle income,3,8.66311783041242
Belarus,BLR,2018,43.151043,6360.037502312,Europe & Central Asia,Upper middle income,3,8.75778955290672
Belarus,BLR,2019,43.357506,6837.77339645635,Europe & Central Asia,Upper middle income,3,8.830217430787368
Belarus,BLR,2020,43.56397,6542.85579976768,Europe & Central Asia,Upper middle income,3,8.78612901577126
Belarus,BLR,2021,43.69437,7489.71894713888,Europe & Central Asia,Upper middle income,3,8.921286552060753
Belarus,BLR,2022,43.824768,7994.64806074889,Europe & Central Asia,Upper middle income,3,8.986527604380312
Belarus,BLR,2023,43.95517,7896.75388295584,Europe & Central Asia,Upper middle income,3,8.974207053120542
Belarus,BLR,2024,44.08557,8317.63399913792,Europe & Central Asia,Upper middle income,3,9.026133118269371
Belarus,BLR,2025,44.215973,,Europe & Central Asia,Upper middle income,3,
Belgium,BEL,1990,22.214207,20600.3752789827,Europe & Central Asia,High income,4,9.933064572038083
Belgium,BEL,1991,22.181086,21041.6606519648,Europe & Central Asia,High income,4,9.954259592062293
Belgium,BEL,1992,22.147964,23372.619171015,Europe & Central Asia,High income,4,10.059320495323036
Belgium,BEL,1993,22.114841,22283.9360213551,Europe & Central Asia,High income,4,10.011621340079104
Belgium,BEL,1994,22.08172,24208.5547931447,Europe & Central Asia,High income,4,10.094461353525968
Belgium,BEL,1995,22.0486,28413.8264387368,Europe & Central Asia,High income,4,10.254631152112417
Belgium,BEL,1996,22.015478,27489.5551770488,Europe & Central Asia,High income,4,10.221561399764234
Belgium,BEL,1997,21.982357,24820.9380503896,Europe & Central Asia,High income,4,10.119442852177762
Belgium,BEL,1998,21.949236,25338.4432934904,Europe & Central Asia,High income,4,10.14007801921341
Belgium,BEL,1999,21.916115,25252.8019066564,Europe & Central Asia,High income,4,10.136692395147422
Belgium,BEL,2000,21.882994,23098.8865077401,Europe & Central Asia,High income,4,10.047539692219942
Belgium,BEL,2001,21.957008,23015.0712632462,Europe & Central Asia,High income,4,10.043904552629177
Belgium,BEL,2002,22.031023,25006.191397109,Europe & Central Asia,High income,4,10.126878729073042
Belgium,BEL,2003,22.105038,30655.2092679024,Europe & Central Asia,High income,4,10.330557886723884
Belgium,BEL,2004,22.179052,35429.4077933344,Europe & Central Asia,High income,4,10.475297482883086
Belgium,BEL,2005,22.253067,36809.7013403619,Europe & Central Asia,High income,4,10.513516712793885
Belgium,BEL,2006,22.327082,38705.1067959147,Europe & Central Asia,High income,4,10.563726828862876
Belgium,BEL,2007,22.401094,44319.165448813,Europe & Central Asia,High income,4,10.699172491117816
Belgium,BEL,2008,22.47511,48303.397956286,Europe & Central Asia,High income,4,10.785257188227966
Belgium,BEL,2009,22.549124,44923.3400135081,Europe & Central Asia,High income,4,10.712712760796755
Belgium,BEL,2010,22.623138,44197.393671162,Europe & Central Asia,High income,4,10.696421099611392
Belgium,BEL,2011,22.6194,47760.8298776546,Europe & Central Asia,High income,4,10.773961123913315
Belgium,BEL,2012,22.615662,44874.1709182123,Europe & Central Asia,High income,4,10.711617650259736
Belgium,BEL,2013,22.611923,46964.5946777056,Europe & Central Asia,High income,4,10.757149292085947
Belgium,BEL,2014,22.608185,47995.7786961339,Europe & Central Asia,High income,4,10.7788683421922
Belgium,BEL,2015,22.604446,40893.804537772,Europe & Central Asia,High income,4,10.618733852262814
Belgium,BEL,2016,22.481276,41854.5498296444,Europe & Central Asia,High income,4,10.641955787562523
Belgium,BEL,2017,22.358103,44035.3239358548,Europe & Central Asia,High income,4,10.692747407539397
Belgium,BEL,2018,22.234932,47487.2100392561,Europe & Central Asia,High income,4,10.76821569143367
Belgium,BEL,2019,22.11176,46716.6227467964,Europe & Central Asia,High income,4,10.75185532779159
Belgium,BEL,2020,21.988588,45906.2875805246,Europe & Central Asia,High income,4,10.734357370992296
Belgium,BEL,2021,21.988588,51658.238294958,Europe & Central Asia,High income,4,10.852404964151159
Belgium,BEL,2022,21.988588,50605.7496677086,Europe & Central Asia,High income,4,10.831820478616793
Belgium,BEL,2023,21.988588,55291.4754541329,Europe & Central Asia,High income,4,10.920374024708114
Belgium,BEL,2024,21.988588,56614.5679499036,Europe & Central Asia,High income,4,10.94402161534754
Belgium,BEL,2025,21.988588,,Europe & Central Asia,High income,4,
Belize,BLZ,1990,69.260414,2986.46962075029,Latin America & Caribbean,Upper middle income,3,8.001847239929193
Belize,BLZ,1991,68.927666,3190.13098802395,Latin America & Caribbean,Upper middle income,3,8.06781725701234
Belize,BLZ,1992,68.59492,3642.9480634402,Latin America & Caribbean,Upper middle income,3,8.200548540371171
Belize,BLZ,1993,68.26217,3859.6584437307,Latin America & Caribbean,Upper middle income,3,8.258333972463623
Belize,BLZ,1994,67.92942,3876.69327011457,Latin America & Caribbean,Upper middle income,3,8.26273781927537
Belize,BLZ,1995,67.596664,4009.82752539849,Latin America & Caribbean,Upper middle income,3,8.29650350825304
Belize,BLZ,1996,67.263916,4043.26517997242,Latin America & Caribbean,Upper middle income,3,8.30480785739151
Belize,BLZ,1997,66.93117,4014.40380600241,Latin America & Caribbean,Upper middle income,3,8.297644123699197
Belize,BLZ,1998,66.59842,4125.92539958166,Latin America & Caribbean,Upper middle income,3,8.32504561290101
Belize,BLZ,1999,66.26567,4289.5277590653,Latin America & Caribbean,Upper middle income,3,8.363931926390915
Belize,BLZ,2000,65.93292,4726.50675459616,Latin America & Caribbean,Upper middle income,3,8.4609416789549
Belize,BLZ,2001,65.600174,4718.77715104739,Latin America & Caribbean,Upper middle income,3,8.45930496684513
Belize,BLZ,2002,65.267426,4858.86062599362,Latin America & Caribbean,Upper middle income,3,8.488559250313436
Belize,BLZ,2003,64.93468,4959.74012434605,Latin America & Caribbean,Upper middle income,3,8.509108624061273
Belize,BLZ,2004,64.60193,5153.71308265363,Latin America & Caribbean,Upper middle income,3,8.547472720794605
Belize,BLZ,2005,64.26918,5270.41479135312,Latin America & Caribbean,Upper middle income,3,8.569864346474738
Belize,BLZ,2006,63.93643,5524.78167834986,Latin America & Caribbean,Upper middle income,3,8.616999010374412
Belize,BLZ,2007,63.603683,5762.21023302938,Latin America & Caribbean,Upper middle income,3,8.659076401099902
Belize,BLZ,2008,63.270935,5711.81458859709,Latin America & Caribbean,Upper middle income,3,8.650292043513083
Belize,BLZ,2009,62.938187,5399.67100001919,Latin America & Caribbean,Upper middle income,3,8.594093304773935
Belize,BLZ,2010,62.605434,5461.40735999001,Latin America & Caribbean,Upper middle income,3,8.605461793764931
Belize,BLZ,2011,62.27523,5596.05222152289,Latin America & Caribbean,Upper middle income,3,8.629816667679444
Belize,BLZ,2012,61.945023,5732.66519942347,Latin America & Caribbean,Upper middle income,3,8.653935832358428
Belize,BLZ,2013,61.61482,5957.34953619006,Latin America & Caribbean,Upper middle income,3,8.692380952454215
Belize,BLZ,2014,61.28461,6128.12053089077,Latin America & Caribbean,Upper middle income,3,8.72064338010604
Belize,BLZ,2015,60.954407,6154.62264230369,Latin America & Caribbean,Upper middle income,3,8.724958727608884
Belize,BLZ,2016,60.6242,6140.86713919469,Latin America & Caribbean,Upper middle income,3,8.72272123905134
Belize,BLZ,2017,60.293995,6071.85451846453,Latin America & Caribbean,Upper middle income,3,8.711419359378771
Belize,BLZ,2018,59.963787,6011.99036888587,Latin America & Caribbean,Upper middle income,3,8.701511148889857
Belize,BLZ,2019,59.633583,6171.61449761423,Latin America & Caribbean,Upper middle income,3,8.727715751651314
Belize,BLZ,2020,59.303375,5238.54078175696,Latin America & Caribbean,Upper middle income,3,8.563798261769294
Belize,BLZ,2021,58.97317,6142.98930557031,Latin America & Caribbean,Upper middle income,3,8.723066760249228
Belize,BLZ,2022,58.642963,7068.21728043145,Latin America & Caribbean,Upper middle income,3,8.863363574397674
Belize,BLZ,2023,58.31276,7424.75821321022,Latin America & Caribbean,Upper middle income,3,8.912575399263273
Belize,BLZ,2024,57.98255,7681.24400583113,Latin America & Caribbean,Upper middle income,3,8.946536792950315
Belize,BLZ,2025,57.652344,,Latin America & Caribbean,Upper middle income,3,
Benin,BEN,1990,61.902447,371.101604332357,Sub-Saharan Africa,Lower middle income,2,5.916475891237905
Benin,BEN,1991,60.74437,364.689296016645,Sub-Saharan Africa,Lower middle income,2,5.899045747278743
Benin,BEN,1992,59.58629,301.77329696287,Sub-Saharan Africa,Lower middle income,2,5.709676063170952
Benin,BEN,1993,58.42821,387.310054813122,Sub-Saharan Africa,Lower middle income,2,5.959225547487931
Benin,BEN,1994,57.27013,262.129807445074,Sub-Saharan Africa,Lower middle income,2,5.568839829330771
Benin,BEN,1995,56.112053,348.435238914394,Sub-Saharan Africa,Lower middle income,2,5.853452384853188
Benin,BEN,1996,54.95397,369.394384135736,Sub-Saharan Africa,Lower middle income,2,5.911864864985084
Benin,BEN,1997,53.795895,344.550491498963,Sub-Saharan Africa,Lower middle income,2,5.842240644297521
Benin,BEN,1998,52.637814,361.601983057505,Sub-Saharan Africa,Lower middle income,2,5.89054411262219
Benin,BEN,1999,51.479736,525.130597245974,Sub-Saharan Africa,Lower middle income,2,6.263646988315814
Benin,BEN,2000,50.321655,487.424141384242,Sub-Saharan Africa,Lower middle income,2,6.189134670912872
Benin,BEN,2001,49.071167,492.401499509072,Sub-Saharan Africa,Lower middle income,2,6.199294439612469
Benin,BEN,2002,47.820683,546.463829658159,Sub-Saharan Africa,Lower middle income,2,6.303468119988288
Benin,BEN,2003,46.570194,676.002878084282,Sub-Saharan Africa,Lower middle income,2,6.516197333555028
Benin,BEN,2004,45.319706,758.695803786371,Sub-Saharan Africa,Lower middle income,2,6.631600911534442
Benin,BEN,2005,44.069218,779.437777753268,Sub-Saharan Africa,Lower middle income,2,6.65857286203182
Benin,BEN,2006,42.81873,809.147072506221,Sub-Saharan Africa,Lower middle income,2,6.695980695969847
Benin,BEN,2007,41.56824,912.338247188342,Sub-Saharan Africa,Lower middle income,2,6.816010806388399
Benin,BEN,2008,40.317753,1060.60254502099,Sub-Saharan Africa,Lower middle income,2,6.966592464305082
Benin,BEN,2009,39.06727,1024.10277858112,Sub-Saharan Africa,Lower middle income,2,6.931572170270876
Benin,BEN,2010,37.81678,973.244254931526,Sub-Saharan Africa,Lower middle income,2,6.880635083500141
Benin,BEN,2011,36.473877,1059.41358852588,Sub-Saharan Africa,Lower middle income,2,6.965470815652557
Benin,BEN,2012,35.13097,1071.5258366283,Sub-Saharan Africa,Lower middle income,2,6.976838927201836
Benin,BEN,2013,33.788067,1168.92699279226,Sub-Saharan Africa,Lower middle income,2,7.0638415068205855
Benin,BEN,2014,32.445156,1204.39918670094,Sub-Saharan Africa,Lower middle income,2,7.0937361213341354
Benin,BEN,2015,31.102253,1002.41886879614,Sub-Saharan Africa,Lower middle income,2,6.91017122702415
Benin,BEN,2016,30.770735,1010.5338961993,Sub-Saharan Africa,Lower middle income,2,6.918234080268521
Benin,BEN,2017,30.439217,1054.97408066814,Sub-Saharan Africa,Lower middle income,2,6.961271477521295
Benin,BEN,2018,30.107698,1151.7409703472,Sub-Saharan Africa,Lower middle income,2,7.04902996384364
Benin,BEN,2019,29.77618,1130.82135339795,Sub-Saharan Africa,Lower middle income,2,7.03069950908468
Benin,BEN,2020,29.444662,1200.19426557789,Sub-Saharan Africa,Lower middle income,2,7.090238710655221
Benin,BEN,2021,29.113142,1318.65158075198,Sub-Saharan Africa,Lower middle income,2,7.184364963729967
Benin,BEN,2022,28.781624,1266.42711031904,Sub-Saharan Africa,Lower middle income,2,7.143954915727939
Benin,BEN,2023,28.450106,1394.17784721831,Sub-Saharan Africa,Lower middle income,2,7.240060163683709
Benin,BEN,2024,28.118587,1485.38018885134,Sub-Saharan Africa,Lower middle income,2,7.303426037897931
Benin,BEN,2025,27.78707,,Sub-Saharan Africa,Lower middle income,2,
Bermuda,BMU,1990,14.444445,27665.525808301,North America,High income,4,10.227942361415863
Bermuda,BMU,1991,14.444445,28195.7091611479,North America,High income,4,10.246925087942989
Bermuda,BMU,1992,14.444445,28761.9634632835,North America,High income,4,10.266809080133422
Bermuda,BMU,1993,14.444445,30950.0799102285,North America,High income,4,10.340130860023093
Bermuda,BMU,1994,14.444445,31543.0634861641,North America,High income,4,10.359108985989295
Bermuda,BMU,1995,14.444445,34115.3445553204,North America,High income,4,10.437502549017381
Bermuda,BMU,1996,14.444445,45063.6149332085,North America,High income,4,10.71583043565096
Bermuda,BMU,1997,14.444445,48736.6768034299,North America,High income,4,10.794187142733843
Bermuda,BMU,1998,14.444445,51629.2814855126,North America,High income,4,10.85184426116854
Bermuda,BMU,1999,14.444445,54388.3417315621,North America,High income,4,10.903905103472027
Bermuda,BMU,2000,14.444445,56542.9569455727,North America,High income,4,10.942755928174602
Bermuda,BMU,2001,14.444445,59490.2452034202,North America,High income,4,10.993567631932075
Bermuda,BMU,2002,14.444445,63358.5658652763,North America,High income,4,11.05656539153006
Bermuda,BMU,2003,14.444445,67106.8028083224,North America,High income,4,11.114040700955313
Bermuda,BMU,2004,14.444445,71692.1589001679,North America,High income,4,11.180136660777196
Bermuda,BMU,2005,14.444445,77628.103522508,North America,High income,4,11.25968479940285
Bermuda,BMU,2006,14.444445,97781.4558996721,North America,High income,4,11.4904902255664
Bermuda,BMU,2007,14.444445,107395.651483891,North America,High income,4,11.584274971260394
Bermuda,BMU,2008,14.444445,110268.562401264,North America,High income,4,11.610674145588426
Bermuda,BMU,2009,14.444445,104711.712420357,North America,High income,4,11.558966257081094
Bermuda,BMU,2010,14.444445,104111.824244802,North America,High income,4,11.553220833597505
Bermuda,BMU,2011,14.444445,99049.0169927667,North America,High income,4,11.503370127723757
Bermuda,BMU,2012,14.444445,100213.493385287,North America,High income,4,11.51505812309027
Bermuda,BMU,2013,14.444445,101704.40746217,North America,High income,4,11.529825918975371
Bermuda,BMU,2014,14.444445,100961.576602811,North America,High income,4,11.52249529376653
Bermuda,BMU,2015,14.444445,104855.366822135,North America,High income,4,11.560337220734333
Bermuda,BMU,2016,14.444445,108747.356144305,North America,High income,4,11.59678263733867
Bermuda,BMU,2017,14.444445,112339.425587467,North America,High income,4,11.629280152912118
Bermuda,BMU,2018,14.444445,113204.82210838,North America,High income,4,11.63695404197451
Bermuda,BMU,2019,14.444445,115798.040775578,North America,High income,4,11.659602924941444
Bermuda,BMU,2020,14.444445,106976.546239632,North America,High income,4,11.580364895395391
Bermuda,BMU,2021,14.444445,112765.08167306,North America,High income,4,11.633062010486627
Bermuda,BMU,2022,14.444445,121613.939983629,North America,High income,4,11.708606879967032
Bermuda,BMU,2023,14.444445,132604.439086216,North America,High income,4,11.795125833445162
Bermuda,BMU,2024,14.444445,142855.374713782,North America,High income,4,11.869588031828838
Bermuda,BMU,2025,14.444445,,North America,High income,4,
Bhutan,BTN,1990,65.724174,488.327431477129,South Asia,Lower middle income,2,6.190986146997662
Bhutan,BTN,1991,65.98448,400.634705187075,South Asia,Lower middle income,2,5.993050052497455
Bhutan,BTN,1992,66.24478,415.791522568451,South Asia,Lower middle income,2,6.030183986972806
Bhutan,BTN,1993,66.50509,407.39984249657,South Asia,Lower middle income,2,6.009795117186274
Bhutan,BTN,1994,66.76539,467.008312125283,South Asia,Lower middle income,2,6.146347056493973
Bhutan,BTN,1995,67.025696,530.103676927417,South Asia,Lower middle income,2,6.273072604259871
Bhutan,BTN,1996,67.285995,552.873891403681,South Asia,Lower middle income,2,6.315129931038266
Bhutan,BTN,1997,67.5463,630.447410148304,South Asia,Lower middle income,2,6.446429742169334
Bhutan,BTN,1998,67.80661,638.278962310609,South Asia,Lower middle income,2,6.458775432782004
Bhutan,BTN,1999,68.06691,685.419830628567,South Asia,Lower middle income,2,6.530031541949545
Bhutan,BTN,2000,68.32722,771.924911410619,South Asia,Lower middle income,2,6.648887280282077
Bhutan,BTN,2001,68.58755,812.238210772056,South Asia,Lower middle income,2,6.699793660158934
Bhutan,BTN,2002,68.84788,895.799489930972,South Asia,Lower middle income,2,6.797716604372471
Bhutan,BTN,2003,69.10821,1022.38240311018,South Asia,Lower middle income,2,6.929890872119696
Bhutan,BTN,2004,69.36854,1130.35934606796,South Asia,Lower middle income,2,7.030290866523272
Bhutan,BTN,2005,69.62887,1299.94938578359,South Asia,Lower middle income,2,7.170080608679057
Bhutan,BTN,2006,69.8892,1405.6071618158,South Asia,Lower middle income,2,7.248224632061814
Bhutan,BTN,2007,70.14953,1850.41570433398,South Asia,Lower middle income,2,7.5231655978753675
Bhutan,BTN,2008,70.40986,1919.59774896395,South Asia,Lower middle income,2,7.559870937324489
Bhutan,BTN,2009,70.67019,1918.39599211093,South Asia,Lower middle income,2,7.559244695087857
Bhutan,BTN,2010,70.93052,2435.5798056672,South Asia,Lower middle income,2,7.797940120382588
Bhutan,BTN,2011,70.98238,2787.97967608562,South Asia,Lower middle income,2,7.933072482071068
Bhutan,BTN,2012,71.03424,2751.2128864294,South Asia,Lower middle income,2,7.919797143037517
Bhutan,BTN,2013,71.086105,2679.95217201538,South Asia,Lower middle income,2,7.893554227082738
Bhutan,BTN,2014,71.13796,2849.49998647303,South Asia,Lower middle income,2,7.954898814527916
Bhutan,BTN,2015,71.18983,2954.04081911097,South Asia,Lower middle income,2,7.990929281246013
Bhutan,BTN,2016,71.20021,3152.30905106786,South Asia,Lower middle income,2,8.055890495367917
Bhutan,BTN,2017,71.210594,3435.28804735662,South Asia,Lower middle income,2,8.141856057721942
Bhutan,BTN,2018,71.22098,3400.20417245342,South Asia,Lower middle income,2,8.131590759522874
Bhutan,BTN,2019,71.23136,3576.87987100503,South Asia,Lower middle income,2,8.182246154967096
Bhutan,BTN,2020,71.24174,3191.66906999331,South Asia,Lower middle income,2,8.068299278380968
Bhutan,BTN,2021,71.019295,3570.61257980872,South Asia,Lower middle income,2,8.180492451036471
Bhutan,BTN,2022,70.79685,3711.32767981591,South Asia,Lower middle income,2,8.2191449567625
Bhutan,BTN,2023,70.57441,3831.32535494609,South Asia,Lower middle income,2,8.250966067992525
Bhutan,BTN,2024,70.35197,,South Asia,Lower middle income,2,
Bhutan,BTN,2025,70.129524,,South Asia,Lower middle income,2,
Bolivia,BOL,1990,57.02413,682.67681029538,Latin America & Caribbean,Lower middle income,2,6.5260215562120205
Bolivia,BOL,1991,56.775974,733.935487602519,Latin America & Caribbean,Lower middle income,2,6.598421133202125
Bolivia,BOL,1992,56.527817,759.57113496365,Latin America & Caribbean,Lower middle income,2,6.63275397790495
Bolivia,BOL,1993,56.27966,756.637016048451,Latin America & Caribbean,Lower middle income,2,6.628883635200502
Bolivia,BOL,1994,56.031506,774.035669644318,Latin America & Caribbean,Lower middle income,2,6.651617957339635
Bolivia,BOL,1995,55.78335,852.754034861444,Latin America & Caribbean,Lower middle income,2,6.748471152875299
Bolivia,BOL,1996,55.535194,922.113259069714,Latin America & Caribbean,Lower middle income,2,6.826668056651903
Bolivia,BOL,1997,55.287037,970.351843368594,Latin America & Caribbean,Lower middle income,2,6.877658730850837
Bolivia,BOL,1998,55.038883,1022.14506519545,Latin America & Caribbean,Lower middle income,2,6.929658703152073
Bolivia,BOL,1999,54.79073,979.344494964572,Latin America & Caribbean,Lower middle income,2,6.886883465173576
Bolivia,BOL,2000,54.542572,975.777060358751,Latin America & Caribbean,Lower middle income,2,6.8832341385572935
Bolivia,BOL,2001,54.39615,930.168227214313,Latin America & Caribbean,Lower middle income,2,6.835365459266528
Bolivia,BOL,2002,54.24972,888.221328974352,Latin America & Caribbean,Lower middle income,2,6.789220956276446
Bolivia,BOL,2003,54.1033,893.013760211149,Latin America & Caribbean,Lower middle income,2,6.794601989728833
Bolivia,BOL,2004,53.95687,953.191893246277,Latin America & Caribbean,Lower middle income,2,6.859816240411121
Bolivia,BOL,2005,53.810448,1020.12326200737,Latin America & Caribbean,Lower middle income,2,6.9276787440824
Bolivia,BOL,2006,53.664024,1202.71150446327,Latin America & Caribbean,Lower middle income,2,7.0923338738011035
Bolivia,BOL,2007,53.5176,1354.54905949929,Latin America & Caribbean,Lower middle income,2,7.211223880506953
Bolivia,BOL,2008,53.371174,1692.67248455876,Latin America & Caribbean,Lower middle income,2,7.43406391070685
Bolivia,BOL,2009,53.22475,1731.18172112209,Latin America & Caribbean,Lower middle income,2,7.4565595300948555
Bolivia,BOL,2010,53.078327,1929.78373077158,Latin America & Caribbean,Lower middle income,2,7.565163219025085
Bolivia,BOL,2011,52.928307,2315.52121930607,Latin America & Caribbean,Lower middle income,2,7.747390089906487
Bolivia,BOL,2012,52.77829,2575.59857098084,Latin America & Caribbean,Lower middle income,2,7.853837240834258
Bolivia,BOL,2013,52.628273,2870.02377000756,Latin America & Caribbean,Lower middle income,2,7.962075590951969
Bolivia,BOL,2014,52.478252,3041.43503162408,Latin America & Caribbean,Lower middle income,2,8.020084732896116
Bolivia,BOL,2015,52.32824,2996.01289811344,Latin America & Caribbean,Lower middle income,2,8.005037649739139
Bolivia,BOL,2016,52.12181,3035.87347732132,Latin America & Caribbean,Lower middle income,2,8.018254463510543
Bolivia,BOL,2017,51.915386,4048.40119739839,Latin America & Caribbean,Lower middle income,2,8.306077316085474
Bolivia,BOL,2018,51.70896,4206.8552936661,Latin America & Caribbean,Lower middle income,2,8.344470686437525
Bolivia,BOL,2019,51.502533,4203.15492855788,Latin America & Caribbean,Lower middle income,2,8.34359069574804
Bolivia,BOL,2020,51.29611,3580.96761778303,Latin America & Caribbean,Lower middle income,2,8.183388327171462
Bolivia,BOL,2021,51.074783,4010.76053686204,Latin America & Caribbean,Lower middle income,2,8.296736162382766
Bolivia,BOL,2022,50.85346,4219.46113742445,Latin America & Caribbean,Lower middle income,2,8.34746270632322
Bolivia,BOL,2023,50.63213,4274.70820547613,Latin America & Caribbean,Lower middle income,2,8.360471123012337
Bolivia,BOL,2024,50.41081,4421.16609889999,Latin America & Caribbean,Lower middle income,2,8.394158763557042
Bolivia,BOL,2025,50.189484,,Latin America & Caribbean,Lower middle income,2,
Bosnia and Herzegovina,BIH,1990,43.164062,1742.88262171767,Europe & Central Asia,Upper middle income,3,7.463295700577513
Bosnia and Herzegovina,BIH,1991,42.971973,1373.37104472973,Europe & Central Asia,Upper middle income,3,7.225023613053108
Bosnia and Herzegovina,BIH,1992,42.779884,1118.17569934079,Europe & Central Asia,Upper middle income,3,7.019453796412914
Bosnia and Herzegovina,BIH,1993,42.58779,929.872118717018,Europe & Central Asia,Upper middle income,3,6.835047069936486
Bosnia and Herzegovina,BIH,1994,42.395702,337.090896023259,Europe & Central Asia,Upper middle income,3,5.820352615121422
Bosnia and Herzegovina,BIH,1995,42.203613,502.365980975339,Europe & Central Asia,Upper middle income,3,6.219328899834565
Bosnia and Herzegovina,BIH,1996,42.011524,718.933797141505,Europe & Central Asia,Upper middle income,3,6.57776927718344
Bosnia and Herzegovina,BIH,1997,41.819435,913.813399054859,Europe & Central Asia,Upper middle income,3,6.817626392027644
Bosnia and Herzegovina,BIH,1998,41.627342,1006.70479669823,Europe & Central Asia,Upper middle income,3,6.9144376984982685
Bosnia and Herzegovina,BIH,1999,41.435253,1134.60298042083,Europe & Central Asia,Upper middle income,3,7.034038071736214
Bosnia and Herzegovina,BIH,2000,41.243164,1338.48059636261,Europe & Central Asia,Upper middle income,3,7.199290366301435
Bosnia and Herzegovina,BIH,2001,41.225605,1387.89362942121,Europe & Central Asia,Upper middle income,3,7.235542502266391
Bosnia and Herzegovina,BIH,2002,41.208046,1606.5467454132,Europe & Central Asia,Upper middle income,3,7.381842275806534
Bosnia and Herzegovina,BIH,2003,41.190487,2033.94700935864,Europe & Central Asia,Upper middle income,3,7.617733523839754
Bosnia and Herzegovina,BIH,2004,41.172928,2452.6860917386,Europe & Central Asia,Upper middle income,3,7.804939066945649
Bosnia and Herzegovina,BIH,2005,41.155373,2739.61076866057,Europe & Central Asia,Upper middle income,3,7.915571134057947
Bosnia and Herzegovina,BIH,2006,41.137814,3166.12865344833,Europe & Central Asia,Upper middle income,3,8.060264875575013
Bosnia and Herzegovina,BIH,2007,41.120255,3931.48948737505,Europe & Central Asia,Upper middle income,3,8.276773637480407
Bosnia and Herzegovina,BIH,2008,41.102695,4841.69311934649,Europe & Central Asia,Upper middle income,3,8.485019756585405
Bosnia and Herzegovina,BIH,2009,41.085136,4539.91863774968,Europe & Central Asia,Upper middle income,3,8.420664369674297
Bosnia and Herzegovina,BIH,2010,41.067577,4506.47828548389,Europe & Central Asia,Upper middle income,3,8.41327125949687
Bosnia and Herzegovina,BIH,2011,41.293514,4982.69375768263,Europe & Central Asia,Upper middle income,3,8.513725938974122
Bosnia and Herzegovina,BIH,2012,41.519455,4693.78899115381,Europe & Central Asia,Upper middle income,3,8.453995422514705
Bosnia and Herzegovina,BIH,2013,41.74539,5034.56634817068,Europe & Central Asia,Upper middle income,3,8.52408267396993
Bosnia and Herzegovina,BIH,2014,41.97133,5206.06573475132,Europe & Central Asia,Upper middle income,3,8.557579712203822
Bosnia and Herzegovina,BIH,2015,42.197266,4662.25869219448,Europe & Central Asia,Upper middle income,3,8.44725530758742
Bosnia and Herzegovina,BIH,2016,42.183125,4928.5665903114,Europe & Central Asia,Upper middle income,3,8.502803472287708
Bosnia and Herzegovina,BIH,2017,42.168983,5345.01978766473,Europe & Central Asia,Upper middle income,3,8.58392052554111
Bosnia and Herzegovina,BIH,2018,42.154842,6047.84707207392,Europe & Central Asia,Upper middle income,3,8.707457631837617
Bosnia and Herzegovina,BIH,2019,42.1407,6122.37541352353,Europe & Central Asia,Upper middle income,3,8.719705439664365
Bosnia and Herzegovina,BIH,2020,42.126564,6130.31187968266,Europe & Central Asia,Upper middle income,3,8.721000905235165
Bosnia and Herzegovina,BIH,2021,42.146873,7295.34378682258,Europe & Central Asia,Upper middle income,3,8.89499158621009
Bosnia and Herzegovina,BIH,2022,42.167187,7655.59421024383,Europe & Central Asia,Upper middle income,3,8.943191928886375
Bosnia and Herzegovina,BIH,2023,42.1875,8663.02326458629,Europe & Central Asia,Upper middle income,3,9.066819047398054
Bosnia and Herzegovina,BIH,2024,42.207813,9358.78768951134,Europe & Central Asia,Upper middle income,3,9.1440710407318
Bosnia and Herzegovina,BIH,2025,42.228127,,Europe & Central Asia,Upper middle income,3,
Botswana,BWA,1990,27.752016,2903.15381562611,Sub-Saharan Africa,Upper middle income,3,7.973552947679914
Botswana,BWA,1991,27.752016,2938.59442659608,Sub-Saharan Africa,Upper middle income,3,7.985686659821276
Botswana,BWA,1992,27.752016,3004.61263362306,Sub-Saharan Africa,Upper middle income,3,8.00790393137987
Botswana,BWA,1993,27.752016,2929.43119022452,Sub-Saharan Africa,Upper middle income,3,7.9825635501356835
Botswana,BWA,1994,27.752016,2917.25514197806,Sub-Saharan Africa,Upper middle income,3,7.978398433296047
Botswana,BWA,1995,27.752016,3156.18194514079,Sub-Saharan Africa,Upper middle income,3,8.057118330855618
Botswana,BWA,1996,27.752016,3156.26865681161,Sub-Saharan Africa,Upper middle income,3,8.057145804075224
Botswana,BWA,1997,27.752016,3194.18106145858,Sub-Saharan Africa,Upper middle income,3,8.069086015164052
Botswana,BWA,1998,27.752016,2981.19639702109,Sub-Saharan Africa,Upper middle income,3,8.000079974440155
Botswana,BWA,1999,27.752016,3339.99596033431,Sub-Saharan Africa,Upper middle income,3,8.11372487648927
Botswana,BWA,2000,27.752016,3450.81180622992,Sub-Saharan Africa,Upper middle income,3,8.146364788498854
Botswana,BWA,2001,27.752016,3206.07123689853,Sub-Saharan Africa,Upper middle income,3,8.072801552791178
Botswana,BWA,2002,27.752016,3117.25087183011,Sub-Saharan Africa,Upper middle income,3,8.044706761555895
Botswana,BWA,2003,27.752016,4230.12326909926,Sub-Saharan Africa,Upper middle income,3,8.349986413246745
Botswana,BWA,2004,27.752016,4956.69287735214,Sub-Saharan Africa,Upper middle income,3,8.508494038738245
Botswana,BWA,2005,27.752016,5391.07076619634,Sub-Saharan Africa,Upper middle income,3,8.59249930209457
Botswana,BWA,2006,27.752016,5291.58379144849,Sub-Saharan Africa,Upper middle income,3,8.573872873511588
Botswana,BWA,2007,27.752016,5529.12574632532,Sub-Saharan Africa,Upper middle income,3,8.617784989129651
Botswana,BWA,2008,27.752016,5503.07395314313,Sub-Saharan Africa,Upper middle income,3,8.613062115665286
Botswana,BWA,2009,27.752016,5082.93388332404,Sub-Saharan Africa,Upper middle income,3,8.533643909950156
Botswana,BWA,2010,27.752016,6215.73216077919,Sub-Saharan Africa,Upper middle income,3,8.734838802441404
Botswana,BWA,2011,27.752016,7287.38295334919,Sub-Saharan Africa,Upper middle income,3,8.893899769239773
Botswana,BWA,2012,27.752016,6595.53845015424,Sub-Saharan Africa,Upper middle income,3,8.79414870702776
Botswana,BWA,2013,27.752016,6666.91219583487,Sub-Saharan Africa,Upper middle income,3,8.804912092565065
Botswana,BWA,2014,27.752016,7122.36423421503,Sub-Saharan Africa,Upper middle income,3,8.870995004655118
Botswana,BWA,2015,27.752016,6141.20394726616,Sub-Saharan Africa,Upper middle income,3,8.722776084536143
Botswana,BWA,2016,27.752827,6749.05994339013,Sub-Saharan Africa,Upper middle income,3,8.81715850652203
Botswana,BWA,2017,27.75364,7104.96401088027,Sub-Saharan Africa,Upper middle income,3,8.868548975195399
Botswana,BWA,2018,27.754452,7407.95940141786,Sub-Saharan Africa,Upper middle income,3,8.910310295940839
Botswana,BWA,2019,27.755262,7172.08956480028,Sub-Saharan Africa,Upper middle income,3,8.877952322767555
Botswana,BWA,2020,27.756075,6323.2974967659,Sub-Saharan Africa,Upper middle income,3,8.751996106891053
Botswana,BWA,2021,27.756075,7807.88794570471,Sub-Saharan Africa,Upper middle income,3,8.962889776773851
Botswana,BWA,2022,27.756075,8328.7090572666,Sub-Saharan Africa,Upper middle income,3,9.027463748032948
Botswana,BWA,2023,27.756075,7826.35376483298,Sub-Saharan Africa,Upper middle income,3,8.965252005535175
Botswana,BWA,2024,27.756075,7695.75319445165,Sub-Saharan Africa,Upper middle income,3,8.948423922503302
Botswana,BWA,2025,27.756075,,Sub-Saharan Africa,Upper middle income,3,
Brazil,BRA,1990,73.99293,2619.80141064047,Latin America & Caribbean,Upper middle income,3,7.8708537964169
Brazil,BRA,1991,73.30231,2258.10454027063,Latin America & Caribbean,Upper middle income,3,7.722281041366258
Brazil,BRA,1992,72.611694,2127.29083011489,Latin America & Caribbean,Upper middle income,3,7.662604538394281
Brazil,BRA,1993,71.921074,2348.90635436384,Latin America & Caribbean,Upper middle income,3,7.761705117693031
Brazil,BRA,1994,71.23045,3298.71491891786,Latin America & Caribbean,Upper middle income,3,8.101288253101753
Brazil,BRA,1995,70.53983,4756.75013552302,Latin America & Caribbean,Upper middle income,3,8.467319969411186
Brazil,BRA,1996,69.84922,5179.13052009976,Latin America & Caribbean,Upper middle income,3,8.552392467902
Brazil,BRA,1997,69.1586,5299.39794248133,Latin America & Caribbean,Upper middle income,3,8.575348497329486
Brazil,BRA,1998,68.46798,5105.89246192003,Latin America & Caribbean,Upper middle income,3,8.538150536459396
Brazil,BRA,1999,67.77736,3493.57192043228,Latin America & Caribbean,Upper middle income,3,8.158679964708401
Brazil,BRA,2000,67.08674,3766.54786339835,Latin America & Caribbean,Upper middle income,3,8.2339141748442
Brazil,BRA,2001,66.660416,3176.28975052524,Latin America & Caribbean,Upper middle income,3,8.063469049479396
Brazil,BRA,2002,66.23409,2855.94017137049,Latin America & Caribbean,Upper middle income,3,7.957156374840366
Brazil,BRA,2003,65.80776,3090.6068907839,Latin America & Caribbean,Upper middle income,3,8.03612275539133
Brazil,BRA,2004,65.38144,3663.82262497811,Latin America & Caribbean,Upper middle income,3,8.20626231440881
Brazil,BRA,2005,64.95512,4827.78165890291,Latin America & Caribbean,Upper middle income,3,8.482142357272442
Brazil,BRA,2006,64.528786,5934.14561857454,Latin America & Caribbean,Upper middle income,3,8.688478340248787
Brazil,BRA,2007,64.102455,7409.69003822861,Latin America & Caribbean,Upper middle income,3,8.910543887216658
Brazil,BRA,2008,63.676132,8908.33338467948,Latin America & Caribbean,Upper middle income,3,9.094742452988969
Brazil,BRA,2009,63.249805,8678.6584730653,Latin America & Caribbean,Upper middle income,3,9.068622241915406
Brazil,BRA,2010,62.82348,11403.2840038694,Latin America & Caribbean,Upper middle income,3,9.341656663413103
Brazil,BRA,2011,62.59428,13396.6263158041,Latin America & Caribbean,Upper middle income,3,9.502758186762945
Brazil,BRA,2012,62.365074,12521.7238454434,Latin America & Caribbean,Upper middle income,3,9.435220322511793
Brazil,BRA,2013,62.135876,12458.8903396625,Latin America & Caribbean,Upper middle income,3,9.430189730563564
Brazil,BRA,2014,61.906673,12274.9941630213,Latin America & Caribbean,Upper middle income,3,9.415319477144996
Brazil,BRA,2015,61.67747,8936.1955889444,Latin America & Caribbean,Upper middle income,3,9.097865228260668
Brazil,BRA,2016,61.362995,8836.28546025694,Latin America & Caribbean,Upper middle income,3,9.08662187052076
Brazil,BRA,2017,61.048527,10080.5078722821,Latin America & Caribbean,Upper middle income,3,9.21835892451109
Brazil,BRA,2018,60.73405,9300.66072904004,Latin America & Caribbean,Upper middle income,3,9.137840722751028
Brazil,BRA,2019,60.41958,9029.83304401079,Latin America & Caribbean,Upper middle income,3,9.108289157204757
Brazil,BRA,2020,60.105106,7074.19407495707,Latin America & Caribbean,Upper middle income,3,8.864208804356167
Brazil,BRA,2021,59.715538,7972.53696080695,Latin America & Caribbean,Upper middle income,3,8.983758034910712
Brazil,BRA,2022,59.325974,9281.33282136864,Latin America & Caribbean,Upper middle income,3,9.135760438459762
Brazil,BRA,2023,58.936405,10377.5897719195,Latin America & Caribbean,Upper middle income,3,9.24740393052042
Brazil,BRA,2024,58.54684,10310.5488778166,Latin America & Caribbean,Upper middle income,3,9.240922813015535
Brazil,BRA,2025,58.157272,,Latin America & Caribbean,Upper middle income,3,
British Virgin Islands,VGB,1990,66.666664,,Latin America & Caribbean,High income,4,
British Virgin Islands,VGB,1991,66.66,,Latin America & Caribbean,High income,4,
British Virgin Islands,VGB,1992,66.653336,,Latin America & Caribbean,High income,4,
British Virgin Islands,VGB,1993,66.64667,,Latin America & Caribbean,High income,4,
British Virgin Islands,VGB,1994,66.64,,Latin America & Caribbean,High income,4,
British Virgin Islands,VGB,1995,66.63333,,Latin America & Caribbean,High income,4,
British Virgin Islands,VGB,1996,66.62666,,Latin America & Caribbean,High income,4,
British Virgin Islands,VGB,1997,66.62,,Latin America & Caribbean,High income,4,
British Virgin Islands,VGB,1998,66.613335,,Latin America & Caribbean,High income,4,
British Virgin Islands,VGB,1999,66.60667,,Latin America & Caribbean,High income,4,
British Virgin Islands,VGB,2000,66.6,,Latin America & Caribbean,High income,4,
British Virgin Islands,VGB,2001,66.59333,,Latin America & Caribbean,High income,4,
British Virgin Islands,VGB,2002,66.58667,,Latin America & Caribbean,High income,4,
British Virgin Islands,VGB,2003,66.58,,Latin America & Caribbean,High income,4,
British Virgin Islands,VGB,2004,66.57333,,Latin America & Caribbean,High income,4,
British Virgin Islands,VGB,2005,66.566666,,Latin America & Caribbean,High income,4,
British Virgin Islands,VGB,2006,66.56,,Latin America & Caribbean,High income,4,
British Virgin Islands,VGB,2007,66.55334,,Latin America & Caribbean,High income,4,
British Virgin Islands,VGB,2008,66.54667,,Latin America & Caribbean,High income,4,
British Virgin Islands,VGB,2009,66.54,,Latin America & Caribbean,High income,4,
British Virgin Islands,VGB,2010,66.53333,,Latin America & Caribbean,High income,4,
British Virgin Islands,VGB,2011,66.52,,Latin America & Caribbean,High income,4,
British Virgin Islands,VGB,2012,66.50667,,Latin America & Caribbean,High income,4,
British Virgin Islands,VGB,2013,66.49333,,Latin America & Caribbean,High income,4,
British Virgin Islands,VGB,2014,66.48,,Latin America & Caribbean,High income,4,
British Virgin Islands,VGB,2015,66.46667,,Latin America & Caribbean,High income,4,
British Virgin Islands,VGB,2016,66.46667,,Latin America & Caribbean,High income,4,
British Virgin Islands,VGB,2017,66.46667,,Latin America & Caribbean,High income,4,
British Virgin Islands,VGB,2018,66.46667,,Latin America & Caribbean,High income,4,
British Virgin Islands,VGB,2019,66.46667,,Latin America & Caribbean,High income,4,
British Virgin Islands,VGB,2020,66.46667,,Latin America & Caribbean,High income,4,
British Virgin Islands,VGB,2021,66.46667,,Latin America & Caribbean,High income,4,
British Virgin Islands,VGB,2022,66.46667,,Latin America & Caribbean,High income,4,
British Virgin Islands,VGB,2023,66.46667,,Latin America & Caribbean,High income,4,
British Virgin Islands,VGB,2024,66.46667,,Latin America & Caribbean,High income,4,
British Virgin Islands,VGB,2025,66.46667,,Latin America & Caribbean,High income,4,
Brunei,BRN,1990,78.36812,23658.7166330381,East Asia & Pacific,High income,4,10.071486894008736
Brunei,BRN,1991,78.064514,23932.1897281583,East Asia & Pacific,High income,4,10.082979682280532
Brunei,BRN,1992,77.76091,23450.8964055243,East Asia & Pacific,High income,4,10.062663999392193
Brunei,BRN,1993,77.457306,22397.0737447404,East Asia & Pacific,High income,4,10.016685592913936
Brunei,BRN,1994,77.1537,22766.587177075,East Asia & Pacific,High income,4,10.03304926539456
Brunei,BRN,1995,76.8501,26443.2564746713,East Asia & Pacific,High income,4,10.182756451081598
Brunei,BRN,1996,76.546486,25692.2357348562,East Asia & Pacific,High income,4,10.153944113754248
Brunei,BRN,1997,76.24288,25522.3975038009,East Asia & Pacific,High income,4,10.147311679119774
Brunei,BRN,1998,75.93928,17769.2463451942,East Asia & Pacific,High income,4,9.78522450861138
Brunei,BRN,1999,75.63567,19752.2013255542,East Asia & Pacific,High income,4,9.891020223639849
Brunei,BRN,2000,75.33207,20130.2572346624,East Asia & Pacific,High income,4,9.909979297223945
Brunei,BRN,2001,75.00949,18287.8272281914,East Asia & Pacific,High income,4,9.813990938712593
Brunei,BRN,2002,74.686905,18621.2922577525,East Asia & Pacific,High income,4,9.832060950020757
Brunei,BRN,2003,74.36433,20677.9001143188,East Asia & Pacific,High income,4,9.93682078160585
Brunei,BRN,2004,74.04175,24423.0946995548,East Asia & Pacific,High income,4,10.10328446770887
Brunei,BRN,2005,73.71916,29386.2703822862,East Asia & Pacific,High income,4,10.28828285045142
Brunei,BRN,2006,73.39658,34674.7995236452,East Asia & Pacific,High income,4,10.45376846358435
Brunei,BRN,2007,73.074005,36217.3290706015,East Asia & Pacific,High income,4,10.49729298687962
Brunei,BRN,2008,72.75143,42156.5685838672,East Asia & Pacific,High income,4,10.64914578957714
Brunei,BRN,2009,72.42884,30946.4673773828,East Asia & Pacific,High income,4,10.340014131933785
Brunei,BRN,2010,72.10626,34937.5555357155,East Asia & Pacific,High income,4,10.461317619469444
Brunei,BRN,2011,72.10626,46382.8274255349,East Asia & Pacific,High income,4,10.744684571123353
Brunei,BRN,2012,72.10626,46968.5971164922,East Asia & Pacific,High income,4,10.757234510925263
Brunei,BRN,2013,72.10626,44003.0644273461,East Asia & Pacific,High income,4,10.692014556551271
Brunei,BRN,2014,72.10626,41026.5084247957,East Asia & Pacific,High income,4,10.621973683711252
Brunei,BRN,2015,72.10626,30625.1287744656,East Asia & Pacific,High income,4,10.329576152718698
Brunei,BRN,2016,72.10626,26663.2972950602,East Asia & Pacific,High income,4,10.191043265569652
Brunei,BRN,2017,72.10626,28024.3824580252,East Asia & Pacific,High income,4,10.24083021230151
Brunei,BRN,2018,72.10626,30988.1190267227,East Asia & Pacific,High income,4,10.341359152802978
Brunei,BRN,2019,72.10626,30426.5730656528,East Asia & Pacific,High income,4,10.32307161958089
Brunei,BRN,2020,72.10626,26834.3592233943,East Asia & Pacific,High income,4,10.197438405935461
Brunei,BRN,2021,72.10626,31006.9636289785,East Asia & Pacific,High income,4,10.34196709143388
Brunei,BRN,2022,72.10626,36632.9280952155,East Asia & Pacific,High income,4,10.508702789657383
Brunei,BRN,2023,72.10626,32890.5491812019,East Asia & Pacific,High income,4,10.40094063655668
Brunei,BRN,2024,72.10626,33153.4738913513,East Asia & Pacific,High income,4,10.408902783226198
Brunei,BRN,2025,72.10626,,East Asia & Pacific,High income,4,
Bulgaria,BGR,1990,30.646646,2366.52982128614,Europe & Central Asia,High income,4,7.76917995069777
Bulgaria,BGR,1991,30.690863,883.736578319325,Europe & Central Asia,High income,4,6.784159029903744
Bulgaria,BGR,1992,30.735077,1007.34454544881,Europe & Central Asia,High income,4,6.915072984594501
Bulgaria,BGR,1993,30.779293,1278.52511370319,Europe & Central Asia,High income,4,7.1534624376381934
Bulgaria,BGR,1994,30.823507,1149.89464008734,Europe & Central Asia,High income,4,7.047425599844817
Bulgaria,BGR,1995,30.867723,2259.25922555221,Europe & Central Asia,High income,4,7.722792262231605
Bulgaria,BGR,1996,30.911938,1470.19259250682,Europe & Central Asia,High income,4,7.293148686501787
Bulgaria,BGR,1997,30.956154,1361.40938439884,Europe & Central Asia,High income,4,7.21627575418742
Bulgaria,BGR,1998,31.000368,1820.44866449942,Europe & Central Asia,High income,4,7.506838268645762
Bulgaria,BGR,1999,31.044584,1660.9089125393,Europe & Central Asia,High income,4,7.415120269180808
Bulgaria,BGR,2000,31.088799,1621.26210738992,Europe & Central Asia,High income,4,7.390960203537954
Bulgaria,BGR,2001,31.422255,1770.90704918691,Europe & Central Asia,High income,4,7.479247151474288
Bulgaria,BGR,2002,31.75571,2092.98288625558,Europe & Central Asia,High income,4,7.646345545754941
Bulgaria,BGR,2003,32.08917,2719.49436859287,Europe & Central Asia,High income,4,7.90820124810995
Bulgaria,BGR,2004,32.422623,3389.68743360274,Europe & Central Asia,High income,4,8.128492993646518
Bulgaria,BGR,2005,32.75608,3899.82596332878,Europe & Central Asia,High income,4,8.26868720633453
Bulgaria,BGR,2006,33.089535,4523.1465578805,Europe & Central Asia,High income,4,8.416963171756443
Bulgaria,BGR,2007,33.422993,5888.57081403932,Europe & Central Asia,High income,4,8.680768601028996
Bulgaria,BGR,2008,33.756447,7271.30338858025,Europe & Central Asia,High income,4,8.89169083761923
Bulgaria,BGR,2009,34.089905,6988.27316296465,Europe & Central Asia,High income,4,8.851988760782536
Bulgaria,BGR,2010,34.42336,6853.94805511171,Europe & Central Asia,High income,4,8.832580123636024
Bulgaria,BGR,2011,34.60022,7849.58061302818,Europe & Central Asia,High income,4,8.96821538425733
Bulgaria,BGR,2012,34.77708,7431.95789508871,Europe & Central Asia,High income,4,8.913544615123577
Bulgaria,BGR,2013,34.95394,7795.98092108928,Europe & Central Asia,High income,4,8.961363613355251
Bulgaria,BGR,2014,35.130802,8069.60005667684,Europe & Central Asia,High income,4,8.995859200764126
Bulgaria,BGR,2015,35.307663,7268.65445473873,Europe & Central Asia,High income,4,8.89132647151867
Bulgaria,BGR,2016,35.42373,7822.49923292968,Europe & Central Asia,High income,4,8.964759377483547
Bulgaria,BGR,2017,35.539795,8696.68930427924,Europe & Central Asia,High income,4,9.070697692481037
Bulgaria,BGR,2018,35.655857,9849.38397225174,Europe & Central Asia,High income,4,9.195164191322224
Bulgaria,BGR,2019,35.771923,10353.7204584127,Europe & Central Asia,High income,4,9.245101198682539
Bulgaria,BGR,2020,35.88799,10760.211975413,Europe & Central Asia,High income,4,9.28361053383892
Bulgaria,BGR,2021,36.00405,12966.1457543396,Europe & Central Asia,High income,4,9.470097066944287
Bulgaria,BGR,2022,36.120117,13999.1949530956,Europe & Central Asia,High income,4,9.5467551035937
Bulgaria,BGR,2023,36.236183,15853.208636704,Europe & Central Asia,High income,4,9.671127196464631
Bulgaria,BGR,2024,36.35225,17596.0173663521,Europe & Central Asia,High income,4,9.775427869416982
Bulgaria,BGR,2025,36.46831,,Europe & Central Asia,High income,4,
Burkina Faso,BFA,1990,30.333006,338.593759055128,Sub-Saharan Africa,Low income,1,5.824801037914073
Burkina Faso,BFA,1991,29.630835,333.70605512636,Sub-Saharan Africa,Low income,1,5.810260531011822
Burkina Faso,BFA,1992,28.928663,348.592443894547,Sub-Saharan Africa,Low income,1,5.853903457275979
Burkina Faso,BFA,1993,28.226494,324.111576707435,Sub-Saharan Africa,Low income,1,5.781087829063523
Burkina Faso,BFA,1994,27.524323,187.21142372606,Sub-Saharan Africa,Low income,1,5.232238586359263
Burkina Faso,BFA,1995,26.822151,229.092294496817,Sub-Saharan Africa,Low income,1,5.4341249550955535
Burkina Faso,BFA,1996,26.11998,242.733171352672,Sub-Saharan Africa,Low income,1,5.491962779753605
Burkina Faso,BFA,1997,25.417809,223.853958525611,Sub-Saharan Africa,Low income,1,5.410993868361803
Burkina Faso,BFA,1998,24.715635,249.53173292493,Sub-Saharan Africa,Low income,1,5.519586093175974
Burkina Faso,BFA,1999,24.013464,292.836958697313,Sub-Saharan Africa,Low income,1,5.679615999180573
Burkina Faso,BFA,2000,23.311295,248.908526921752,Sub-Saharan Africa,Low income,1,5.517085467210814
Burkina Faso,BFA,2001,22.820395,259.485223380436,Sub-Saharan Africa,Low income,1,5.55869975832737
Burkina Faso,BFA,2002,22.329496,285.654087637533,Sub-Saharan Africa,Low income,1,5.654781595019189
Burkina Faso,BFA,2003,21.838596,362.373899996953,Sub-Saharan Africa,Low income,1,5.892676551699311
Burkina Faso,BFA,2004,21.347698,403.81283743461,Sub-Saharan Africa,Low income,1,6.000951496940038
Burkina Faso,BFA,2005,20.856798,441.164148016012,Sub-Saharan Africa,Low income,1,6.089417023914398
Burkina Faso,BFA,2006,20.3659,455.513655620024,Sub-Saharan Africa,Low income,1,6.121425695657937
Burkina Faso,BFA,2007,19.875,514.684451177238,Sub-Saharan Africa,Low income,1,6.243553996715776
Burkina Faso,BFA,2008,19.3841,619.437533256264,Sub-Saharan Africa,Low income,1,6.42881186185477
Burkina Faso,BFA,2009,18.893202,601.569520671859,Sub-Saharan Africa,Low income,1,6.399542107575347
Burkina Faso,BFA,2010,18.402302,624.957252224766,Sub-Saharan Africa,Low income,1,6.4376832509568835
Burkina Faso,BFA,2011,17.964218,725.024767725475,Sub-Saharan Africa,Low income,1,6.58620581665112
Burkina Faso,BFA,2012,17.526133,731.470138867833,Sub-Saharan Africa,Low income,1,6.595056397846815
Burkina Faso,BFA,2013,17.088049,759.762065168498,Sub-Saharan Africa,Low income,1,6.633005312116349
Burkina Faso,BFA,2014,16.649963,764.861675106225,Sub-Saharan Africa,Low income,1,6.63969500062259
Burkina Faso,BFA,2015,16.211878,630.124750752312,Sub-Saharan Africa,Low income,1,6.445917816849948
Burkina Faso,BFA,2016,15.773794,663.742364842886,Sub-Saharan Africa,Low income,1,6.497894069428423
Burkina Faso,BFA,2017,15.335709,709.091535894695,Sub-Saharan Africa,Low income,1,6.563984623832979
Burkina Faso,BFA,2018,14.897624,777.465618514048,Sub-Saharan Africa,Low income,1,6.6560394225149215
Burkina Faso,BFA,2019,14.459539,764.853077774946,Sub-Saharan Africa,Low income,1,6.6396837601854255
Burkina Faso,BFA,2020,14.021455,825.237038782475,Sub-Saharan Africa,Low income,1,6.715670664802603
Burkina Faso,BFA,2021,13.58337,895.535288442991,Sub-Saharan Africa,Low income,1,6.797421627137521
Burkina Faso,BFA,2022,13.145285,827.330843486661,Sub-Saharan Africa,Low income,1,6.718204667607621
Burkina Faso,BFA,2023,12.7072,873.482589651003,Sub-Saharan Africa,Low income,1,6.772488197665115
Burkina Faso,BFA,2024,12.269115,981.992649769081,Sub-Saharan Africa,Low income,1,6.889583823366251
Burkina Faso,BFA,2025,11.831031,,Sub-Saharan Africa,Low income,1,
Burundi,BDI,1990,10.7663555,202.629446176297,Sub-Saharan Africa,Low income,1,5.311378922696268
Burundi,BDI,1991,10.444938,204.668258398817,Sub-Saharan Africa,Low income,1,5.321390416641708
Burundi,BDI,1992,10.123521,184.868970456447,Sub-Saharan Africa,Low income,1,5.2196473063352
Burundi,BDI,1993,9.802103,165.344120319403,Sub-Saharan Africa,Low income,1,5.108028879795886
Burundi,BDI,1994,9.480685,161.892584261635,Sub-Saharan Africa,Low income,1,5.086933055197443
Burundi,BDI,1995,9.159268,164.915311679326,Sub-Saharan Africa,Low income,1,5.1054320795867305
Burundi,BDI,1996,8.837851,143.156741187159,Sub-Saharan Africa,Low income,1,4.963940122207322
Burundi,BDI,1997,8.516433,160.278342046962,Sub-Saharan Africa,Low income,1,5.076911941610138
Burundi,BDI,1998,8.195016,144.456948255536,Sub-Saharan Africa,Low income,1,4.972981527212907
Burundi,BDI,1999,7.873598,127.51419578119,Sub-Saharan Africa,Low income,1,4.848227697861017
Burundi,BDI,2000,7.552181,134.537861752389,Sub-Saharan Africa,Low income,1,4.90184565944596
Burundi,BDI,2001,7.552181,132.159554541932,Sub-Saharan Africa,Low income,1,4.884009939170226
Burundi,BDI,2002,7.552181,120.952308575468,Sub-Saharan Africa,Low income,1,4.79539632389718
Burundi,BDI,2003,7.552181,111.406682804391,Sub-Saharan Africa,Low income,1,4.713187314961323
Burundi,BDI,2004,7.552181,125.194965184533,Sub-Saharan Africa,Low income,1,4.82987224367634
Burundi,BDI,2005,7.552181,147.234619294225,Sub-Saharan Africa,Low income,1,4.992027364065744
Burundi,BDI,2006,7.552181,161.892755640319,Sub-Saharan Africa,Low income,1,5.086934113791906
Burundi,BDI,2007,7.552181,166.162744906755,Sub-Saharan Africa,Low income,1,5.112967699091706
Burundi,BDI,2008,7.552181,189.502074570768,Sub-Saharan Africa,Low income,1,5.244399972065554
Burundi,BDI,2009,7.552181,198.431524048225,Sub-Saharan Africa,Low income,1,5.290444073600977
Burundi,BDI,2010,7.552181,216.727705301976,Sub-Saharan Africa,Low income,1,5.378641751325204
Burundi,BDI,2011,8.219626,230.069761381132,Sub-Saharan Africa,Low income,1,5.438382573286657
Burundi,BDI,2012,8.887072,231.098787811507,Sub-Saharan Africa,Low income,1,5.442845271968037
Burundi,BDI,2013,9.554518,234.844770150871,Sub-Saharan Africa,Low income,1,5.458924743333718
Burundi,BDI,2014,10.221963,250.544492155185,Sub-Saharan Africa,Low income,1,5.52363651814748
Burundi,BDI,2015,10.889408,254.402585226788,Sub-Saharan Africa,Low income,1,5.538917993469318
Burundi,BDI,2016,10.889408,232.937812100153,Sub-Saharan Africa,Low income,1,5.4507715170836155
Burundi,BDI,2017,10.889408,246.060725714184,Sub-Saharan Africa,Low income,1,5.505578357965981
Burundi,BDI,2018,10.889408,245.661678332009,Sub-Saharan Africa,Low income,1,5.503955298017957
Burundi,BDI,2019,10.889408,234.31061590725,Sub-Saharan Africa,Low income,1,5.456647653523818
Burundi,BDI,2020,10.889408,255.8324539389,Sub-Saharan Africa,Low income,1,5.544522753414957
Burundi,BDI,2021,10.889408,264.980379269655,Sub-Saharan Africa,Low income,1,5.579655782753222
Burundi,BDI,2022,10.889408,302.992505263552,Sub-Saharan Africa,Low income,1,5.7137080700996625
Burundi,BDI,2023,10.889408,250.627253097255,Sub-Saharan Africa,Low income,1,5.523966787934659
Burundi,BDI,2024,10.889408,219.424830882698,Sub-Saharan Africa,Low income,1,5.391009717748469
Burundi,BDI,2025,10.889408,,Sub-Saharan Africa,Low income,1,
Cambodia,KHM,1990,62.34302,190.181470036159,East Asia & Pacific,Lower middle income,2,5.2479787217909575
Cambodia,KHM,1991,62.21624,267.336306726982,East Asia & Pacific,Lower middle income,2,5.5885074415566836
Cambodia,KHM,1992,62.089462,307.094922385136,East Asia & Pacific,Lower middle income,2,5.7271568932336825
Cambodia,KHM,1993,61.962685,294.059372727558,East Asia & Pacific,Lower middle income,2,5.683781695002837
Cambodia,KHM,1994,61.835907,302.1307854832,East Asia & Pacific,Lower middle income,2,5.710859988143405
Cambodia,KHM,1995,61.709126,343.485224671585,East Asia & Pacific,Lower middle income,2,5.8391440966807515
Cambodia,KHM,1996,61.582348,324.655870983004,East Asia & Pacific,Lower middle income,2,5.782765762829189
Cambodia,KHM,1997,61.45557,297.59041960803,East Asia & Pacific,Lower middle income,2,5.695718110263439
Cambodia,KHM,1998,61.32879,258.780953189377,East Asia & Pacific,Lower middle income,2,5.555981963277642
Cambodia,KHM,1999,61.20201,286.753596443196,East Asia & Pacific,Lower middle income,2,5.658623298016953
Cambodia,KHM,2000,61.075233,296.426687526334,East Asia & Pacific,Lower middle income,2,5.691799928256441
Cambodia,KHM,2001,60.966595,327.500984314444,East Asia & Pacific,Lower middle income,2,5.791491060611077
Cambodia,KHM,2002,60.857952,350.147276634294,East Asia & Pacific,Lower middle income,2,5.85835385635971
Cambodia,KHM,2003,60.749313,386.691123931778,East Asia & Pacific,Lower middle income,2,5.957626244979708
Cambodia,KHM,2004,60.640675,444.199067529081,East Asia & Pacific,Lower middle income,2,6.096272812243988
Cambodia,KHM,2005,60.532036,525.797325120926,East Asia & Pacific,Lower middle income,2,6.2649158250270895
Cambodia,KHM,2006,60.423397,612.252648550727,East Asia & Pacific,Lower middle income,2,6.417145021753059
Cambodia,KHM,2007,60.31476,731.692295125426,East Asia & Pacific,Lower middle income,2,6.59536006373399
Cambodia,KHM,2008,60.20612,866.283999789749,East Asia & Pacific,Lower middle income,2,6.764212799130411
Cambodia,KHM,2009,60.09748,875.748936193569,East Asia & Pacific,Lower middle income,2,6.775079447339284
Cambodia,KHM,2010,59.98884,952.274616324008,East Asia & Pacific,Lower middle income,2,6.858853455719269
Cambodia,KHM,2011,58.01466,1088.98152823081,East Asia & Pacific,Lower middle income,2,6.992998160650268
Cambodia,KHM,2012,56.04048,1192.80263041673,East Asia & Pacific,Lower middle income,2,7.084060968693511
Cambodia,KHM,2013,54.066303,1305.6600972686,East Asia & Pacific,Lower middle income,2,7.174464013533902
Cambodia,KHM,2014,52.092125,1431.56396469993,East Asia & Pacific,Lower middle income,2,7.266522807228274
Cambodia,KHM,2015,50.117947,1547.32010444393,East Asia & Pacific,Lower middle income,2,7.344279748653593
Cambodia,KHM,2016,49.018944,1675.19555711109,East Asia & Pacific,Lower middle income,2,7.42368518795844
Cambodia,KHM,2017,47.91994,1826.35391688754,East Asia & Pacific,Lower middle income,2,7.510076863232533
Cambodia,KHM,2018,46.82094,2036.67377566578,East Asia & Pacific,Lower middle income,2,7.619073253998369
Cambodia,KHM,2019,45.721935,2225.87705485686,East Asia & Pacific,Lower middle income,2,7.707906298889181
Cambodia,KHM,2020,44.622932,2081.73914242939,East Asia & Pacific,Lower middle income,2,7.64095894950458
Cambodia,KHM,2021,42.873928,2167.40324198499,East Asia & Pacific,Lower middle income,2,7.681285067282272
Cambodia,KHM,2022,41.124928,2325.03050040841,East Asia & Pacific,Lower middle income,2,7.75148843639064
Cambodia,KHM,2023,39.375923,2429.74853452838,East Asia & Pacific,Lower middle income,2,7.795543047246606
Cambodia,KHM,2024,37.62692,2627.87969756224,East Asia & Pacific,Lower middle income,2,7.873932601373376
Cambodia,KHM,2025,35.87792,,East Asia & Pacific,Lower middle income,2,
Cameroon,CMR,1990,47.597893,1086.71700937081,Sub-Saharan Africa,Lower middle income,2,6.990916512261402
Cameroon,CMR,1991,47.40697,1014.82897292999,Sub-Saharan Africa,Lower middle income,2,6.922475377701875
Cameroon,CMR,1992,47.21605,1005.44897647465,Sub-Saharan Africa,Lower middle income,2,6.913189463494185
Cameroon,CMR,1993,47.025127,1309.93629975506,Sub-Saharan Africa,Lower middle income,2,7.177733788871732
Cameroon,CMR,1994,46.8342,700.70950185009,Sub-Saharan Africa,Lower middle income,2,6.552093395795591
Cameroon,CMR,1995,46.643284,832.006674487689,Sub-Saharan Africa,Lower middle income,2,6.723840463009811
Cameroon,CMR,1996,46.45236,826.965322327363,Sub-Saharan Africa,Lower middle income,2,6.717762762255
Cameroon,CMR,1997,46.261436,783.251601945462,Sub-Saharan Africa,Lower middle income,2,6.66345397508455
Cameroon,CMR,1998,46.07051,798.745621406677,Sub-Saharan Africa,Lower middle income,2,6.683042523869743
Cameroon,CMR,1999,45.879593,796.262649784591,Sub-Saharan Africa,Lower middle income,2,6.679929093459824
Cameroon,CMR,2000,45.688667,708.565731625965,Sub-Saharan Africa,Lower middle income,2,6.563242830587337
Cameroon,CMR,2001,45.54122,715.470296470585,Sub-Saharan Africa,Lower middle income,2,6.572940083768003
Cameroon,CMR,2002,45.39377,789.623811072554,Sub-Saharan Africa,Lower middle income,2,6.671556643531556
Cameroon,CMR,2003,45.24632,988.241276791846,Sub-Saharan Africa,Lower middle income,2,6.89592687521332
Cameroon,CMR,2004,45.09887,1133.39326749673,Sub-Saharan Africa,Lower middle income,2,7.032971303623232
Cameroon,CMR,2005,44.95142,1142.62466252106,Sub-Saharan Africa,Lower middle income,2,7.041083230619873
Cameroon,CMR,2006,44.80397,1191.45458990968,Sub-Saharan Africa,Lower middle income,2,7.082930184112721
Cameroon,CMR,2007,44.65652,1325.67248215933,Sub-Saharan Africa,Lower middle income,2,7.189675143373808
Cameroon,CMR,2008,44.509068,1492.14269801453,Sub-Saharan Africa,Lower middle income,2,7.307968418291184
Cameroon,CMR,2009,44.36162,1461.38999232337,Sub-Saharan Africa,Lower middle income,2,7.287143311327217
Cameroon,CMR,2010,44.21417,1398.58702025047,Sub-Saharan Africa,Lower middle income,2,7.243217734696508
Cameroon,CMR,2011,44.095703,1513.96056994878,Sub-Saharan Africa,Lower middle income,2,7.322484390031291
Cameroon,CMR,2012,43.977238,1449.09874362279,Sub-Saharan Africa,Lower middle income,2,7.27869708604632
Cameroon,CMR,2013,43.858772,1575.92882118897,Sub-Saharan Africa,Lower middle income,2,7.362600105177694
Cameroon,CMR,2014,43.740307,1649.4433905949,Sub-Saharan Africa,Lower middle income,2,7.408193170949621
Cameroon,CMR,2015,43.62184,1415.00009710569,Sub-Saharan Africa,Lower middle income,2,7.254884878703265
Cameroon,CMR,2016,43.24424,1441.7201725688,Sub-Saharan Africa,Lower middle income,2,7.273592243929721
Cameroon,CMR,2017,42.86664,1496.08951771242,Sub-Saharan Africa,Lower middle income,2,7.31060999478726
Cameroon,CMR,2018,42.489037,1610.69641591017,Sub-Saharan Africa,Lower middle income,2,7.384421920918873
Cameroon,CMR,2019,42.111435,1555.22660476477,Sub-Saharan Africa,Lower middle income,2,7.3493765405330835
Cameroon,CMR,2020,41.733833,1555.60370660749,Sub-Saharan Africa,Lower middle income,2,7.3496189850297755
Cameroon,CMR,2021,41.486416,1672.32657340872,Sub-Saharan Africa,Lower middle income,2,7.421971093596723
Cameroon,CMR,2022,41.239002,1604.87726954895,Sub-Saharan Africa,Lower middle income,2,7.380802565069575
Cameroon,CMR,2023,40.991585,1720.47510154506,Sub-Saharan Africa,Lower middle income,2,7.450355753493796
Cameroon,CMR,2024,40.744167,1830.00833684727,Sub-Saharan Africa,Lower middle income,2,7.512075801479336
Cameroon,CMR,2025,40.496754,,Sub-Saharan Africa,Lower middle income,2,
Canada,CAN,1990,41.05013,21525.8611387148,North America,High income,4,9.977010334940053
Canada,CAN,1991,41.044758,21846.7930471354,North America,High income,4,9.991809418453624
Canada,CAN,1992,41.039383,20950.3305287651,North America,High income,4,9.949909702255187
Canada,CAN,1993,41.03401,20186.7988782965,North America,High income,4,9.912784148875035
Canada,CAN,1994,41.028637,19997.6237373354,North America,High income,4,9.90336873234406
Canada,CAN,1995,41.023262,20679.634792669,North America,High income,4,9.936904668537462
Canada,CAN,1996,41.017887,21296.9723536904,North America,High income,4,9.96632019857501
Canada,CAN,1997,41.01252,21901.5628548392,North America,High income,4,9.994313276493024
Canada,CAN,1998,41.007145,21024.5850687045,North America,High income,4,9.953447749507502
Canada,CAN,1999,41.00177,22315.2466731545,North America,High income,4,10.013025431143188
Canada,CAN,2000,40.996395,24271.0020563821,North America,High income,4,10.097037585729147
Canada,CAN,2001,41.05472,23822.096210932,North America,High income,4,10.078368841175534
Canada,CAN,2002,41.11305,24256.0192337185,North America,High income,4,10.096420081388622
Canada,CAN,2003,41.17137,28301.8645937428,North America,High income,4,10.250682968165588
Canada,CAN,2004,41.2297,32145.5412620217,North America,High income,4,10.378029034574382
Canada,CAN,2005,41.288025,36383.6600068095,North America,High income,4,10.501875051926827
Canada,CAN,2006,41.34635,40504.0370977806,North America,High income,4,10.609156929553448
Canada,CAN,2007,41.40468,44660.0838892281,North America,High income,4,10.706835403789789
Canada,CAN,2008,41.463,46710.2526864484,North America,High income,4,10.75171896316785
Canada,CAN,2009,41.521328,40874.8831932903,North America,High income,4,10.618271050538965
Canada,CAN,2010,41.579655,47560.6666009406,North America,High income,4,10.769761366706087
Canada,CAN,2011,41.63798,52223.8588398531,North America,High income,4,10.8632947353455
Canada,CAN,2012,41.696304,52670.3447335415,North America,High income,4,10.871807857615337
Canada,CAN,2013,41.75463,52638.1187235237,North America,High income,4,10.871195826825678
Canada,CAN,2014,41.812954,50960.8431174661,North America,High income,4,10.838812834800432
Canada,CAN,2015,41.87128,43594.1941045394,North America,High income,4,10.682679257730259
Canada,CAN,2016,41.891167,42314.0615817218,North America,High income,4,10.652874734893194
Canada,CAN,2017,41.91105,45129.628116623,North America,High income,4,10.717294252517275
Canada,CAN,2018,41.930935,46539.1761570405,North America,High income,4,10.748049734874089
Canada,CAN,2019,41.95082,46352.8693445211,North America,High income,4,10.744038475108562
Canada,CAN,2020,41.970707,43537.839298904,North America,High income,4,10.68138570790037
Canada,CAN,2021,41.969585,52886.6616372703,North America,High income,4,10.875906443090255
Canada,CAN,2022,41.968468,56256.8007264015,North America,High income,4,10.937682214561326
Canada,CAN,2023,41.967354,54220.3285039875,North America,High income,4,10.90081118175779
Canada,CAN,2024,41.966236,54340.3477224733,North America,High income,4,10.903022281974833
Canada,CAN,2025,41.96512,,North America,High income,4,
Cape Verde,CPV,1990,8.312655,817.442925539738,Sub-Saharan Africa,Lower middle income,2,6.706181084480637
Cape Verde,CPV,1991,8.421836,831.61388764249,Sub-Saharan Africa,Lower middle income,2,6.72336825575121
Cape Verde,CPV,1992,8.531017,907.847909529157,Sub-Saharan Africa,Lower middle income,2,6.811076864052965
Cape Verde,CPV,1993,8.640199,1220.04997868613,Sub-Saharan Africa,Lower middle income,2,7.106647103024385
Cape Verde,CPV,1994,8.74938,991.108974352157,Sub-Saharan Africa,Lower middle income,2,6.8988244923128
Cape Verde,CPV,1995,8.858561,1165.13832331934,Sub-Saharan Africa,Lower middle income,2,7.060595091414613
Cape Verde,CPV,1996,8.967742,1179.51522705182,Sub-Saharan Africa,Lower middle income,2,7.072858808515837
Cape Verde,CPV,1997,9.076923,1133.57422614008,Sub-Saharan Africa,Lower middle income,2,7.033130951826607
Cape Verde,CPV,1998,9.186104,1186.74294773086,Sub-Saharan Africa,Lower middle income,2,7.0789678149076485
Cape Verde,CPV,1999,9.295285,1326.74466945164,Sub-Saharan Africa,Lower middle income,2,7.190483603951028
Cape Verde,CPV,2000,9.404467,1189.51479345891,Sub-Saharan Africa,Lower middle income,2,7.081300766369258
Cape Verde,CPV,2001,9.513648,1223.33055331575,Sub-Saharan Africa,Lower middle income,2,7.109332379883987
Cape Verde,CPV,2002,9.6228285,1328.57874270666,Sub-Saharan Africa,Lower middle income,2,7.191865035333958
Cape Verde,CPV,2003,9.73201,1717.97565369655,Sub-Saharan Africa,Lower middle income,2,7.448901931137937
Cape Verde,CPV,2004,9.841191,1929.49081468781,Sub-Saharan Africa,Lower middle income,2,7.565011420503948
Cape Verde,CPV,2005,9.950372,2004.14680417563,Sub-Saharan Africa,Lower middle income,2,7.602973715098359
Cape Verde,CPV,2006,10.059553,2256.99666191075,Sub-Saharan Africa,Lower middle income,2,7.721790297822534
Cape Verde,CPV,2007,10.168735,3324.57675212498,Sub-Saharan Africa,Lower middle income,2,8.109097652393574
Cape Verde,CPV,2008,10.277916,3908.64885822576,Sub-Saharan Africa,Lower middle income,2,8.270947032703532
Cape Verde,CPV,2009,10.387096,3659.72046361628,Sub-Saharan Africa,Lower middle income,2,8.205142047417487
Cape Verde,CPV,2010,10.496278,3579.46006137809,Sub-Saharan Africa,Lower middle income,2,8.18296724717603
Cape Verde,CPV,2011,10.623325,4002.01386888785,Sub-Saharan Africa,Lower middle income,2,8.294552980626891
Cape Verde,CPV,2012,10.750372,3736.81517011087,Sub-Saharan Africa,Lower middle income,2,8.225988968832535
Cape Verde,CPV,2013,10.877419,3960.97596791345,Sub-Saharan Africa,Lower middle income,2,8.284245730426901
Cape Verde,CPV,2014,11.004466,3985.60706548134,Sub-Saharan Africa,Lower middle income,2,8.290444917258588
Cape Verde,CPV,2015,11.131514,3415.06266730931,Sub-Saharan Africa,Lower middle income,2,8.13595112243954
Cape Verde,CPV,2016,11.285359,3608.96605234906,Sub-Saharan Africa,Lower middle income,2,8.191176598211477
Cape Verde,CPV,2017,11.439206,3893.09571382506,Sub-Saharan Africa,Lower middle income,2,8.266959933443609
Cape Verde,CPV,2018,11.593052,4294.96510035729,Sub-Saharan Africa,Lower middle income,2,8.36519870874094
Cape Verde,CPV,2019,11.746899,4380.78117331128,Sub-Saharan Africa,Lower middle income,2,8.384982337539077
Cape Verde,CPV,2020,11.900744,3539.22661248299,Sub-Saharan Africa,Lower middle income,2,8.171663511209541
Cape Verde,CPV,2021,12.05459,3971.44409203423,Sub-Saharan Africa,Lower middle income,2,8.286885058681952
Cape Verde,CPV,2022,12.208437,4323.31362032709,Sub-Saharan Africa,Lower middle income,2,8.371777428954365
Cape Verde,CPV,2023,12.362283,4794.90121917259,Sub-Saharan Africa,Lower middle income,2,8.47530838630713
Cape Verde,CPV,2024,12.5161295,5192.48157325878,Sub-Saharan Africa,Lower middle income,2,8.55496700702154
Cape Verde,CPV,2025,12.669975,,Sub-Saharan Africa,Lower middle income,2,
Cayman Islands,CYM,1990,54.708332,,Latin America & Caribbean,High income,4,
Cayman Islands,CYM,1991,54.625,,Latin America & Caribbean,High income,4,
Cayman Islands,CYM,1992,54.541668,,Latin America & Caribbean,High income,4,
Cayman Islands,CYM,1993,54.458332,,Latin America & Caribbean,High income,4,
Cayman Islands,CYM,1994,54.375,,Latin America & Caribbean,High income,4,
Cayman Islands,CYM,1995,54.291668,,Latin America & Caribbean,High income,4,
Cayman Islands,CYM,1996,54.208332,,Latin America & Caribbean,High income,4,
Cayman Islands,CYM,1997,54.125,,Latin America & Caribbean,High income,4,
Cayman Islands,CYM,1998,54.041668,,Latin America & Caribbean,High income,4,
Cayman Islands,CYM,1999,53.958332,,Latin America & Caribbean,High income,4,
Cayman Islands,CYM,2000,53.875,,Latin America & Caribbean,High income,4,
Cayman Islands,CYM,2001,53.7875,,Latin America & Caribbean,High income,4,
Cayman Islands,CYM,2002,53.7,,Latin America & Caribbean,High income,4,
Cayman Islands,CYM,2003,53.6125,,Latin America & Caribbean,High income,4,
Cayman Islands,CYM,2004,53.525,,Latin America & Caribbean,High income,4,
Cayman Islands,CYM,2005,53.4375,,Latin America & Caribbean,High income,4,
Cayman Islands,CYM,2006,53.35,87085.0945866141,Latin America & Caribbean,High income,4,11.374641018306583
Cayman Islands,CYM,2007,53.2625,89888.2611264853,Latin America & Caribbean,High income,4,11.40632263492028
Cayman Islands,CYM,2008,53.175,89655.1185574521,Latin America & Caribbean,High income,4,11.403725572299715
Cayman Islands,CYM,2009,53.0875,81373.5721242232,Latin America & Caribbean,High income,4,11.306805832496378
Cayman Islands,CYM,2010,53.0,76837.6710064442,Latin America & Caribbean,High income,4,11.249450306772498
Cayman Islands,CYM,2011,53.0,75280.9617699986,Latin America & Caribbean,High income,4,11.228982550080925
Cayman Islands,CYM,2012,53.0,75101.5906883232,Latin America & Caribbean,High income,4,11.226597018464307
Cayman Islands,CYM,2013,53.0,75113.7342282813,Latin America & Caribbean,High income,4,11.226758700236674
Cayman Islands,CYM,2014,53.0,75845.3055572577,Latin America & Caribbean,High income,4,11.236451091724332
Cayman Islands,CYM,2015,53.0,76379.2098777987,Latin America & Caribbean,High income,4,11.243465816104356
Cayman Islands,CYM,2016,53.0,77802.2535658023,Latin America & Caribbean,High income,4,11.26192567588839
Cayman Islands,CYM,2017,53.0,80053.9442657031,Latin America & Caribbean,High income,4,11.29045598973697
Cayman Islands,CYM,2018,53.0,83865.5540393356,Latin America & Caribbean,High income,4,11.336970248430715
Cayman Islands,CYM,2019,53.0,88254.2902486867,Latin America & Caribbean,High income,4,11.387977588329882
Cayman Islands,CYM,2020,53.0,82338.7977439023,Latin America & Caribbean,High income,4,11.318597694098793
Cayman Islands,CYM,2021,53.0,86449.6749037302,Latin America & Caribbean,High income,4,11.36731773059228
Cayman Islands,CYM,2022,53.0,93030.7051447803,Latin America & Caribbean,High income,4,11.440684880490734
Cayman Islands,CYM,2023,53.0,99143.5180243123,Latin America & Caribbean,High income,4,11.504323756362687
Cayman Islands,CYM,2024,53.0,,Latin America & Caribbean,High income,4,
Cayman Islands,CYM,2025,53.0,,Latin America & Caribbean,High income,4,
Central African Republic,CAF,1990,74.53676,501.656200636394,Sub-Saharan Africa,Low income,1,6.217915025778425
Central African Republic,CAF,1991,74.48058,464.828283626364,Sub-Saharan Africa,Low income,1,6.141668054861825
Central African Republic,CAF,1992,74.424416,461.587303490896,Sub-Saharan Africa,Low income,1,6.134671209379941
Central African Republic,CAF,1993,74.36825,404.954546941526,Sub-Saharan Africa,Low income,1,6.003774831034297
Central African Republic,CAF,1994,74.31208,261.260397409459,Sub-Saharan Africa,Low income,1,5.565517601183568
Central African Republic,CAF,1995,74.25591,333.145863233895,Sub-Saharan Africa,Low income,1,5.808580421803717
Central African Republic,CAF,1996,74.199745,293.306575328658,Sub-Saharan Africa,Low income,1,5.681218394172818
Central African Republic,CAF,1997,74.14358,265.5212823896,Sub-Saharan Africa,Low income,1,5.58169499712889
Central African Republic,CAF,1998,74.0874,266.570544600384,Sub-Saharan Africa,Low income,1,5.585638916270748
Central African Republic,CAF,1999,74.031235,267.995954011083,Sub-Saharan Africa,Low income,1,5.590971883423325
Central African Republic,CAF,2000,73.97507,239.154133726071,Sub-Saharan Africa,Low income,1,5.47710825505353
Central African Republic,CAF,2001,73.9189,237.951702544735,Sub-Saharan Africa,Low income,1,5.472067722593991
Central African Republic,CAF,2002,73.86273,248.639290978403,Sub-Saharan Africa,Low income,1,5.51600321557613
Central African Republic,CAF,2003,73.806564,278.403992150941,Sub-Saharan Africa,Low income,1,5.629073267980086
Central African Republic,CAF,2004,73.7504,303.461321152782,Sub-Saharan Africa,Low income,1,5.71525415971835
Central African Republic,CAF,2005,73.69422,311.950023138687,Sub-Saharan Africa,Low income,1,5.742842992731138
Central African Republic,CAF,2006,73.638054,333.942519903031,Sub-Saharan Africa,Low income,1,5.810968882067758
Central African Republic,CAF,2007,73.58189,380.887048839475,Sub-Saharan Africa,Low income,1,5.942502871434915
Central African Republic,CAF,2008,73.52572,437.24827472489,Sub-Saharan Africa,Low income,1,6.080501168150252
Central African Republic,CAF,2009,73.46956,456.471673898404,Sub-Saharan Africa,Low income,1,6.1235266475038985
Central African Republic,CAF,2010,73.41338,476.873786950728,Sub-Saharan Africa,Low income,1,6.167251858288651
Central African Republic,CAF,2011,73.357216,534.057281471636,Sub-Saharan Africa,Low income,1,6.2805031018807975
Central African Republic,CAF,2012,73.30104,544.395849142785,Sub-Saharan Africa,Low income,1,6.299676646102367
Central African Republic,CAF,2013,73.24487,364.36696260838,Sub-Saharan Africa,Low income,1,5.898161498839876
Central African Republic,CAF,2014,73.188705,409.8504859647,Sub-Saharan Africa,Low income,1,6.015792424811891
Central African Republic,CAF,2015,73.13254,366.322853938121,Sub-Saharan Africa,Low income,1,5.903515059151974
Central African Republic,CAF,2016,73.05785,387.176203444318,Sub-Saharan Africa,Low income,1,5.958879895467099
Central African Republic,CAF,2017,72.98318,432.324025684263,Sub-Saharan Africa,Low income,1,6.0691753665444095
Central African Republic,CAF,2018,72.9085,455.243962859534,Sub-Saharan Africa,Low income,1,6.120833457365551
Central African Republic,CAF,2019,72.83382,449.228467602439,Sub-Saharan Africa,Low income,1,6.107531594859889
Central African Republic,CAF,2020,72.75914,462.879071294011,Sub-Saharan Africa,Low income,1,6.137465834861335
Central African Republic,CAF,2021,72.684456,492.263142830507,Sub-Saharan Africa,Low income,1,6.199013416666125
Central African Republic,CAF,2022,72.60978,467.359825026238,Sub-Saharan Africa,Low income,1,6.147099464251818
Central African Republic,CAF,2023,72.5351,495.978897288721,Sub-Saharan Africa,Low income,1,6.206533380030961
Central African Republic,CAF,2024,72.46043,516.160999996036,Sub-Saharan Africa,Low income,1,6.246418732311045
Central African Republic,CAF,2025,72.38574,,Sub-Saharan Africa,Low income,1,
Chad,TCD,1990,5.344727,290.599045262191,Sub-Saharan Africa,Low income,1,5.671944465728828
Chad,TCD,1991,5.31476,302.487268390603,Sub-Saharan Africa,Low income,1,5.712039188620224
Chad,TCD,1992,5.2847934,290.648286132566,Sub-Saharan Africa,Low income,1,5.672113897458948
Chad,TCD,1993,5.254827,220.729964903293,Sub-Saharan Africa,Low income,1,5.396940076150222
Chad,TCD,1994,5.22486,173.928895064035,Sub-Saharan Africa,Low income,1,5.158646566637478
Chad,TCD,1995,5.1948934,203.964852705041,Sub-Saharan Africa,Low income,1,5.317947688338911
Chad,TCD,1996,5.164927,216.912541056484,Sub-Saharan Africa,Low income,1,5.379494235693313
Chad,TCD,1997,5.13496,201.384076969355,Sub-Saharan Africa,Low income,1,5.305213915437743
Chad,TCD,1998,5.104994,219.779530915601,Sub-Saharan Africa,Low income,1,5.39262491168035
Chad,TCD,1999,5.075027,186.638531146223,Sub-Saharan Africa,Low income,1,5.229173757698403
Chad,TCD,2000,5.04506,163.121663683369,Sub-Saharan Africa,Low income,1,5.094496325352057
Chad,TCD,2001,4.9797254,194.32295331156,Sub-Saharan Africa,Low income,1,5.269521482764716
Chad,TCD,2002,4.91439,219.061391951349,Sub-Saharan Africa,Low income,1,5.389352019076768
Chad,TCD,2003,4.849055,289.087621122168,Sub-Saharan Africa,Low income,1,5.666729829434396
Chad,TCD,2004,4.78372,445.850767157087,Sub-Saharan Africa,Low income,1,6.099984293241261
Chad,TCD,2005,4.7183847,838.092107712557,Sub-Saharan Africa,Low income,1,6.7311280081801455
Chad,TCD,2006,4.6530495,906.897260572747,Sub-Saharan Africa,Low income,1,6.810029169799216
Chad,TCD,2007,4.587714,980.483531485103,Sub-Saharan Africa,Low income,1,6.888045849457715
Chad,TCD,2008,4.5223794,1166.36883453841,Sub-Saharan Africa,Low income,1,7.0616506415373514
Chad,TCD,2009,4.457044,1035.63719694254,Sub-Saharan Africa,Low income,1,6.94277216548508
Chad,TCD,2010,4.391709,1141.80069268412,Sub-Saharan Africa,Low income,1,7.04036185018974
Chad,TCD,2011,4.290124,1308.1421872538,Sub-Saharan Africa,Low income,1,7.17636323196062
Chad,TCD,2012,4.1885386,1354.34344701937,Sub-Saharan Africa,Low income,1,7.211072074940789
Chad,TCD,2013,4.0869536,1304.88742971475,Sub-Saharan Africa,Low income,1,7.17387205528114
Chad,TCD,2014,3.9853685,1278.78981422494,Sub-Saharan Africa,Low income,1,7.153669452049914
Chad,TCD,2015,3.8837833,993.990730610869,Sub-Saharan Africa,Low income,1,6.901727881271915
Chad,TCD,2016,3.7821999,861.831767630746,Sub-Saharan Africa,Low income,1,6.759060086454947
Chad,TCD,2017,3.6806164,854.46120040098,Sub-Saharan Africa,Low income,1,6.750471095323443
Chad,TCD,2018,3.5790327,948.656629871231,Sub-Saharan Africa,Low income,1,6.855046910028915
Chad,TCD,2019,3.4774492,893.336441643325,Sub-Saharan Africa,Low income,1,6.794963264282223
Chad,TCD,2020,3.3758657,866.947814890409,Sub-Saharan Africa,Low income,1,6.764978784531204
Chad,TCD,2021,3.274282,946.358500208374,Sub-Saharan Africa,Low income,1,6.852621461542517
Chad,TCD,2022,3.1726985,966.036468278568,Sub-Saharan Africa,Low income,1,6.873201585341103
Chad,TCD,2023,3.071115,949.333453674592,Sub-Saharan Africa,Low income,1,6.855760110627715
Chad,TCD,2024,2.9695315,961.55975562506,Sub-Saharan Africa,Low income,1,6.868556711433702
Chad,TCD,2025,2.8679478,,Sub-Saharan Africa,Low income,1,
Chile,CHL,1990,22.609585,2487.76829657299,Latin America & Caribbean,High income,4,7.819141321135291
Chile,CHL,1991,22.692116,2798.34262413795,Latin America & Caribbean,High income,4,7.9367826009587885
Chile,CHL,1992,22.774647,3351.84108855522,Latin America & Caribbean,High income,4,8.11726505252926
Chile,CHL,1993,22.857176,3540.91377313015,Latin America & Caribbean,High income,4,8.172140100821386
Chile,CHL,1994,22.939707,4012.10159912285,Latin America & Caribbean,High income,4,8.297070472570468
Chile,CHL,1995,23.022238,5081.4682771561,Latin America & Caribbean,High income,4,8.533355529747373
Chile,CHL,1996,23.104767,5333.50438729711,Latin America & Caribbean,High income,4,8.581763784657701
Chile,CHL,1997,23.187298,5741.95842989596,Latin America & Caribbean,High income,4,8.655555620998927
Chile,CHL,1998,23.269829,5419.82417297191,Latin America & Caribbean,High income,4,8.597818653496404
Chile,CHL,1999,23.352358,4933.55581516755,Latin America & Caribbean,High income,4,8.503815267736325
Chile,CHL,2000,23.434889,5052.99245766325,Latin America & Caribbean,High income,4,8.527735912645484
Chile,CHL,2001,23.517416,4563.5952986689,Latin America & Caribbean,High income,4,8.425866034541322
Chile,CHL,2002,23.599947,4430.84741157984,Latin America & Caribbean,High income,4,8.396346134041393
Chile,CHL,2003,23.682478,4773.40177520754,Latin America & Caribbean,High income,4,8.470814490125202
Chile,CHL,2004,23.765005,6120.59152055344,Latin America & Caribbean,High income,4,8.719414024520908
Chile,CHL,2005,23.847536,7480.32330998636,Latin America & Caribbean,High income,4,8.920031293294633
Chile,CHL,2006,23.930063,9318.65655296121,Latin America & Caribbean,High income,4,9.139773750611525
Chile,CHL,2007,24.012594,10346.4138184533,Latin America & Caribbean,High income,4,9.244395247680954
Chile,CHL,2008,24.095121,10683.2188772511,Latin America & Caribbean,High income,4,9.27642946010548
Chile,CHL,2009,24.177652,10098.8017167286,Latin America & Caribbean,High income,4,9.220172053882784
Chile,CHL,2010,24.26018,12632.8704724192,Latin America & Caribbean,High income,4,9.444057463664135
Chile,CHL,2011,24.308294,14487.3927832032,Latin America & Caribbean,High income,4,9.58103408697891
Chile,CHL,2012,24.356407,15241.9069981119,Latin America & Caribbean,High income,4,9.631803952522098
Chile,CHL,2013,24.40452,15683.5486369155,Latin America & Caribbean,High income,4,9.660367584428581
Chile,CHL,2014,24.452635,14529.6767206336,Latin America & Caribbean,High income,4,9.58394850722071
Chile,CHL,2015,24.500748,13433.9202987032,Latin America & Caribbean,High income,4,9.505538153004625
Chile,CHL,2016,24.492472,13649.8520452803,Latin America & Caribbean,High income,4,9.521483961380758
Chile,CHL,2017,24.484194,14879.9086227187,Latin America & Caribbean,High income,4,9.607767167421903
Chile,CHL,2018,24.475918,15659.4808675628,Latin America & Caribbean,High income,4,9.658831818775825
Chile,CHL,2019,24.467642,14495.716721687,Latin America & Caribbean,High income,4,9.581608486265589
Chile,CHL,2020,24.459364,13114.815470545,Latin America & Caribbean,High income,4,9.48149782209486
Chile,CHL,2021,24.452795,16206.8325493421,Latin America & Caribbean,High income,4,9.693188194608823
Chile,CHL,2022,24.446226,15405.6165774073,Latin America & Caribbean,High income,4,9.642487434728823
Chile,CHL,2023,24.43966,17067.0364799154,Latin America & Caribbean,High income,4,9.744904190869768
Chile,CHL,2024,24.43309,16709.8893972307,Latin America & Caribbean,High income,4,9.723756002610664
Chile,CHL,2025,24.426521,,Latin America & Caribbean,High income,4,
China,CHN,1000,31.0,,East Asia & Pacific,Upper middle income,3,
China,CHN,1050,30.5,,East Asia & Pacific,Upper middle income,3,
China,CHN,1100,30.2,,East Asia & Pacific,Upper middle income,3,
China,CHN,1150,29.7,,East Asia & Pacific,Upper middle income,3,
China,CHN,1200,29.1,,East Asia & Pacific,Upper middle income,3,
China,CHN,1250,28.6,,East Asia & Pacific,Upper middle income,3,
China,CHN,1300,28.2,,East Asia & Pacific,Upper middle income,3,
China,CHN,1350,27.8,,East Asia & Pacific,Upper middle income,3,
China,CHN,1400,27.4,,East Asia & Pacific,Upper middle income,3,
China,CHN,1450,26.9,,East Asia & Pacific,Upper middle income,3,
China,CHN,1500,26.6,,East Asia & Pacific,Upper middle income,3,
China,CHN,1550,26.1,,East Asia & Pacific,Upper middle income,3,
China,CHN,1600,26.0,,East Asia & Pacific,Upper middle income,3,
China,CHN,1650,24.9,,East Asia & Pacific,Upper middle income,3,
China,CHN,1700,23.5,,East Asia & Pacific,Upper middle income,3,
China,CHN,1750,22.4,,East Asia & Pacific,Upper middle income,3,
China,CHN,1800,20.6,,East Asia & Pacific,Upper middle income,3,
China,CHN,1850,18.1,,East Asia & Pacific,Upper middle income,3,
China,CHN,1900,15.3,,East Asia & Pacific,Upper middle income,3,
China,CHN,1950,11.5,,East Asia & Pacific,Upper middle income,3,
China,CHN,1960,9.3,89.7150749167731,East Asia & Pacific,Upper middle income,3,4.496638814217206
China,CHN,1990,16.738077,318.50335359039,East Asia & Pacific,Upper middle income,3,5.76363300428297
China,CHN,1991,16.94962,334.130288119078,East Asia & Pacific,Upper middle income,3,5.8115310011025
China,CHN,1992,17.161161,367.822651903542,East Asia & Pacific,Upper middle income,3,5.907600897830996
China,CHN,1993,17.372702,378.939353053314,East Asia & Pacific,Upper middle income,3,5.937376173949141
China,CHN,1994,17.584244,475.677874448369,East Asia & Pacific,Upper middle income,3,6.164740890791202
China,CHN,1995,17.795786,612.680277898627,East Asia & Pacific,Upper middle income,3,6.417843230374998
China,CHN,1996,18.007326,713.337387811657,East Asia & Pacific,Upper middle income,3,6.569954503179752
China,CHN,1997,18.218868,786.743548510999,East Asia & Pacific,Upper middle income,3,6.667902335734217
China,CHN,1998,18.43041,835.095348597432,East Asia & Pacific,Upper middle income,3,6.727545908268725
China,CHN,1999,18.64195,881.146614068925,East Asia & Pacific,Upper middle income,3,6.781224029875662
China,CHN,2000,18.853493,969.199513696287,East Asia & Pacific,Upper middle income,3,6.87647048718439
China,CHN,2001,19.104977,1065.40597574519,East Asia & Pacific,Upper middle income,3,6.971111203388879
China,CHN,2002,19.35646,1163.55957673426,East Asia & Pacific,Upper middle income,3,7.059239186187989
China,CHN,2003,19.607943,1306.97245408557,East Asia & Pacific,Upper middle income,3,7.175468637721614
China,CHN,2004,19.859428,1530.92726215723,East Asia & Pacific,Upper middle income,3,7.333628884507642
China,CHN,2005,20.11091,1777.64496828464,East Asia & Pacific,Upper middle income,3,7.483044715755226
China,CHN,2006,20.362396,2129.25696999613,East Asia & Pacific,Upper middle income,3,7.663528357467109
China,CHN,2007,20.613878,2734.72709877693,East Asia & Pacific,Upper middle income,3,7.913786928808856
China,CHN,2008,20.865364,3523.44302065213,East Asia & Pacific,Upper middle income,3,8.167193921400939
China,CHN,2009,21.116846,3898.24459158811,East Asia & Pacific,Upper middle income,3,8.268281626069204
China,CHN,2010,21.36833,4629.24551710077,East Asia & Pacific,Upper middle income,3,8.440149178531815
China,CHN,2011,21.574629,5703.76027973346,East Asia & Pacific,Upper middle income,3,8.64888093451629
China,CHN,2012,21.780928,6405.0574241349,East Asia & Pacific,Upper middle income,3,8.764843179807412
China,CHN,2013,21.987226,7147.03518622344,East Asia & Pacific,Upper middle income,3,8.874452890423676
China,CHN,2014,22.193525,7781.06597484974,East Asia & Pacific,Upper middle income,3,8.95944862254895
China,CHN,2015,22.399824,8175.33285077393,East Asia & Pacific,Upper middle income,3,9.008876710627593
China,CHN,2016,22.587374,8254.86859320357,East Asia & Pacific,Upper middle income,3,9.018558437778536
China,CHN,2017,22.774921,8979.67652709856,East Asia & Pacific,Upper middle income,3,9.102719139166227
China,CHN,2018,22.962471,10085.6638148819,East Asia & Pacific,Upper middle income,3,9.21887027022332
China,CHN,2019,23.15002,10342.9009524335,East Asia & Pacific,Upper middle income,3,9.244055665042044
China,CHN,2020,23.337568,10627.4637989619,East Asia & Pacific,Upper middle income,3,9.271196853872112
China,CHN,2021,23.509167,12887.4357242941,East Asia & Pacific,Upper middle income,3,9.464008140867122
China,CHN,2022,23.680765,12970.6056414327,East Asia & Pacific,Upper middle income,3,9.47044097178179
China,CHN,2023,23.852365,12951.1782397043,East Asia & Pacific,Upper middle income,3,9.468942046749863
China,CHN,2024,24.023962,13303.1481543868,East Asia & Pacific,Upper middle income,3,9.495755989537383
China,CHN,2025,24.195559,,East Asia & Pacific,Upper middle income,3,
Colombia,COL,1990,58.6776,1474.8455285342,Latin America & Caribbean,Upper middle income,3,7.2963085368722345
Colombia,COL,1991,58.449352,1485.73971889208,Latin America & Caribbean,Upper middle income,3,7.303668054412685
Colombia,COL,1992,58.221096,1730.39091795329,Latin America & Caribbean,Upper middle income,3,7.456102626100624
Colombia,COL,1993,57.992847,1929.26721811738,Latin America & Caribbean,Upper middle income,3,7.564895530070404
Colombia,COL,1994,57.76459,2325.91872973374,Latin America & Caribbean,Upper middle income,3,7.751870392542891
Colombia,COL,1995,57.536343,2583.66576349858,Latin America & Caribbean,Upper middle income,3,7.856964508044993
Colombia,COL,1996,57.30809,2664.64056059983,Latin America & Caribbean,Upper middle income,3,7.887824453432261
Colombia,COL,1997,57.079838,2873.2814350993,Latin America & Caribbean,Upper middle income,3,7.963210012796103
Colombia,COL,1998,56.851585,2604.87166959518,Latin America & Caribbean,Upper middle income,3,7.865138689862745
Colombia,COL,1999,56.62333,2241.22911801216,Latin America & Caribbean,Upper middle income,3,7.714779707759222
Colombia,COL,2000,56.39508,2555.00751039968,Latin America & Caribbean,Upper middle income,3,7.845810442124553
Colombia,COL,2001,56.292458,2472.99084035833,Latin America & Caribbean,Upper middle income,3,7.813183563656219
Colombia,COL,2002,56.189835,2428.92969771584,Latin America & Caribbean,Upper middle income,3,7.795205985691528
Colombia,COL,2003,56.08721,2311.94218760291,Latin America & Caribbean,Upper middle income,3,7.745843224117566
Colombia,COL,2004,55.98459,2818.57195413044,Latin America & Caribbean,Upper middle income,3,7.943985636424234
Colombia,COL,2005,55.881966,3456.06610874512,Latin America & Caribbean,Upper middle income,3,8.14788625842882
Colombia,COL,2006,55.779343,3789.85361217027,Latin America & Caribbean,Upper middle income,3,8.240082672573331
Colombia,COL,2007,55.67672,4769.926147194,Latin America & Caribbean,Upper middle income,3,8.470086100993974
Colombia,COL,2008,55.574097,5541.83629665898,Latin America & Caribbean,Upper middle income,3,8.620081186310896
Colombia,COL,2009,55.471474,5250.97292433518,Latin America & Caribbean,Upper middle income,3,8.566168657337226
Colombia,COL,2010,55.36885,6398.2958447102,Latin America & Caribbean,Upper middle income,3,8.763786959626445
Colombia,COL,2011,55.284492,7400.9940695669,Latin America & Caribbean,Upper middle income,3,8.90936960389555
Colombia,COL,2012,55.200134,8108.59838244229,Latin America & Caribbean,Upper middle income,3,9.00068030633393
Colombia,COL,2013,55.115776,8279.10255642981,Latin America & Caribbean,Upper middle income,3,9.021489854600409
Colombia,COL,2014,55.031418,8187.20824890084,Latin America & Caribbean,Upper middle income,3,9.010328245586576
Colombia,COL,2015,54.947056,6248.51490534512,Latin America & Caribbean,Upper middle income,3,8.740099099350715
Colombia,COL,2016,54.79555,5959.84250367574,Latin America & Caribbean,Upper middle income,3,8.692799334152472
Colombia,COL,2017,54.644047,6479.53231292429,Latin America & Caribbean,Upper middle income,3,8.77640361281022
Colombia,COL,2018,54.49254,6816.96818309544,Latin America & Caribbean,Upper middle income,3,8.827170104063562
Colombia,COL,2019,54.341034,6472.54544924705,Latin America & Caribbean,Upper middle income,3,8.77532473350093
Colombia,COL,2020,54.189526,5339.68711357943,Latin America & Caribbean,Upper middle income,3,8.582922337274953
Colombia,COL,2021,54.069397,6222.62164397614,Latin America & Caribbean,Upper middle income,3,8.735946583102677
Colombia,COL,2022,53.94927,6680.44506854481,Latin America & Caribbean,Upper middle income,3,8.806939891338876
Colombia,COL,2023,53.829136,7000.83660501046,Latin America & Caribbean,Upper middle income,3,8.853784935897595
Colombia,COL,2024,53.709007,7919.20886825345,Latin America & Caribbean,Upper middle income,3,8.977046589447056
Colombia,COL,2025,53.58888,,Latin America & Caribbean,Upper middle income,3,
Comoros,COM,1990,25.341215,903.20430581841,Sub-Saharan Africa,Lower middle income,2,6.805948780116394
Comoros,COM,1991,25.105858,879.348889291867,Sub-Saharan Africa,Lower middle income,2,6.77918173508027
Comoros,COM,1992,24.8705,938.595399659213,Sub-Saharan Africa,Lower middle income,2,6.8443845020689675
Comoros,COM,1993,24.635143,903.033729112507,Sub-Saharan Africa,Lower middle income,2,6.805759905003467
Comoros,COM,1994,24.399786,652.898017688557,Sub-Saharan Africa,Lower middle income,2,6.4814209420240285
Comoros,COM,1995,24.164427,800.623567802959,Sub-Saharan Africa,Lower middle income,2,6.685390883800635
Comoros,COM,1996,23.92907,786.380773511866,Sub-Saharan Africa,Lower middle income,2,6.667441119795356
Comoros,COM,1997,23.693712,714.519968676115,Sub-Saharan Africa,Lower middle income,2,6.571610944741623
Comoros,COM,1998,23.458355,704.479817408486,Sub-Saharan Africa,Lower middle income,2,6.557459682821182
Comoros,COM,1999,23.222998,707.228776682623,Sub-Saharan Africa,Lower middle income,2,6.561354201506073
Comoros,COM,2000,22.98764,633.309032776244,Sub-Saharan Africa,Lower middle income,2,6.450958506449634
Comoros,COM,2001,22.693176,681.163857619963,Sub-Saharan Africa,Lower middle income,2,6.523802890451961
Comoros,COM,2002,22.39871,764.61349832543,Sub-Saharan Africa,Lower middle income,2,6.639370475207226
Comoros,COM,2003,22.104244,959.691049354812,Sub-Saharan Africa,Lower middle income,2,6.86661140907682
Comoros,COM,2004,21.80978,1072.28409029621,Sub-Saharan Africa,Lower middle income,2,6.9775463161265785
Comoros,COM,2005,21.515314,1105.78796866788,Sub-Saharan Africa,Lower middle income,2,7.0083134536383485
Comoros,COM,2006,21.220848,1138.47908404345,Sub-Saharan Africa,Lower middle income,2,7.0374485138316984
Comoros,COM,2007,20.926384,1289.73631056361,Sub-Saharan Africa,Lower middle income,2,7.162193066045255
Comoros,COM,2008,20.631918,1455.02768595586,Sub-Saharan Africa,Lower middle income,2,7.282780207572918
Comoros,COM,2009,20.337454,1410.30516959473,Sub-Saharan Africa,Lower middle income,2,7.251561392290802
Comoros,COM,2010,20.042988,1386.5742428453,Sub-Saharan Africa,Lower middle income,2,7.234591410571615
Comoros,COM,2011,19.748522,1531.43789372951,Sub-Saharan Africa,Lower middle income,2,7.333962372874326
Comoros,COM,2012,19.454058,1490.31511351281,Sub-Saharan Africa,Lower middle income,2,7.306742862158649
Comoros,COM,2013,19.159592,1603.32797107303,Sub-Saharan Africa,Lower middle income,2,7.379836729981009
Comoros,COM,2014,18.865126,1615.71723662012,Sub-Saharan Africa,Lower middle income,2,7.387534246431685
Comoros,COM,2015,18.570662,1329.37048235986,Sub-Saharan Africa,Lower middle income,2,7.192460787629863
Comoros,COM,2016,18.389038,1365.48403444497,Sub-Saharan Africa,Lower middle income,2,7.219264248750914
Comoros,COM,2017,18.207415,1423.9248027797,Sub-Saharan Africa,Lower middle income,2,7.261172283540853
Comoros,COM,2018,18.025793,1527.40527125285,Sub-Saharan Africa,Lower middle income,2,7.331325673576291
Comoros,COM,2019,17.84417,1510.23218151592,Sub-Saharan Africa,Lower middle income,2,7.320018680582039
Comoros,COM,2020,17.662546,1519.34665556206,Sub-Saharan Africa,Lower middle income,2,7.32603568956906
Comoros,COM,2021,17.716282,1554.97289190153,Sub-Saharan Africa,Lower middle income,2,7.349213391600628
Comoros,COM,2022,17.770016,1465.479642862,Sub-Saharan Africa,Lower middle income,2,7.289937869138057
Comoros,COM,2023,17.823751,1560.27378476855,Sub-Saharan Africa,Lower middle income,2,7.352616587901486
Comoros,COM,2024,17.877485,1662.75663312504,Sub-Saharan Africa,Lower middle income,2,7.416232126406334
Comoros,COM,2025,17.93122,,Sub-Saharan Africa,Lower middle income,2,
Congo,COG,1990,65.16837,1175.66709098428,Sub-Saharan Africa,Lower middle income,2,7.069591002484475
Congo,COG,1991,65.13323,1112.53521242945,Sub-Saharan Africa,Lower middle income,2,7.01439666516147
Congo,COG,1992,65.0981,1164.22442980292,Sub-Saharan Africa,Lower middle income,2,7.059810418815133
Congo,COG,1993,65.06296,1034.37200809816,Sub-Saharan Africa,Lower middle income,2,6.941549766088166
Congo,COG,1994,65.02782,661.904273689712,Sub-Saharan Africa,Lower middle income,2,6.495120943804006
Congo,COG,1995,64.992676,769.606794842829,Sub-Saharan Africa,Lower middle income,2,6.645879728370251
Congo,COG,1996,64.95754,898.794050151577,Sub-Saharan Africa,Lower middle income,2,6.8010539205202125
Congo,COG,1997,64.9224,804.304050086499,Sub-Saharan Africa,Lower middle income,2,6.68997736943943
Congo,COG,1998,64.88726,660.379775085784,Sub-Saharan Africa,Lower middle income,2,6.492815086328349
Congo,COG,1999,64.85212,776.416349733937,Sub-Saharan Africa,Lower middle income,2,6.654688909463054
Congo,COG,2000,64.816986,1024.30159109181,Sub-Saharan Africa,Lower middle income,2,6.9317662847867965
Congo,COG,2001,64.781845,854.598314408095,Sub-Saharan Africa,Lower middle income,2,6.75063155083271
Congo,COG,2002,64.746704,905.538135544704,Sub-Saharan Africa,Lower middle income,2,6.8085293918918595
Congo,COG,2003,64.71156,1016.82363412143,Sub-Saharan Africa,Lower middle income,2,6.924438963233587
Congo,COG,2004,64.67643,1306.10136324599,Sub-Saharan Africa,Lower middle income,2,7.1748019203360816
Congo,COG,2005,64.64129,1799.05158366154,Sub-Saharan Africa,Lower middle income,2,7.495014907058933
Congo,COG,2006,64.60615,2103.5821381211,Sub-Saharan Africa,Lower middle income,2,7.651396950578692
Congo,COG,2007,64.57101,2206.47101863414,Sub-Saharan Africa,Lower middle income,2,7.699149694081825
Congo,COG,2008,64.53587,2832.09177777643,Sub-Saharan Africa,Lower middle income,2,7.948770861695433
Congo,COG,2009,64.50073,2271.15219175966,Sub-Saharan Africa,Lower middle income,2,7.728042555166016
Congo,COG,2010,64.46559,2946.55798067708,Sub-Saharan Africa,Lower middle income,2,7.988392981897728
Congo,COG,2011,64.40603,3396.16505817952,Sub-Saharan Africa,Lower middle income,2,8.130402149954334
Congo,COG,2012,64.34647,3732.32737320389,Sub-Saharan Africa,Lower middle income,2,8.22478727869983
Congo,COG,2013,64.28691,3697.41705884249,Sub-Saharan Africa,Lower middle income,2,8.21538976264776
Congo,COG,2014,64.22735,3601.2365808718,Sub-Saharan Africa,Lower middle income,2,8.189032560150018
Congo,COG,2015,64.167786,2439.35189403696,Sub-Saharan Africa,Lower middle income,2,7.799487665806785
Congo,COG,2016,64.09195,2093.10728558843,Sub-Saharan Africa,Lower middle income,2,7.646404980371864
Congo,COG,2017,64.016106,2211.63309874797,Sub-Saharan Africa,Lower middle income,2,7.701486480325731
Congo,COG,2018,63.94026,2694.43413191427,Sub-Saharan Africa,Lower middle income,2,7.898943491691299
Congo,COG,2019,63.86442,2488.42466724916,Sub-Saharan Africa,Lower middle income,2,7.819405125487231
Congo,COG,2020,63.788578,1993.586671931,Sub-Saharan Africa,Lower middle income,2,7.597690643142918
Congo,COG,2021,63.829575,2516.16255145432,Sub-Saharan Africa,Lower middle income,2,7.830490222829694
Congo,COG,2022,63.87057,2620.83804267402,Sub-Saharan Africa,Lower middle income,2,7.871249409225721
Congo,COG,2023,63.911568,2477.97845544866,Sub-Saharan Africa,Lower middle income,2,7.8151983678206465
Congo,COG,2024,63.95256,2482.2489948456,Sub-Saharan Africa,Lower middle income,2,7.81692028097681
Congo,COG,2025,63.993557,,Sub-Saharan Africa,Lower middle income,2,
Costa Rica,CRI,1940,67.1,,Latin America & Caribbean,Upper middle income,3,
Costa Rica,CRI,1969,56.6,477.081346742249,Latin America & Caribbean,Upper middle income,3,6.167687014592056
Costa Rica,CRI,1990,54.029377,1829.6687089559,Latin America & Caribbean,Upper middle income,3,7.511890196089519
Costa Rica,CRI,1991,54.20625,2253.38191508071,Latin America & Caribbean,Upper middle income,3,7.720187440083548
Costa Rica,CRI,1992,54.383118,2612.38756453737,Latin America & Caribbean,Upper middle income,3,7.868019857849269
Costa Rica,CRI,1993,54.55999,2840.38706479397,Latin America & Caribbean,Upper middle income,3,7.951695612288968
Costa Rica,CRI,1994,54.73686,3039.56328550633,Latin America & Caribbean,Upper middle income,3,8.019469127997299
Costa Rica,CRI,1995,54.91373,3275.25256447416,Latin America & Caribbean,Upper middle income,3,8.094150264019248
Costa Rica,CRI,1996,55.0906,3226.96395598625,Latin America & Caribbean,Upper middle income,3,8.07929702247804
Costa Rica,CRI,1997,55.26747,3407.776128985,Latin America & Caribbean,Upper middle income,3,8.133815195939714
Costa Rica,CRI,1998,55.44434,3617.45756666726,Latin America & Caribbean,Upper middle income,3,8.193526728420881
Costa Rica,CRI,1999,55.621212,3690.96154778297,Latin America & Caribbean,Upper middle income,3,8.21364228514397
Costa Rica,CRI,2000,55.79808,3812.75388284924,Latin America & Caribbean,Upper middle income,3,8.246107010921255
Costa Rica,CRI,2001,55.860165,3985.12984506207,Latin America & Caribbean,Upper middle income,3,8.290325174146954
Costa Rica,CRI,2002,55.92225,4067.71851429092,Latin America & Caribbean,Upper middle income,3,8.310837559663966
Costa Rica,CRI,2003,55.984333,4173.14856415514,Latin America & Caribbean,Upper middle income,3,8.336426081241125
Costa Rica,CRI,2004,56.046417,4431.0117207843,Latin America & Caribbean,Upper middle income,3,8.396383216374122
Costa Rica,CRI,2005,56.1085,4703.00721784778,Latin America & Caribbean,Upper middle income,3,8.455957416676547
Costa Rica,CRI,2006,56.17058,5256.59640859159,Latin America & Caribbean,Upper middle income,3,8.567239025681252
Costa Rica,CRI,2007,56.232666,6137.71199925542,Latin America & Caribbean,Upper middle income,3,8.722207313136439
Costa Rica,CRI,2008,56.29475,6937.24261596055,Latin America & Caribbean,Upper middle income,3,8.844659656964371
Costa Rica,CRI,2009,56.356834,6832.69829924138,Latin America & Caribbean,Upper middle income,3,8.829474940321626
Costa Rica,CRI,2010,56.41892,8265.78820275582,Latin America & Caribbean,Upper middle income,3,9.019880372042687
Costa Rica,CRI,2011,56.707638,9276.39107511347,Latin America & Caribbean,Upper middle income,3,9.135227857373899
Costa Rica,CRI,2012,56.996357,10126.9991024177,Latin America & Caribbean,Upper middle income,3,9.222960314699685
Costa Rica,CRI,2013,57.285076,10803.2401962173,Latin America & Caribbean,Upper middle income,3,9.287601386284129
Costa Rica,CRI,2014,57.573795,10911.497878334,Latin America & Caribbean,Upper middle income,3,9.297572363475926
Costa Rica,CRI,2015,57.862514,11714.7105980732,Latin America & Caribbean,Upper middle income,3,9.368600647100541
Costa Rica,CRI,2016,57.931416,12091.0301606154,Latin America & Caribbean,Upper middle income,3,9.400219147639369
Costa Rica,CRI,2017,58.000313,12317.0902771304,Latin America & Caribbean,Upper middle income,3,9.418743030388555
Costa Rica,CRI,2018,58.069214,12590.2493781614,Latin America & Caribbean,Upper middle income,3,9.440677934480144
Costa Rica,CRI,2019,58.13811,12884.6859951989,Latin America & Caribbean,Upper middle income,3,9.463794752995097
Costa Rica,CRI,2020,58.207012,12394.0493969492,Latin America & Caribbean,Upper middle income,3,9.42497174906754
Costa Rica,CRI,2021,58.27591,12838.1185358931,Latin America & Caribbean,Upper middle income,3,9.460174035034667
Costa Rica,CRI,2022,58.34481,13625.9008491328,Latin America & Caribbean,Upper middle income,3,9.519727734713333
Costa Rica,CRI,2023,58.413708,16942.0268119375,Latin America & Caribbean,Upper middle income,3,9.737552607562401
Costa Rica,CRI,2024,58.48261,18587.1532203482,Latin America & Caribbean,Upper middle income,3,9.830225933989032
Costa Rica,CRI,2025,58.55151,,Latin America & Caribbean,Upper middle income,3,
Cote d'Ivoire,CIV,1990,26.091507,885.647842214928,Sub-Saharan Africa,Lower middle income,2,6.786319402309851
Cote d'Ivoire,CIV,1991,25.420288,827.241889166985,Sub-Saharan Africa,Lower middle income,2,6.718097142180655
Cote d'Ivoire,CIV,1992,24.749067,844.902223806738,Sub-Saharan Africa,Lower middle income,2,6.739220909190769
Cote d'Ivoire,CIV,1993,24.077848,804.149657211252,Sub-Saharan Africa,Lower middle income,2,6.689785392666931
Cote d'Ivoire,CIV,1994,23.40663,581.888468577405,Sub-Saharan Africa,Lower middle income,2,6.366278794620427
Cote d'Ivoire,CIV,1995,22.735409,740.4730999133,Sub-Saharan Africa,Lower middle income,2,6.60728930612472
Cote d'Ivoire,CIV,1996,22.064188,1170.23622049666,Sub-Saharan Africa,Lower middle income,2,7.064960905273565
Cote d'Ivoire,CIV,1997,21.39297,1124.65674867927,Sub-Saharan Africa,Lower middle income,2,7.025233155797204
Cote d'Ivoire,CIV,1998,20.721748,1177.37133815342,Sub-Saharan Africa,Lower middle income,2,7.071039552959501
Cote d'Ivoire,CIV,1999,20.050528,1096.13520587572,Sub-Saharan Africa,Lower middle income,2,6.99954582292466
Cote d'Ivoire,CIV,2000,19.379309,936.636541348798,Sub-Saharan Africa,Lower middle income,2,6.842295310881395
Cote d'Ivoire,CIV,2001,19.013016,924.727294962066,Sub-Saharan Africa,Lower middle income,2,6.829498877788343
Cote d'Ivoire,CIV,2002,18.646723,967.815864415991,Sub-Saharan Africa,Lower middle income,2,6.8750418464711895
Cote d'Ivoire,CIV,2003,18.280432,1111.17135087887,Sub-Saharan Africa,Lower middle income,2,7.013170008961324
Cote d'Ivoire,CIV,2004,17.914139,1199.82524528546,Sub-Saharan Africa,Lower middle income,2,7.089931196242386
Cote d'Ivoire,CIV,2005,17.547846,1197.74616979415,Sub-Saharan Africa,Lower middle income,2,7.088196877923971
Cote d'Ivoire,CIV,2006,17.181553,1230.43056838584,Sub-Saharan Africa,Lower middle income,2,7.115119442709541
Cote d'Ivoire,CIV,2007,16.815262,1367.53817722326,Sub-Saharan Africa,Lower middle income,2,7.22076745143717
Cote d'Ivoire,CIV,2008,16.448969,1583.97066701372,Sub-Saharan Africa,Lower middle income,2,7.367690053903486
Cote d'Ivoire,CIV,2009,16.082676,1540.45393569596,Sub-Saharan Africa,Lower middle income,2,7.339832415412403
Cote d'Ivoire,CIV,2010,15.716384,1553.54887048143,Sub-Saharan Africa,Lower middle income,2,7.348297186646269
Cote d'Ivoire,CIV,2011,15.370918,1596.62826565998,Sub-Saharan Africa,Lower middle income,2,7.3756493507127505
Cote d'Ivoire,CIV,2012,15.025453,1546.9460184731,Sub-Saharan Africa,Lower middle income,2,7.344037955635286
Cote d'Ivoire,CIV,2013,14.679987,1786.15862031324,Sub-Saharan Africa,Lower middle income,2,7.487822570658096
Cote d'Ivoire,CIV,2014,14.334522,1991.36539423404,Sub-Saharan Africa,Lower middle income,2,7.596575810196303
Cote d'Ivoire,CIV,2015,13.989057,1814.71855088017,Sub-Saharan Africa,Lower middle income,2,7.503685666289025
Cote d'Ivoire,CIV,2016,13.819069,1862.59597081287,Sub-Saharan Africa,Lower middle income,2,7.529726476879414
Cote d'Ivoire,CIV,2017,13.649082,1964.29930338343,Sub-Saharan Africa,Lower middle income,2,7.582890872101584
Cote d'Ivoire,CIV,2018,13.4790945,2130.86619381144,Sub-Saharan Africa,Lower middle income,2,7.664283839799413
Cote d'Ivoire,CIV,2019,13.309107,2141.76836170115,Sub-Saharan Africa,Lower middle income,2,7.669387104030772
Cote d'Ivoire,CIV,2020,13.13912,2179.72934832935,Sub-Saharan Africa,Lower middle income,2,7.686955995933119
Cote d'Ivoire,CIV,2021,12.884963,2455.98127641148,Sub-Saharan Africa,Lower middle income,2,7.806281665627012
Cote d'Ivoire,CIV,2022,12.630805,2333.37128301259,Sub-Saharan Africa,Lower middle income,2,7.755069403385334
Cote d'Ivoire,CIV,2023,12.376648,2591.9659048119,Sub-Saharan Africa,Lower middle income,2,7.860171903377896
Cote d'Ivoire,CIV,2024,12.122491,2727.8935220697,Sub-Saharan Africa,Lower middle income,2,7.911284986702227
Cote d'Ivoire,CIV,2025,11.868333,,Sub-Saharan Africa,Lower middle income,2,
Croatia,HRV,1990,33.05933,5369.10978590681,Europe & Central Asia,High income,4,8.588417398324296
Croatia,HRV,1991,33.121872,4000.91677428625,Europe & Central Asia,High income,4,8.294278807412756
Croatia,HRV,1992,33.184418,2321.15204123035,Europe & Central Asia,High income,4,7.749818910906364
Croatia,HRV,1993,33.246964,2447.50319141761,Europe & Central Asia,High income,4,7.80282367835381
Croatia,HRV,1994,33.309505,3237.92646315285,Europe & Central Asia,High income,4,8.082688423403054
Croatia,HRV,1995,33.37205,4929.05772183424,Europe & Central Asia,High income,4,8.502903117295002
Croatia,HRV,1996,33.434597,5299.6410536193,Europe & Central Asia,High income,4,8.575394371514514
Croatia,HRV,1997,33.49714,5331.02343858808,Europe & Central Asia,High income,4,8.581298513471898
Croatia,HRV,1998,33.559685,5712.58985659548,Europe & Central Asia,High income,4,8.650427764898525
Croatia,HRV,1999,33.62223,5269.03394637289,Europe & Central Asia,High income,4,8.569602312848028
Croatia,HRV,2000,33.684776,4953.65158789022,Europe & Central Asia,High income,4,8.50788027812315
Croatia,HRV,2001,33.74732,5364.83824691607,Europe & Central Asia,High income,4,8.587621504920833
Croatia,HRV,2002,33.809864,6219.58164143945,Europe & Central Asia,High income,4,8.735457923252417
Croatia,HRV,2003,33.87241,8190.11135193887,Europe & Central Asia,High income,4,9.01068277284002
Croatia,HRV,2004,33.93495,9718.97322801967,Europe & Central Asia,High income,4,9.181835256897317
Croatia,HRV,2005,33.997498,10443.5278353294,Europe & Central Asia,High income,4,9.253737719617563
Croatia,HRV,2006,34.060043,11501.2099669894,Europe & Central Asia,High income,4,9.350207523337499
Croatia,HRV,2007,34.12259,13755.8321073292,Europe & Central Asia,High income,4,9.529218166427457
Croatia,HRV,2008,34.18513,15888.0606949392,Europe & Central Asia,High income,4,9.673323206452581
Croatia,HRV,2009,34.247677,14474.6519774194,Europe & Central Asia,High income,4,9.580154259141409
Croatia,HRV,2010,34.310223,13729.7654965022,Europe & Central Asia,High income,4,9.527321418973202
Croatia,HRV,2011,34.31737,14691.558296292,Europe & Central Asia,High income,4,9.59502834225484
Croatia,HRV,2012,34.324516,13507.7805260991,Europe & Central Asia,High income,4,9.511021133675737
Croatia,HRV,2013,34.331665,14134.9474982889,Europe & Central Asia,High income,4,9.55640555581509
Croatia,HRV,2014,34.338814,14186.7295493276,Europe & Central Asia,High income,4,9.560062267855985
Croatia,HRV,2015,34.345963,12283.7840620053,Europe & Central Asia,High income,4,9.416035302604943
Croatia,HRV,2016,34.408863,12820.1653893008,Europe & Central Asia,High income,4,9.458774631272943
Croatia,HRV,2017,34.471767,13901.7878144679,Europe & Central Asia,High income,4,9.539772730593866
Croatia,HRV,2018,34.534668,15460.3669595491,Europe & Central Asia,High income,4,9.646035057923696
Croatia,HRV,2019,34.59757,15563.5987295029,Europe & Central Asia,High income,4,9.652690051807479
Croatia,HRV,2020,34.660473,14807.5608543265,Europe & Central Asia,High income,4,9.602893197838878
Croatia,HRV,2021,34.68406,17788.7865816658,Europe & Central Asia,High income,4,9.786323570445242
Croatia,HRV,2022,34.70765,18465.5414420364,Europe & Central Asia,High income,4,9.823661649469079
Croatia,HRV,2023,34.731236,22184.2279304842,Europe & Central Asia,High income,4,10.007136861786837
Croatia,HRV,2024,34.754826,24050.4397933135,Europe & Central Asia,High income,4,10.087908561990972
Croatia,HRV,2025,34.77841,,Europe & Central Asia,High income,4,
Cuba,CUB,1990,22.273603,2694.31697957692,Latin America & Caribbean,Upper middle income,3,7.898900011361648
Cuba,CUB,1991,22.646435,2268.83493247194,Latin America & Caribbean,Upper middle income,3,7.727021733112763
Cuba,CUB,1992,23.019268,2047.67900346421,Latin America & Caribbean,Upper middle income,3,7.6244622372851945
Cuba,CUB,1993,23.3921,2063.20366253587,Latin America & Caribbean,Upper middle income,3,7.632015229738044
Cuba,CUB,1994,23.764933,2613.28971869122,Latin America & Caribbean,Upper middle income,3,7.868365135260757
Cuba,CUB,1995,24.137766,2785.24442954103,Latin America & Caribbean,Upper middle income,3,7.932090914952157
Cuba,CUB,1996,24.510597,2282.18809324202,Latin America & Caribbean,Upper middle income,3,7.732889951758865
Cuba,CUB,1997,24.88343,2306.42483397336,Latin America & Caribbean,Upper middle income,3,7.7434539136844345
Cuba,CUB,1998,25.256262,2332.30656133119,Latin America & Caribbean,Upper middle income,3,7.754612997377288
Cuba,CUB,1999,25.629095,2561.77980406838,Latin America & Caribbean,Upper middle income,3,7.848457531873253
Cuba,CUB,2000,26.001926,2751.3817714814,Latin America & Caribbean,Upper middle income,3,7.919858526825549
Cuba,CUB,2001,26.493593,2842.96704310394,Latin America & Caribbean,Upper middle income,3,7.952603519288325
Cuba,CUB,2002,26.98526,3005.21104247868,Latin America & Caribbean,Upper middle income,3,8.008103074945423
Cuba,CUB,2003,27.476927,3202.78109865637,Latin America & Caribbean,Upper middle income,3,8.071774804674998
Cuba,CUB,2004,27.968594,3399.21962893402,Latin America & Caribbean,Upper middle income,3,8.131301163358541
Cuba,CUB,2005,28.46026,3786.33799225291,Latin America & Caribbean,Upper middle income,3,8.23915460201935
Cuba,CUB,2006,28.951927,4329.98265964383,Latin America & Caribbean,Upper middle income,3,8.373318816287323
Cuba,CUB,2007,29.443594,4807.43888960684,Latin America & Caribbean,Upper middle income,3,8.477919765911908
Cuba,CUB,2008,29.93526,4986.12436479175,Latin America & Caribbean,Upper middle income,3,8.514414206570622
Cuba,CUB,2009,30.426928,5089.23519757167,Latin America & Caribbean,Upper middle income,3,8.534882842375193
Cuba,CUB,2010,30.918594,5272.26755824835,Latin America & Caribbean,Upper middle income,3,8.570215825700398
Cuba,CUB,2011,31.51522,6104.46105236166,Latin America & Caribbean,Upper middle income,3,8.716775102936483
Cuba,CUB,2012,32.11185,6470.83673392653,Latin America & Caribbean,Upper middle income,3,8.77506070431501
Cuba,CUB,2013,32.708477,6828.36428245396,Latin America & Caribbean,Upper middle income,3,8.828840433758625
Cuba,CUB,2014,33.305107,7146.70459051328,Latin America & Caribbean,Upper middle income,3,8.874406633010937
Cuba,CUB,2015,33.901733,7727.91997207998,Latin America & Caribbean,Upper middle income,3,8.952595020259022
Cuba,CUB,2016,34.079826,8110.55874283616,Latin America & Caribbean,Upper middle income,3,9.000922040277104
Cuba,CUB,2017,34.25792,8610.60829605429,Latin America & Caribbean,Upper middle income,3,9.06075024487442
Cuba,CUB,2018,34.436012,8911.46205998726,Latin America & Caribbean,Upper middle income,3,9.095093599033225
Cuba,CUB,2019,34.614105,9232.26115935183,Latin America & Caribbean,Upper middle income,3,9.130459276839085
Cuba,CUB,2020,34.7922,9605.27914559614,Latin America & Caribbean,Upper middle income,3,9.17006813730988
Cuba,CUB,2021,34.813293,,Latin America & Caribbean,Upper middle income,3,
Cuba,CUB,2022,34.834393,,Latin America & Caribbean,Upper middle income,3,
Cuba,CUB,2023,34.85549,,Latin America & Caribbean,Upper middle income,3,
Cuba,CUB,2024,34.87659,,Latin America & Caribbean,Upper middle income,3,
Cuba,CUB,2025,34.897686,,Latin America & Caribbean,Upper middle income,3,
Curacao,CUW,1990,0.15765765,,Latin America & Caribbean,High income,4,
Curacao,CUW,1991,0.15765765,,Latin America & Caribbean,High income,4,
Curacao,CUW,1992,0.15765765,,Latin America & Caribbean,High income,4,
Curacao,CUW,1993,0.15765765,,Latin America & Caribbean,High income,4,
Curacao,CUW,1994,0.15765765,,Latin America & Caribbean,High income,4,
Curacao,CUW,1995,0.15765765,,Latin America & Caribbean,High income,4,
Curacao,CUW,1996,0.15765765,,Latin America & Caribbean,High income,4,
Curacao,CUW,1997,0.15765765,,Latin America & Caribbean,High income,4,
Curacao,CUW,1998,0.15765765,,Latin America & Caribbean,High income,4,
Curacao,CUW,1999,0.15765765,,Latin America & Caribbean,High income,4,
Curacao,CUW,2000,0.15765765,15841.2612359949,Latin America & Caribbean,High income,4,9.670373285683162
Curacao,CUW,2001,0.15765765,16609.8454536485,Latin America & Caribbean,High income,4,9.71775089814795
Curacao,CUW,2002,0.15765765,16723.6925253468,Latin America & Caribbean,High income,4,9.724581707073458
Curacao,CUW,2003,0.15765765,16695.7351137757,Latin America & Caribbean,High income,4,9.722908583380566
Curacao,CUW,2004,0.15765765,16671.3403391655,Latin America & Caribbean,High income,4,9.721446376781666
Curacao,CUW,2005,0.15765765,17032.3356620744,Latin America & Caribbean,High income,4,9.74286891411012
Curacao,CUW,2006,0.15765765,17400.1637780186,Latin America & Caribbean,High income,4,9.764234897688127
Curacao,CUW,2007,0.15765765,18005.7165850772,Latin America & Caribbean,High income,4,9.798444574517733
Curacao,CUW,2008,0.15765765,19423.3352430175,Latin America & Caribbean,High income,4,9.874230469788081
Curacao,CUW,2009,0.15765765,19540.2476579348,Latin America & Caribbean,High income,4,9.880231599924581
Curacao,CUW,2010,0.15765765,19847.2310127979,Latin America & Caribbean,High income,4,9.895819780807992
Curacao,CUW,2011,0.15765765,19426.3264002202,Latin America & Caribbean,High income,4,9.87438445605628
Curacao,CUW,2012,0.15765765,19809.8223170482,Latin America & Caribbean,High income,4,9.893933170295895
Curacao,CUW,2013,0.15765765,19721.292182955,Latin America & Caribbean,High income,4,9.889454152528874
Curacao,CUW,2014,0.15765765,19623.0300713664,Latin America & Caribbean,High income,4,9.884459159083248
Curacao,CUW,2015,0.15765765,19361.8129630226,Latin America & Caribbean,High income,4,9.871058001230393
Curacao,CUW,2016,0.15765765,18944.0962772875,Latin America & Caribbean,High income,4,9.849247619875605
Curacao,CUW,2017,0.15765765,18938.2440965187,Latin America & Caribbean,High income,4,9.848938653705215
Curacao,CUW,2018,0.15765765,19119.1244887029,Latin America & Caribbean,High income,4,9.858444395217177
Curacao,CUW,2019,0.15765765,19220.6865793075,Latin America & Caribbean,High income,4,9.863742404014646
Curacao,CUW,2020,0.15765765,16299.8134349902,Latin America & Caribbean,High income,4,9.698908941023229
Curacao,CUW,2021,0.15765765,17795.5826616182,Latin America & Caribbean,High income,4,9.7867055404045
Curacao,CUW,2022,0.15765765,20057.1404747175,Latin America & Caribbean,High income,4,9.906340502736636
Curacao,CUW,2023,0.15765765,21217.8110321785,Latin America & Caribbean,High income,4,9.962596250964783
Curacao,CUW,2024,0.15765765,22832.8953958667,Latin America & Caribbean,High income,4,10.035957555655209
Curacao,CUW,2025,0.15765765,,Latin America & Caribbean,High income,4,
Cyprus,CYP,1990,17.436148,9641.5751953125,Europe & Central Asia,High income,4,9.17383977625931
Cyprus,CYP,1991,17.549784,9696.099609375,Europe & Central Asia,High income,4,9.179478981500447
Cyprus,CYP,1992,17.66342,11310.072265625,Europe & Central Asia,High income,4,9.333448958623352
Cyprus,CYP,1993,17.777056,10526.1416015625,Europe & Central Asia,High income,4,9.261617118375254
Cyprus,CYP,1994,17.890692,11617.6923828125,Europe & Central Asia,High income,4,9.360284420564867
Cyprus,CYP,1995,18.00433,15261.4169921875,Europe & Central Asia,High income,4,9.633083157158437
Cyprus,CYP,1996,18.117966,15139.220703125,Europe & Central Asia,High income,4,9.625044052953662
Cyprus,CYP,1997,18.231602,14234.2412109375,Europe & Central Asia,High income,4,9.563405693826178
Cyprus,CYP,1998,18.345238,15092.828125,Europe & Central Asia,High income,4,9.621974951365177
Cyprus,CYP,1999,18.458874,15287.91796875,Europe & Central Asia,High income,4,9.634818120177691
Cyprus,CYP,2000,18.572512,14388.3525390625,Europe & Central Asia,High income,4,9.57417430681326
Cyprus,CYP,2001,18.585823,14821.44921875,Europe & Central Asia,High income,4,9.603830682108951
Cyprus,CYP,2002,18.599134,16093.2158203125,Europe & Central Asia,High income,4,9.686153084547716
Cyprus,CYP,2003,18.612446,20252.24609375,Europe & Central Asia,High income,4,9.916020984593592
Cyprus,CYP,2004,18.625757,23792.619140625,Europe & Central Asia,High income,4,10.077130691420564
Cyprus,CYP,2005,18.639069,24959.26171875,Europe & Central Asia,High income,4,10.125000243470188
Cyprus,CYP,2006,18.652382,26729.28125,Europe & Central Asia,High income,4,10.193514919508441
Cyprus,CYP,2007,18.665693,31244.87890625,Europe & Central Asia,High income,4,10.349610766735573
Cyprus,CYP,2008,18.679005,35397.296875,Europe & Central Asia,High income,4,10.474390736743057
Cyprus,CYP,2009,18.692316,32236.44921875,Europe & Central Asia,High income,4,10.38085305466031
Cyprus,CYP,2010,18.705627,31105.02734375,Europe & Central Asia,High income,4,10.34512473602766
Cyprus,CYP,2011,18.702814,32485.798828125,Europe & Central Asia,High income,4,10.388558313688751
Cyprus,CYP,2012,18.7,28991.935546875,Europe & Central Asia,High income,4,10.274772985705404
Cyprus,CYP,2013,18.697186,27764.73046875,Europe & Central Asia,High income,4,10.231521806038097
Cyprus,CYP,2014,18.694372,26993.103515625,Europe & Central Asia,High income,4,10.203336687012634
Cyprus,CYP,2015,18.691559,23088.44140625,Europe & Central Asia,High income,4,10.047087399258219
Cyprus,CYP,2016,18.68788,24280.056640625,Europe & Central Asia,High income,4,10.09741057798064
Cyprus,CYP,2017,18.684198,26247.44921875,Europe & Central Asia,High income,4,10.175324090679158
Cyprus,CYP,2018,18.68052,29120.375,Europe & Central Asia,High income,4,10.279193379974958
Cyprus,CYP,2019,18.67684,29227.173828125,Europe & Central Asia,High income,4,10.282854166059058
Cyprus,CYP,2020,18.67316,28130.341796875,Europe & Central Asia,High income,4,10.244604052027752
Cyprus,CYP,2021,18.654978,32937.83984375,Europe & Central Asia,High income,4,10.402377423067302
Cyprus,CYP,2022,18.636797,33231.04296875,Europe & Central Asia,High income,4,10.411239747216316
Cyprus,CYP,2023,18.618614,36623.69140625,Europe & Central Asia,High income,4,10.50845061615887
Cyprus,CYP,2024,18.600433,38674.29296875,Europe & Central Asia,High income,4,10.562930393923159
Cyprus,CYP,2025,18.58225,,Europe & Central Asia,High income,4,
Czechia,CZE,1990,36.794304,3969.36733543794,Europe & Central Asia,High income,4,8.286361999631222
Czechia,CZE,1991,36.827736,2917.08655474323,Europe & Central Asia,High income,4,7.9783406419483205
Czechia,CZE,1992,36.861168,3396.70972430469,Europe & Central Asia,High income,4,8.13056251390738
Czechia,CZE,1993,36.8946,3984.1463439879,Europe & Central Asia,High income,4,8.290078350958542
Czechia,CZE,1994,36.928032,4663.28665345469,Europe & Central Asia,High income,4,8.447475768960192
Czechia,CZE,1995,36.961464,5865.29460556726,Europe & Central Asia,High income,4,8.676807990954298
Czechia,CZE,1996,36.994896,6573.19643136362,Europe & Central Asia,High income,4,8.790755512399974
Czechia,CZE,1997,37.028328,6069.38762357837,Europe & Central Asia,High income,4,8.711012993227559
Czechia,CZE,1998,37.06176,6526.59635780951,Europe & Central Asia,High income,4,8.783640854806197
Czechia,CZE,1999,37.095192,6377.6211077224,Europe & Central Asia,High income,4,8.760550439678452
Czechia,CZE,2000,37.128624,6062.92152842793,Europe & Central Asia,High income,4,8.709947063290947
Czechia,CZE,2001,37.147713,6669.07494847497,Europe & Central Asia,High income,4,8.805236440906985
Czechia,CZE,2002,37.166798,8101.26018588111,Europe & Central Asia,High income,4,8.99977490706329
Czechia,CZE,2003,37.185886,9852.45677945801,Europe & Central Asia,High income,4,9.195476122300644
Czechia,CZE,2004,37.20497,11782.5546676117,Europe & Central Asia,High income,4,9.374375298516526
Czechia,CZE,2005,37.22406,13442.4916284309,Europe & Central Asia,High income,4,9.506175985914876
Czechia,CZE,2006,37.24315,15259.0788162004,Europe & Central Asia,High income,4,9.632929937105501
Czechia,CZE,2007,37.262234,18452.6532812196,Europe & Central Asia,High income,4,9.822963448409306
Czechia,CZE,2008,37.281322,22774.7045076205,Europe & Central Asia,High income,4,10.03340574762557
Czechia,CZE,2009,37.30041,19817.4215836554,Europe & Central Asia,High income,4,9.89431670777932
Czechia,CZE,2010,37.319496,20160.4355077059,Europe & Central Asia,High income,4,9.91147732451675
Czechia,CZE,2011,37.35293,22049.1080788682,Europe & Central Asia,High income,4,10.00102743011892
Czechia,CZE,2012,37.38636,20014.0354015165,Europe & Central Asia,High income,4,9.904189076486476
Czechia,CZE,2013,37.419792,20260.4954999375,Europe & Central Asia,High income,4,9.916428234558763
Czechia,CZE,2014,37.453224,20038.4163180257,Europe & Central Asia,High income,4,9.905406526029457
Czechia,CZE,2015,37.486656,17931.5987670768,Europe & Central Asia,High income,4,9.794319729778335
Czechia,CZE,2016,37.565052,18753.9686718096,Europe & Central Asia,High income,4,9.839160671497723
Czechia,CZE,2017,37.643448,20913.197632212,Europe & Central Asia,High income,4,9.948135704318434
Czechia,CZE,2018,37.721848,23705.9329811299,Europe & Central Asia,High income,4,10.07348063255074
Czechia,CZE,2019,37.800243,24062.7190013343,Europe & Central Asia,High income,4,10.088418992342875
Czechia,CZE,2020,37.87864,23472.8915454417,Europe & Central Asia,High income,4,10.063601483022085
Czechia,CZE,2021,37.99578,27696.4619527544,Europe & Central Asia,High income,4,10.229059956680212
Czechia,CZE,2022,38.112923,28282.2236715857,Europe & Central Asia,High income,4,10.249988747456268
Czechia,CZE,2023,38.230064,31761.5944102491,Europe & Central Asia,High income,4,10.366013115935042
Czechia,CZE,2024,38.347206,31823.3078290564,Europe & Central Asia,High income,4,10.367954250890415
Czechia,CZE,2025,38.464348,,Europe & Central Asia,High income,4,
Democratic Republic of Congo,COD,1990,70.81458,254.872656292509,Sub-Saharan Africa,Low income,1,5.540764033334965
Democratic Republic of Congo,COD,1991,70.51684,253.79642770809,Sub-Saharan Africa,Low income,1,5.536532479956999
Democratic Republic of Congo,COD,1992,70.2191,209.726548794417,Sub-Saharan Africa,Low income,1,5.345804533587279
Democratic Republic of Congo,COD,1993,69.921364,263.335582841074,Sub-Saharan Africa,Low income,1,5.5734291991909295
Democratic Republic of Congo,COD,1994,69.62363,136.542547670676,Sub-Saharan Africa,Low income,1,4.9166362706023214
Democratic Republic of Congo,COD,1995,69.32588,127.008078734668,Sub-Saharan Africa,Low income,1,4.8442506965194285
Democratic Republic of Congo,COD,1996,69.028145,127.416132828292,Sub-Saharan Africa,Low income,1,4.847458366426271
Democratic Republic of Congo,COD,1997,68.730415,132.323520768553,Sub-Saharan Africa,Low income,1,4.885249838906227
Democratic Republic of Congo,COD,1998,68.43267,131.461338858019,Sub-Saharan Africa,Low income,1,4.8787128073113255
Democratic Republic of Congo,COD,1999,68.13493,96.3192243479286,Sub-Saharan Africa,Low income,1,4.567667928661897
Democratic Republic of Congo,COD,2000,67.8372,377.925421481395,Sub-Saharan Africa,Low income,1,5.934696878485576
Democratic Republic of Congo,COD,2001,67.53946,142.678142604412,Sub-Saharan Africa,Low income,1,4.960591342494631
Democratic Republic of Congo,COD,2002,67.241714,162.38052907429,Sub-Saharan Africa,Low income,1,5.089942525676868
Democratic Republic of Congo,COD,2003,66.94398,161.491553524396,Sub-Saharan Africa,Low income,1,5.084452841136471
Democratic Republic of Congo,COD,2004,66.64625,180.664764963633,Sub-Saharan Africa,Low income,1,5.196643186684586
Democratic Republic of Congo,COD,2005,66.3485,214.539740473519,Sub-Saharan Africa,Low income,1,5.36849499148047
Democratic Republic of Congo,COD,2006,66.050766,255.445229568751,Sub-Saharan Africa,Low income,1,5.543008020984117
Democratic Republic of Congo,COD,2007,65.75303,294.101615124419,Sub-Saharan Africa,Low income,1,5.683925337297399
Democratic Republic of Congo,COD,2008,65.45529,352.900363371995,Sub-Saharan Africa,Low income,1,5.866185760354809
Democratic Republic of Congo,COD,2009,65.15755,280.178991035792,Sub-Saharan Africa,Low income,1,5.635428652632895
Democratic Republic of Congo,COD,2010,64.85981,352.400398754692,Sub-Saharan Africa,Low income,1,5.864768025601373
Democratic Republic of Congo,COD,2011,64.416725,372.514273875789,Sub-Saharan Africa,Low income,1,5.92027535621509
Democratic Republic of Congo,COD,2012,63.97364,409.931424783784,Sub-Saharan Africa,Low income,1,6.015989889084487
Democratic Republic of Congo,COD,2013,63.530556,460.370334930107,Sub-Saharan Africa,Low income,1,6.132031241518356
Democratic Republic of Congo,COD,2014,63.08747,489.175952097319,Sub-Saharan Africa,Low income,1,6.19272224499501
Democratic Republic of Congo,COD,2015,62.644386,495.826633014883,Sub-Saharan Africa,Low income,1,6.206226335413076
Democratic Republic of Congo,COD,2016,62.519608,459.765036590388,Sub-Saharan Africa,Low income,1,6.1307155689645825
Democratic Republic of Congo,COD,2017,62.39482,431.052559128788,Sub-Saharan Africa,Low income,1,6.066230029603368
Democratic Republic of Congo,COD,2018,62.270042,518.169626875371,Sub-Saharan Africa,Low income,1,6.250302653664887
Democratic Republic of Congo,COD,2019,62.145256,504.00419142286,Sub-Saharan Africa,Low income,1,6.222584584351987
Democratic Republic of Congo,COD,2020,62.020477,486.425572682256,Sub-Saharan Africa,Low income,1,6.187083904685741
Democratic Republic of Congo,COD,2021,61.89569,595.743074403567,Sub-Saharan Africa,Low income,1,6.389809490906777
Democratic Republic of Congo,COD,2022,61.770905,687.738587554685,Sub-Saharan Africa,Low income,1,6.533408805780686
Democratic Republic of Congo,COD,2023,61.64612,660.21205238997,Sub-Saharan Africa,Low income,1,6.492561074917365
Democratic Republic of Congo,COD,2024,61.52133,649.383338556725,Sub-Saharan Africa,Low income,1,6.476023202666871
Democratic Republic of Congo,COD,2025,61.396545,,Sub-Saharan Africa,Low income,1,
Denmark,DNK,1990,13.286,26885.6994188191,Europe & Central Asia,High income,4,10.199349804111604
Denmark,DNK,1991,13.3864,27002.8057705804,Europe & Central Asia,High income,4,10.203696057016328
Denmark,DNK,1992,13.4868,29579.4913648682,Europe & Central Asia,High income,4,10.29483654087923
Denmark,DNK,1993,13.5872,27581.7241097459,Europe & Central Asia,High income,4,10.224908662437157
Denmark,DNK,1994,13.6876,29967.8303903163,Europe & Central Asia,High income,4,10.307879764974725
Denmark,DNK,1995,13.788,35321.0980773087,Europe & Central Asia,High income,4,10.472235743626158
Denmark,DNK,1996,13.8884,35621.9878051732,Europe & Central Asia,High income,4,10.480718361158916
Denmark,DNK,1997,13.9888,32779.879045297,Europe & Central Asia,High income,4,10.397570162397693
Denmark,DNK,1998,14.0892,33346.4884298957,Europe & Central Asia,High income,4,10.414707751344018
Denmark,DNK,1999,14.1896,33426.2381077405,Europe & Central Asia,High income,4,10.41709644265258
Denmark,DNK,2000,14.29,30722.0251837567,Europe & Central Asia,High income,4,10.332735109039135
Denmark,DNK,2001,14.32685,30768.4775471112,Europe & Central Asia,High income,4,10.334245988610062
Denmark,DNK,2002,14.3637,33257.1622586509,Europe & Central Asia,High income,4,10.412025429162615
Denmark,DNK,2003,14.40055,40519.0974905924,Europe & Central Asia,High income,4,10.609528684930767
Denmark,DNK,2004,14.4374,46625.050098011,Europe & Central Asia,High income,4,10.749893231433711
Denmark,DNK,2005,14.47425,48925.8076698784,Europe & Central Asia,High income,4,10.798060300454607
Denmark,DNK,2006,14.5111,52119.1787984282,Europe & Central Asia,High income,4,10.861288275136685
Denmark,DNK,2007,14.54795,58631.6566433635,Europe & Central Asia,High income,4,10.979030045458158
Denmark,DNK,2008,14.5848,64616.6657583663,Europe & Central Asia,High income,4,11.076227640374215
Denmark,DNK,2009,14.62165,58412.7472358513,Europe & Central Asia,High income,4,10.975289419584382
Denmark,DNK,2010,14.6585,58104.5445594981,Europe & Central Asia,High income,4,10.969999159393712
Denmark,DNK,2011,14.8481,61809.737898222,Europe & Central Asia,High income,4,11.03181620220139
Denmark,DNK,2012,15.0377,58443.7747103968,Europe & Central Asia,High income,4,10.975820454990158
Denmark,DNK,2013,15.2273,61377.5940590412,Europe & Central Asia,High income,4,11.02480012993141
Denmark,DNK,2014,15.4169,62520.4509747011,Europe & Central Asia,High income,4,11.043248997796363
Denmark,DNK,2015,15.6065,53094.0133607574,Europe & Central Asia,High income,4,10.879819458138824
Denmark,DNK,2016,15.64875,54500.9260410217,Europe & Central Asia,High income,4,10.90597297208536
Denmark,DNK,2017,15.691,57521.5514992225,Europe & Central Asia,High income,4,10.959914965244344
Denmark,DNK,2018,15.73325,61324.7665045565,Europe & Central Asia,High income,4,11.023939061611191
Denmark,DNK,2019,15.7755,59404.2663247723,Europe & Central Asia,High income,4,10.992121326420907
Denmark,DNK,2020,15.81775,60985.4885601514,Europe & Central Asia,High income,4,11.018391222398016
Denmark,DNK,2021,15.867,69340.7334922138,Europe & Central Asia,High income,4,11.146787797380554
Denmark,DNK,2022,15.91625,67781.0940939514,Europe & Central Asia,High income,4,11.124038586871299
Denmark,DNK,2023,15.9655,68043.5466971243,Europe & Central Asia,High income,4,11.127903171799169
Denmark,DNK,2024,16.01475,71026.4832271897,Europe & Central Asia,High income,4,11.170808089674908
Denmark,DNK,2025,16.064,,Europe & Central Asia,High income,4,
Djibouti,DJI,1990,0.24158758,780.497719360725,Middle East & North Africa,Lower middle income,2,6.659931817927803
Djibouti,DJI,1991,0.24158758,732.733101553782,Middle East & North Africa,Lower middle income,2,6.596781517644807
Djibouti,DJI,1992,0.24158758,763.659214503152,Middle East & North Africa,Lower middle income,2,6.638121635339456
Djibouti,DJI,1993,0.24158758,758.733842733535,Middle East & North Africa,Lower middle income,2,6.631651047561848
Djibouti,DJI,1994,0.24158758,784.556207408331,Middle East & North Africa,Lower middle income,2,6.66511821703589
Djibouti,DJI,1995,0.24158758,786.201866748458,Middle East & North Africa,Lower middle income,2,6.667213587378808
Djibouti,DJI,1996,0.24158758,761.943659476655,Middle East & North Africa,Lower middle income,2,6.6358726152584415
Djibouti,DJI,1997,0.24158758,748.232840194914,Middle East & North Africa,Lower middle income,2,6.617714213218804
Djibouti,DJI,1998,0.24158758,735.349107889529,Middle East & North Africa,Lower middle income,2,6.6003453631675475
Djibouti,DJI,1999,0.24158758,740.21930978973,Middle East & North Africa,Lower middle income,2,6.606946506871624
Djibouti,DJI,2000,0.24158758,737.612183644052,Middle East & North Africa,Lower middle income,2,6.603418190061566
Djibouti,DJI,2001,0.24158758,742.133791107063,Middle East & North Africa,Lower middle income,2,6.609529538378267
Djibouti,DJI,2002,0.24158758,743.013270420348,Middle East & North Africa,Lower middle income,2,6.610713905150923
Djibouti,DJI,2003,0.24158758,764.634465224597,Middle East & North Africa,Lower middle income,2,6.639397896396814
Djibouti,DJI,2004,0.24158758,806.261652944964,Middle East & North Africa,Lower middle income,2,6.692408321270606
Djibouti,DJI,2005,0.24158758,844.4483573908,Middle East & North Africa,Lower middle income,2,6.73868358267973
Djibouti,DJI,2006,0.24158758,898.464628136774,Middle East & North Africa,Lower middle income,2,6.80068733776563
Djibouti,DJI,2007,0.24158758,969.573220191902,Middle East & North Africa,Lower middle income,2,6.876855995494581
Djibouti,DJI,2008,0.24158758,1119.15233346969,Middle East & North Africa,Lower middle income,2,7.020326832620934
Djibouti,DJI,2009,0.24158758,1150.9375857489,Middle East & North Africa,Lower middle income,2,7.048332181142906
Djibouti,DJI,2010,0.24158758,1213.23352553429,Middle East & North Africa,Lower middle income,2,7.101044409404169
Djibouti,DJI,2011,0.24201898,1306.34552844977,Middle East & North Africa,Lower middle income,2,7.174988844866695
Djibouti,DJI,2012,0.24245039,1400.19357858954,Middle East & North Africa,Lower middle income,2,7.244365776465976
Djibouti,DJI,2013,0.24288179,2075.94498424748,Middle East & North Africa,Lower middle income,2,7.638171743090445
Djibouti,DJI,2014,0.24331321,2214.62084142432,Middle East & North Africa,Lower middle income,2,7.702836490140126
Djibouti,DJI,2015,0.24374461,2376.12554719873,Middle East & North Africa,Lower middle income,2,7.773226518816672
Djibouti,DJI,2016,0.24572907,2510.4300076241,Middle East & North Africa,Lower middle income,2,7.828209335231141
Djibouti,DJI,2017,0.24771355,2618.95521147369,Middle East & North Africa,Lower middle income,2,7.870530742976865
Djibouti,DJI,2018,0.24969801,2718.08338799203,Middle East & North Africa,Lower middle income,2,7.907682274149238
Djibouti,DJI,2019,0.2516825,2837.16902340932,Middle East & North Africa,Lower middle income,2,7.950562011253851
Djibouti,DJI,2020,0.25366697,2844.88810647853,Middle East & North Africa,Lower middle income,2,7.953279015902467
Djibouti,DJI,2021,0.25409836,3025.91126413549,Middle East & North Africa,Lower middle income,2,8.014967569442286
Djibouti,DJI,2022,0.25452977,3133.25779772463,Middle East & North Africa,Lower middle income,2,8.049828572190243
Djibouti,DJI,2023,0.25496116,3381.29779710722,Middle East & North Africa,Lower middle income,2,8.126014878423078
Djibouti,DJI,2024,0.25539258,3552.72335079222,Middle East & North Africa,Lower middle income,2,8.175469729435386
Djibouti,DJI,2025,0.255824,,Middle East & North Africa,Lower middle income,2,
Dominica,DMA,1990,78.44,2892.9815966454,Latin America & Caribbean,Upper middle income,3,7.9700429436166
Dominica,DMA,1991,78.402664,3171.36577815405,Latin America & Caribbean,Upper middle income,3,8.061917618927886
Dominica,DMA,1992,78.36533,3376.26050139573,Latin America & Caribbean,Upper middle income,3,8.124524015474659
Dominica,DMA,1993,78.328,3536.15609185727,Latin America & Caribbean,Upper middle income,3,8.170795566408026
Dominica,DMA,1994,78.290665,3805.20278759984,Latin America & Caribbean,Upper middle income,3,8.244124563908466
Dominica,DMA,1995,78.253334,3951.72267086358,Latin America & Caribbean,Upper middle income,3,8.281906882028798
Dominica,DMA,1996,78.216,4210.99532034556,Latin America & Caribbean,Upper middle income,3,8.345454316868402
Dominica,DMA,1997,78.178665,4372.19712966838,Latin America & Caribbean,Upper middle income,3,8.38302093740812
Dominica,DMA,1998,78.141335,4664.24268142919,Latin America & Caribbean,Upper middle income,3,8.447680759573146
Dominica,DMA,1999,78.104,4817.18105502046,Latin America & Caribbean,Upper middle income,3,8.479944192600309
Dominica,DMA,2000,78.066666,4867.39896323759,Latin America & Caribbean,Upper middle income,3,8.490314979606692
Dominica,DMA,2001,78.041336,5527.51527300496,Latin America & Caribbean,Upper middle income,3,8.617493675822304
Dominica,DMA,2002,78.016,5488.02784969357,Latin America & Caribbean,Upper middle income,3,8.610324244045463
Dominica,DMA,2003,77.99067,5447.44011496284,Latin America & Caribbean,Upper middle income,3,8.60290107363542
Dominica,DMA,2004,77.96533,5778.83306546506,Latin America & Caribbean,Upper middle income,3,8.66195704949548
Dominica,DMA,2005,77.94,5695.22442394675,Latin America & Caribbean,Upper middle income,3,8.647383282294786
Dominica,DMA,2006,77.914665,6055.78109574854,Latin America & Caribbean,Upper middle income,3,8.708768647791016
Dominica,DMA,2007,77.889336,6459.03503689609,Latin America & Caribbean,Upper middle income,3,8.773235210525593
Dominica,DMA,2008,77.864,6971.32633839289,Latin America & Caribbean,Upper middle income,3,8.849560778103609
Dominica,DMA,2009,77.83867,7487.49010395154,Latin America & Caribbean,Upper middle income,3,8.92098892074691
Dominica,DMA,2010,77.81333,7549.61964680375,Latin America & Caribbean,Upper middle income,3,8.929252463067273
Dominica,DMA,2011,77.664,7705.40717248319,Latin America & Caribbean,Upper middle income,3,8.949677591586145
Dominica,DMA,2012,77.51466,7528.51001990155,Latin America & Caribbean,Upper middle income,3,8.926452428691555
Dominica,DMA,2013,77.36533,7822.21797211398,Latin America & Caribbean,Upper middle income,3,8.964723421472065
Dominica,DMA,2014,77.216,8131.74876096735,Latin America & Caribbean,Upper middle income,3,9.003531279161203
Dominica,DMA,2015,77.066666,8282.59874702141,Latin America & Caribbean,Upper middle income,3,9.021912056472
Dominica,DMA,2016,77.00533,8802.56172041363,Latin America & Caribbean,Upper middle income,3,9.082798062696035
Dominica,DMA,2017,76.944,8224.64896571414,Latin America & Caribbean,Upper middle income,3,9.01489089578227
Dominica,DMA,2018,76.88267,9215.3085405645,Latin America & Caribbean,Upper middle income,3,9.128621351970367
Dominica,DMA,2019,76.821335,9491.14995962374,Latin America & Caribbean,Upper middle income,3,9.158115060197826
Dominica,DMA,2020,76.76,7827.74842680426,Latin America & Caribbean,Upper middle income,3,8.965430190391503
Dominica,DMA,2021,76.70133,8376.40414141113,Latin America & Caribbean,Upper middle income,3,9.033174001316079
Dominica,DMA,2022,76.64267,9323.66089490562,Latin America & Caribbean,Upper middle income,3,9.140310630436536
Dominica,DMA,2023,76.584,9912.96212766668,Latin America & Caribbean,Upper middle income,3,9.201598485554166
Dominica,DMA,2024,76.52533,10405.2787777582,Latin America & Caribbean,Upper middle income,3,9.250068531141398
Dominica,DMA,2025,76.46667,,Latin America & Caribbean,Upper middle income,3,
Dominican Republic,DOM,1990,44.237293,989.163941207659,Latin America & Caribbean,Upper middle income,3,6.896860082503738
Dominican Republic,DOM,1991,44.30711,1345.84673690623,Latin America & Caribbean,Upper middle income,3,7.204778638124339
Dominican Republic,DOM,1992,44.376926,1558.29782071075,Latin America & Caribbean,Upper middle income,3,7.351349363946292
Dominican Republic,DOM,1993,44.446743,1722.41995993981,Latin America & Caribbean,Upper middle income,3,7.451485534429251
Dominican Republic,DOM,1994,44.51656,1891.67055679,Latin America & Caribbean,Upper middle income,3,7.545215610132242
Dominican Republic,DOM,1995,44.586376,2109.16940728689,Latin America & Caribbean,Upper middle income,3,7.654049503135655
Dominican Republic,DOM,1996,44.656193,2270.86558687203,Latin America & Caribbean,Upper middle income,3,7.72791635359571
Dominican Republic,DOM,1997,44.72601,2448.89393535363,Latin America & Caribbean,Upper middle income,3,7.8033917466446
Dominican Republic,DOM,1998,44.795822,2607.85457321405,Latin America & Caribbean,Upper middle income,3,7.8662831596873675
Dominican Republic,DOM,1999,44.86564,2620.8896817272,Latin America & Caribbean,Upper middle income,3,7.87126911229154
Dominican Republic,DOM,2000,44.935455,2831.45883638033,Latin America & Caribbean,Upper middle income,3,7.948547347705056
Dominican Republic,DOM,2001,44.977947,2935.89367312668,Latin America & Caribbean,Upper middle income,3,7.984767174203522
Dominican Republic,DOM,2002,45.02044,3065.60329524196,Latin America & Caribbean,Upper middle income,3,8.027999662685266
Dominican Republic,DOM,2003,45.06293,2383.26171780393,Latin America & Caribbean,Upper middle income,3,7.776225298094603
Dominican Republic,DOM,2004,45.105423,2451.69161616569,Latin America & Caribbean,Upper middle income,3,7.804533520861816
Dominican Republic,DOM,2005,45.147915,3878.31206735244,Latin America & Caribbean,Upper middle income,3,8.263155303774978
Dominican Republic,DOM,2006,45.190403,4055.14270347371,Latin America & Caribbean,Upper middle income,3,8.30774115790901
Dominican Republic,DOM,2007,45.232895,4649.64558875814,Latin America & Caribbean,Upper middle income,3,8.444546278205335
Dominican Republic,DOM,2008,45.275387,5023.58513403515,Latin America & Caribbean,Upper middle income,3,8.521899127914168
Dominican Republic,DOM,2009,45.31788,4973.95186999952,Latin America & Caribbean,Upper middle income,3,8.51196994799959
Dominican Republic,DOM,2010,45.36037,5478.62470398954,Latin America & Caribbean,Upper middle income,3,8.608609382019452
Dominican Republic,DOM,2011,45.47884,5826.51014109195,Latin America & Caribbean,Upper middle income,3,8.670173496523594
Dominican Republic,DOM,2012,45.59731,6013.81965002603,Latin America & Caribbean,Upper middle income,3,8.701815374742651
Dominican Republic,DOM,2013,45.71578,6136.59429329301,Latin America & Caribbean,Upper middle income,3,8.722025191892458
Dominican Republic,DOM,2014,45.834248,6496.45166971142,Latin America & Caribbean,Upper middle income,3,8.779011409860257
Dominican Republic,DOM,2015,45.952717,6800.95309395474,Latin America & Caribbean,Upper middle income,3,8.824818042218277
Dominican Republic,DOM,2016,45.99222,7160.44200982307,Latin America & Caribbean,Upper middle income,3,8.876326991264788
Dominican Republic,DOM,2017,46.031727,7412.71571571512,Latin America & Caribbean,Upper middle income,3,8.910952144496719
Dominican Republic,DOM,2018,46.071228,7882.98221584944,Latin America & Caribbean,Upper middle income,3,8.972461565044354
Dominican Republic,DOM,2019,46.110733,8183.01623600375,Latin America & Caribbean,Upper middle income,3,9.009816094639277
Dominican Republic,DOM,2020,46.150238,7135.22273255899,Latin America & Caribbean,Upper middle income,3,8.872798746320544
Dominican Republic,DOM,2021,46.28763,8527.0754858205,Latin America & Caribbean,Upper middle income,3,9.05100173126772
Dominican Republic,DOM,2022,46.42502,10104.2449349081,Latin America & Caribbean,Upper middle income,3,9.220710905116963
Dominican Republic,DOM,2023,46.562412,10630.431743829,Latin America & Caribbean,Upper middle income,3,9.271476086111296
Dominican Republic,DOM,2024,46.699802,10875.6618443092,Latin America & Caribbean,Upper middle income,3,9.294282713351858
Dominican Republic,DOM,2025,46.837193,,Latin America & Caribbean,Upper middle income,3,
East Timor,TLS,1990,74.01278,168.621010199317,East Asia & Pacific,Lower middle income,2,5.127653653458181
East Timor,TLS,1991,73.918625,189.794649212749,East Asia & Pacific,Lower middle income,2,5.245942694064782
East Timor,TLS,1992,73.82448,235.064767714477,East Asia & Pacific,Lower middle income,2,5.459861083467092
East Timor,TLS,1993,73.73033,264.066994790836,East Asia & Pacific,Lower middle income,2,5.576202839099732
East Timor,TLS,1994,73.63618,283.058000480762,East Asia & Pacific,Lower middle income,2,5.645651825339395
East Timor,TLS,1995,73.54203,302.736982028369,East Asia & Pacific,Lower middle income,2,5.712864382428183
East Timor,TLS,1996,73.44788,344.013327625123,East Asia & Pacific,Lower middle income,2,5.840680399719192
East Timor,TLS,1997,73.35373,348.86424098109,East Asia & Pacific,Lower middle income,2,5.854682852200985
East Timor,TLS,1998,73.25958,345.59090957317,East Asia & Pacific,Lower middle income,2,5.845255733265589
East Timor,TLS,1999,73.165436,269.987312761397,East Asia & Pacific,Lower middle income,2,5.598374968121717
East Timor,TLS,2000,73.07128,492.457637913906,East Asia & Pacific,Lower middle income,2,6.199408442524686
East Timor,TLS,2001,72.977135,587.700634429079,East Asia & Pacific,Lower middle income,2,6.376217693129812
East Timor,TLS,2002,72.88299,533.982465942154,East Asia & Pacific,Lower middle income,2,6.280363003106785
East Timor,TLS,2003,72.78883,534.901171348385,East Asia & Pacific,Lower middle income,2,6.282082003380357
East Timor,TLS,2004,72.69469,474.420726695663,East Asia & Pacific,Lower middle income,2,6.162094537065679
East Timor,TLS,2005,72.60054,487.464506929223,East Asia & Pacific,Lower middle income,2,6.189217481488365
East Timor,TLS,2006,72.506386,464.667016791076,East Asia & Pacific,Lower middle income,2,6.141321056147935
East Timor,TLS,2007,72.41224,540.154630518785,East Asia & Pacific,Lower middle income,2,6.291855451379743
East Timor,TLS,2008,72.31809,628.153191495026,East Asia & Pacific,Lower middle income,2,6.4427840722224055
East Timor,TLS,2009,72.22394,686.579329690731,East Asia & Pacific,Lower middle income,2,6.531721775255432
East Timor,TLS,2010,72.12979,813.060220670369,East Asia & Pacific,Lower middle income,2,6.700805178969879
East Timor,TLS,2011,72.035645,939.045238884406,East Asia & Pacific,Lower middle income,2,6.844863655773426
East Timor,TLS,2012,71.94149,1022.61906675901,East Asia & Pacific,Lower middle income,2,6.930122327845644
East Timor,TLS,2013,71.84734,1204.56843320518,East Asia & Pacific,Lower middle income,2,7.093876635057209
East Timor,TLS,2014,71.7532,1224.74956308733,East Asia & Pacific,Lower middle income,2,7.110491663782414
East Timor,TLS,2015,71.65904,1319.59295003154,East Asia & Pacific,Lower middle income,2,7.185078596836018
East Timor,TLS,2016,71.564896,1335.54391073349,East Asia & Pacific,Lower middle income,2,7.197093911630226
East Timor,TLS,2017,71.47075,1266.17771143471,East Asia & Pacific,Lower middle income,2,7.143757965234128
East Timor,TLS,2018,71.376595,1219.46599728983,East Asia & Pacific,Lower middle income,2,7.106168334766086
East Timor,TLS,2019,71.28245,1562.36458068032,East Asia & Pacific,Lower middle income,2,7.353955709490042
East Timor,TLS,2020,71.1883,1630.86938521256,East Asia & Pacific,Lower middle income,2,7.396868516773247
East Timor,TLS,2021,71.13127,2684.92676774277,East Asia & Pacific,Lower middle income,2,7.895408731987309
East Timor,TLS,2022,71.07424,2343.24954740187,East Asia & Pacific,Lower middle income,2,7.7592939404768355
East Timor,TLS,2023,71.01722,1502.41147438211,East Asia & Pacific,Lower middle income,2,7.314826745793118
East Timor,TLS,2024,70.96019,1331.9705130185,East Asia & Pacific,Lower middle income,2,7.194414713481801
East Timor,TLS,2025,70.90316,,East Asia & Pacific,Lower middle income,2,
Ecuador,ECU,1990,58.915325,1455.00748510871,Latin America & Caribbean,Upper middle income,3,7.282766323996972
Ecuador,ECU,1991,58.552258,1587.36049996672,Latin America & Caribbean,Upper middle income,3,7.369827852868985
Ecuador,ECU,1992,58.189194,1655.44613192632,Latin America & Caribbean,Upper middle income,3,7.411825817603368
Ecuador,ECU,1993,57.826126,1697.88884141445,Latin America & Caribbean,Upper middle income,3,7.437140900308174
Ecuador,ECU,1994,57.463062,1996.85894789444,Latin America & Caribbean,Upper middle income,3,7.599330698920477
Ecuador,ECU,1995,57.099995,2108.00698245316,Latin America & Caribbean,Upper middle income,3,7.653498222014951
Ecuador,ECU,1996,56.73693,2135.8479374308,Latin America & Caribbean,Upper middle income,3,7.666619007204547
Ecuador,ECU,1997,56.373863,2340.76600026857,Latin America & Caribbean,Upper middle income,3,7.7582335053263725
Ecuador,ECU,1998,56.0108,2284.01572847769,Latin America & Caribbean,Upper middle income,3,7.7336904571259595
Ecuador,ECU,1999,55.64773,1575.30234730971,Latin America & Caribbean,Upper middle income,3,7.362202499382361
Ecuador,ECU,2000,55.284668,1382.23421759909,Latin America & Caribbean,Upper middle income,3,7.231456467246611
Ecuador,ECU,2001,55.00196,1791.30359685037,Latin America & Caribbean,Upper middle income,3,7.490698900174364
Ecuador,ECU,2002,54.719254,2059.1585535974,Latin America & Caribbean,Upper middle income,3,7.630052709209913
Ecuador,ECU,2003,54.436546,2315.62215223014,Latin America & Caribbean,Upper middle income,3,7.747433678677548
Ecuador,ECU,2004,54.153843,2586.20914663347,Latin America & Caribbean,Upper middle income,3,7.857948432563203
Ecuador,ECU,2005,53.871136,2909.02606014388,Latin America & Caribbean,Upper middle income,3,7.975573616909485
Ecuador,ECU,2006,53.58843,3243.67010359339,Latin America & Caribbean,Upper middle income,3,8.084460715734057
Ecuador,ECU,2007,53.30572,3478.92488770671,Latin America & Caribbean,Upper middle income,3,8.154478584722467
Ecuador,ECU,2008,53.023014,4194.75750661981,Latin America & Caribbean,Upper middle income,3,8.341590811895546
Ecuador,ECU,2009,52.740307,4053.36331139298,Latin America & Caribbean,Upper middle income,3,8.307302262727573
Ecuador,ECU,2010,52.457603,4520.30959039763,Latin America & Caribbean,Upper middle income,3,8.41633576393151
Ecuador,ECU,2011,52.28916,5153.6916424375,Latin America & Caribbean,Upper middle income,3,8.547468560636602
Ecuador,ECU,2012,52.12072,5634.08393191094,Latin America & Caribbean,Upper middle income,3,8.636589845718136
Ecuador,ECU,2013,51.95228,6109.29031510341,Latin America & Caribbean,Upper middle income,3,8.717565894045311
Ecuador,ECU,2014,51.783836,6405.79979300441,Latin America & Caribbean,Upper middle income,3,8.764959076637384
Ecuador,ECU,2015,51.6154,5976.1596805651,Latin America & Caribbean,Upper middle income,3,8.695533446764424
Ecuador,ECU,2016,51.32702,5917.63771271481,Latin America & Caribbean,Upper middle income,3,8.685692613228005
Ecuador,ECU,2017,51.03864,6233.32244797718,Latin America & Caribbean,Upper middle income,3,8.737664767859222
Ecuador,ECU,2018,50.75026,6303.91886658338,Latin America & Caribbean,Upper middle income,3,8.748926761306318
Ecuador,ECU,2019,50.46188,6205.05765246766,Latin America & Caribbean,Upper middle income,3,8.733119988887672
Ecuador,ECU,2020,50.173496,5463.64515348598,Latin America & Caribbean,Upper middle income,3,8.605871456514745
Ecuador,ECU,2021,50.052086,6061.32350181711,Latin America & Caribbean,Upper middle income,3,8.709683454857418
Ecuador,ECU,2022,49.93067,6515.58528418336,Latin America & Caribbean,Upper middle income,3,8.781952321929632
Ecuador,ECU,2023,49.80926,6737.84748379638,Latin America & Caribbean,Upper middle income,3,8.815495788476774
Ecuador,ECU,2024,49.687847,6874.705739766,Latin America & Caribbean,Upper middle income,3,8.83560412013018
Ecuador,ECU,2025,49.566437,,Latin America & Caribbean,Upper middle income,3,
Egypt,EGY,1990,0.0039278716,735.982935028025,Middle East & North Africa,Lower middle income,2,6.601206932356847
Egypt,EGY,1991,0.0039278716,622.829605007867,Middle East & North Africa,Lower middle income,2,6.434272974167048
Egypt,EGY,1992,0.0039278716,680.79923864551,Middle East & North Africa,Lower middle income,2,6.5232674589352575
Egypt,EGY,1993,0.0039278716,740.334217356418,Middle East & North Africa,Lower middle income,2,6.607101729313517
Egypt,EGY,1994,0.0039278716,807.303537230487,Middle East & North Africa,Lower middle income,2,6.693699727947777
Egypt,EGY,1995,0.0039278716,916.326617700876,Middle East & North Africa,Lower middle income,2,6.820372870660759
Egypt,EGY,1996,0.0039278716,1008.97637629447,Middle East & North Africa,Lower middle income,2,6.916691607090888
Egypt,EGY,1997,0.0039278716,1146.20172117634,Middle East & North Africa,Lower middle income,2,7.0442089037535185
Egypt,EGY,1998,0.0039278716,1212.82259820477,Middle East & North Africa,Lower middle income,2,7.100705647798922
Egypt,EGY,1999,0.0039278716,1268.30949160496,Middle East & North Africa,Lower middle income,2,7.145440183767655
Egypt,EGY,2000,0.0039278716,1366.09274372613,Middle East & North Africa,Lower middle income,2,7.219709932208249
Egypt,EGY,2001,0.0039449497,1295.1374184163,Middle East & North Africa,Lower middle income,2,7.166372083111063
Egypt,EGY,2002,0.0039620274,1116.82884626213,Middle East & North Africa,Lower middle income,2,7.018248561063978
Egypt,EGY,2003,0.003979105,1031.27556291284,Middle East & North Africa,Lower middle income,2,6.938551725620784
Egypt,EGY,2004,0.0039961827,991.255689145253,Middle East & North Africa,Lower middle income,2,6.898972512297282
Egypt,EGY,2005,0.0040132604,1105.53920713903,Middle East & North Africa,Lower middle income,2,7.008088465194647
Egypt,EGY,2006,0.004030338,1298.97900203124,Middle East & North Africa,Lower middle income,2,7.169333851821889
Egypt,EGY,2007,0.0040474157,1547.74170735909,Middle East & North Africa,Lower middle income,2,7.344552184516528
Egypt,EGY,2008,0.0040644933,1896.21594269779,Middle East & North Africa,Lower middle income,2,7.547615570157506
Egypt,EGY,2009,0.004081571,2161.63964573927,Middle East & North Africa,Lower middle income,2,7.678622307960794
Egypt,EGY,2010,0.0040986487,2455.08194645282,Middle East & North Africa,Lower middle income,2,7.8059154190820585
Egypt,EGY,2011,0.0040986487,2590.64384891965,Middle East & North Africa,Lower middle income,2,7.859661714116598
Egypt,EGY,2012,0.0040986487,2996.0677072015,Middle East & North Africa,Lower middle income,2,8.005055943581185
Egypt,EGY,2013,0.0040986487,3025.52563552448,Middle East & North Africa,Lower middle income,2,8.014840119179505
Egypt,EGY,2014,0.0040986487,3133.39102265541,Middle East & North Africa,Lower middle income,2,8.049871090906265
Egypt,EGY,2015,0.0040986487,3306.98159414141,Middle East & North Africa,Lower middle income,2,8.103791147239486
Egypt,EGY,2016,0.0040986487,3270.6287768197,Middle East & North Africa,Lower middle income,2,8.092737531895827
Egypt,EGY,2017,0.0040986487,2395.10333299491,Middle East & North Africa,Lower middle income,2,7.781181654214873
Egypt,EGY,2018,0.0040986487,2484.70315630508,Middle East & North Africa,Lower middle income,2,7.81790847719232
Egypt,EGY,2019,0.0040986487,2962.98892023003,Middle East & North Africa,Lower middle income,2,7.993953808190951
Egypt,EGY,2020,0.0040986487,3511.11381026379,Middle East & North Africa,Lower middle income,2,8.163688590984505
Egypt,EGY,2021,0.004104676,3827.35415374308,Middle East & North Africa,Lower middle income,2,8.249929021970582
Egypt,EGY,2022,0.0041107037,4233.30783744856,Middle East & North Africa,Lower middle income,2,8.35073896111049
Egypt,EGY,2023,0.004116731,3456.78968456253,Middle East & North Africa,Lower middle income,2,8.1480956005131
Egypt,EGY,2024,0.0041227587,3338.47371395895,Middle East & North Africa,Lower middle income,2,8.113269009658705
Egypt,EGY,2025,0.004128786,,Middle East & North Africa,Lower middle income,2,
El Salvador,SLV,1990,35.497585,892.18271519703,Latin America & Caribbean,Upper middle income,3,6.7936709492684715
El Salvador,SLV,1991,35.354248,955.826897421092,Latin America & Caribbean,Upper middle income,3,6.862576827013105
El Salvador,SLV,1992,35.210907,1040.78164082019,Latin America & Caribbean,Upper middle income,3,6.947727287554046
El Salvador,SLV,1993,35.067566,1180.26854267621,Latin America & Caribbean,Upper middle income,3,7.073497270106804
El Salvador,SLV,1994,34.92423,1343.9290572544,Latin America & Caribbean,Upper middle income,3,7.203352734908977
El Salvador,SLV,1995,34.780888,1548.3763038362,Latin America & Caribbean,Upper middle income,3,7.344962114941467
El Salvador,SLV,1996,34.637547,1651.31016800895,Latin America & Caribbean,Upper middle income,3,7.409324293028226
El Salvador,SLV,1997,34.49421,1748.92111971129,Latin America & Caribbean,Upper middle income,3,7.46675437377931
El Salvador,SLV,1998,34.35087,1859.73085887742,Latin America & Caribbean,Upper middle income,3,7.528187056708991
El Salvador,SLV,1999,34.207527,1908.0804545224,Latin America & Caribbean,Upper middle income,3,7.553853018059693
El Salvador,SLV,2000,34.06419,1982.87093542615,Latin America & Caribbean,Upper middle income,3,7.5923010408878495
El Salvador,SLV,2001,33.92085,2058.04459070452,Latin America & Caribbean,Upper middle income,3,7.629511583168267
El Salvador,SLV,2002,33.777508,2115.41187355626,Latin America & Caribbean,Upper middle income,3,7.657004811791247
El Salvador,SLV,2003,33.63417,2207.83089518069,Latin America & Caribbean,Upper middle income,3,7.6997658171364405
El Salvador,SLV,2004,33.49083,2285.68907438892,Latin America & Caribbean,Upper middle income,3,7.734422822150927
El Salvador,SLV,2005,33.347492,2447.39140845394,Latin America & Caribbean,Upper middle income,3,7.802778005066506
El Salvador,SLV,2006,33.20415,2665.61807194853,Latin America & Caribbean,Upper middle income,3,7.888191231642117
El Salvador,SLV,2007,33.06081,2830.65693770733,Latin America & Caribbean,Upper middle income,3,7.948264097163967
El Salvador,SLV,2008,32.917473,2983.24829577976,Latin America & Caribbean,Upper middle income,3,8.000768017986637
El Salvador,SLV,2009,32.77413,2910.18651752011,Latin America & Caribbean,Upper middle income,3,7.975972453479253
El Salvador,SLV,2010,32.63079,3040.07300952878,Latin America & Caribbean,Upper middle income,3,8.019636810404243
El Salvador,SLV,2011,32.63446,3330.60049486653,Latin America & Caribbean,Upper middle income,3,8.110907895505955
El Salvador,SLV,2012,32.638126,3497.91256915509,Latin America & Caribbean,Upper middle income,3,8.15992166074219
El Salvador,SLV,2013,32.641796,3582.26694005169,Latin America & Caribbean,Upper middle income,3,8.18375110247148
El Salvador,SLV,2014,32.645462,3666.01248913873,Latin America & Caribbean,Upper middle income,3,8.206859835142001
El Salvador,SLV,2015,32.64913,3790.34089108162,Latin America & Caribbean,Upper middle income,3,8.240211238908092
El Salvador,SLV,2016,32.68938,3901.34014965811,Latin America & Caribbean,Upper middle income,3,8.269075401208582
El Salvador,SLV,2017,32.729633,4020.12671373919,Latin America & Caribbean,Upper middle income,3,8.29906870194694
El Salvador,SLV,2018,32.769886,4183.54620971358,Latin America & Caribbean,Upper middle income,3,8.338914541381254
El Salvador,SLV,2019,32.810135,4320.11671534627,Latin America & Caribbean,Upper middle income,3,8.371037698314458
El Salvador,SLV,2020,32.850388,3997.19279583709,Latin America & Caribbean,Upper middle income,3,8.293347592683672
El Salvador,SLV,2021,32.89073,4642.60743101342,Latin America & Caribbean,Upper middle income,3,8.443031433726683
El Salvador,SLV,2022,32.93108,5074.60210221806,Latin America & Caribbean,Upper middle income,3,8.532003397332442
El Salvador,SLV,2023,32.971428,5365.44491399171,Latin America & Caribbean,Upper middle income,3,8.587734580608991
El Salvador,SLV,2024,33.011776,5579.65969165029,Latin America & Caribbean,Upper middle income,3,8.626883066356118
El Salvador,SLV,2025,33.052124,,Latin America & Caribbean,Upper middle income,3,
Equatorial Guinea,GNQ,1990,96.22638,236.402188376265,Sub-Saharan Africa,Upper middle income,3,5.4655345425798965
Equatorial Guinea,GNQ,1991,95.92845,225.319378519763,Sub-Saharan Africa,Upper middle income,3,5.417518855811113
Equatorial Guinea,GNQ,1992,95.630516,263.733547088944,Sub-Saharan Africa,Upper middle income,3,5.574939302139094
Equatorial Guinea,GNQ,1993,95.33259,256.683023652574,Sub-Saharan Africa,Upper middle income,3,5.547841952665566
Equatorial Guinea,GNQ,1994,95.03465,183.239482711964,Sub-Saharan Africa,Upper middle income,3,5.210793946006284
Equatorial Guinea,GNQ,1995,94.73672,248.314896208855,Sub-Saharan Africa,Upper middle income,3,5.514697683500993
Equatorial Guinea,GNQ,1996,94.43879,391.686868235732,Sub-Saharan Africa,Upper middle income,3,5.970462715054235
Equatorial Guinea,GNQ,1997,94.140854,717.041481576821,Sub-Saharan Africa,Upper middle income,3,6.575133693287099
Equatorial Guinea,GNQ,1998,93.842926,577.868525342745,Sub-Saharan Africa,Upper middle income,3,6.359346377993395
Equatorial Guinea,GNQ,1999,93.54499,930.912549299779,Sub-Saharan Africa,Upper middle income,3,6.83616534085635
Equatorial Guinea,GNQ,2000,93.247055,1487.3165506701,Sub-Saharan Africa,Upper middle income,3,7.304728802533745
Equatorial Guinea,GNQ,2001,92.95116,1948.61145907844,Sub-Saharan Africa,Upper middle income,3,7.574872325646453
Equatorial Guinea,GNQ,2002,92.65526,2264.21065580365,Sub-Saharan Africa,Upper middle income,3,7.724981480844246
Equatorial Guinea,GNQ,2003,92.35936,2930.60183743733,Sub-Saharan Africa,Upper middle income,3,7.982963086187052
Equatorial Guinea,GNQ,2004,92.06346,4901.30127408119,Sub-Saharan Africa,Upper middle income,3,8.497256014981291
Equatorial Guinea,GNQ,2005,91.767555,8673.9026086535,Sub-Saharan Africa,Upper middle income,3,9.068074096369804
Equatorial Guinea,GNQ,2006,91.47166,10184.8841248541,Sub-Saharan Africa,Upper middle income,3,9.228659951556825
Equatorial Guinea,GNQ,2007,91.17576,12616.9532942011,Sub-Saharan Africa,Upper middle income,3,9.442796688105965
Equatorial Guinea,GNQ,2008,90.87986,18210.5552970599,Sub-Saharan Africa,Upper middle income,3,9.809756666329202
Equatorial Guinea,GNQ,2009,90.583954,13232.5019378102,Sub-Saharan Africa,Upper middle income,3,9.490431350175374
Equatorial Guinea,GNQ,2010,90.288055,13720.1658723222,Sub-Saharan Africa,Upper middle income,3,9.526621991026197
Equatorial Guinea,GNQ,2011,89.98602,17198.2136668275,Sub-Saharan Africa,Upper middle income,3,9.75256080082828
Equatorial Guinea,GNQ,2012,89.68399,17308.5723924575,Sub-Saharan Africa,Upper middle income,3,9.758957171774226
Equatorial Guinea,GNQ,2013,89.38196,16304.0713196418,Sub-Saharan Africa,Upper middle income,3,9.699170129817622
Equatorial Guinea,GNQ,2014,89.079926,15548.6624656619,Sub-Saharan Africa,Upper middle income,3,9.651729898837898
Equatorial Guinea,GNQ,2015,88.77789,9068.91003238645,Sub-Saharan Africa,Upper middle income,3,9.112607363052838
Equatorial Guinea,GNQ,2016,88.47986,7453.19797948517,Sub-Saharan Africa,Upper middle income,3,8.91639847825962
Equatorial Guinea,GNQ,2017,88.181816,7809.10465655488,Sub-Saharan Africa,Upper middle income,3,8.963045595616009
Equatorial Guinea,GNQ,2018,87.88378,8102.47084834031,Sub-Saharan Africa,Upper middle income,3,8.999924337149348
Equatorial Guinea,GNQ,2019,87.58574,6804.14923073888,Sub-Saharan Africa,Upper middle income,3,8.825287886070482
Equatorial Guinea,GNQ,2020,87.2877,5764.05502912947,Sub-Saharan Africa,Upper middle income,3,8.659396504112262
Equatorial Guinea,GNQ,2021,86.98966,6945.63069794539,Sub-Saharan Africa,Upper middle income,3,8.845868064304248
Equatorial Guinea,GNQ,2022,86.69162,7589.29964909381,Sub-Saharan Africa,Upper middle income,3,8.93449459328561
Equatorial Guinea,GNQ,2023,86.393585,6677.793435386,Sub-Saharan Africa,Upper middle income,3,8.806542887917676
Equatorial Guinea,GNQ,2024,86.09554,6745.40013244916,Sub-Saharan Africa,Upper middle income,3,8.816616089706518
Equatorial Guinea,GNQ,2025,85.79751,,Sub-Saharan Africa,Upper middle income,3,
Eritrea,ERI,1990,13.642587,,Sub-Saharan Africa,Low income,1,
Eritrea,ERI,1991,13.593182,,Sub-Saharan Africa,Low income,1,
Eritrea,ERI,1992,13.543777,265.240962963337,Sub-Saharan Africa,Low income,1,5.580638707029957
Eritrea,ERI,1993,13.494372,252.085777069472,Sub-Saharan Africa,Low income,1,5.529769414789842
Eritrea,ERI,1994,13.444967,277.801423620334,Sub-Saharan Africa,Low income,1,5.626906554930345
Eritrea,ERI,1995,13.395563,285.402184008331,Sub-Saharan Africa,Low income,1,5.653899357460307
Eritrea,ERI,1996,13.346158,325.838705371605,Sub-Saharan Africa,Low income,1,5.78640249012948
Eritrea,ERI,1997,13.296753,318.980960831984,Sub-Saharan Africa,Low income,1,5.765131417091413
Eritrea,ERI,1998,13.247348,341.91736400208,Sub-Saharan Africa,Low income,1,5.834569082141495
Eritrea,ERI,1999,13.197944,311.336209255125,Sub-Saharan Africa,Low income,1,5.74087338695423
Eritrea,ERI,2000,13.148539,314.357396753501,Sub-Saharan Africa,Low income,1,5.750530544863994
Eritrea,ERI,2001,13.099142,325.409161513593,Sub-Saharan Africa,Low income,1,5.785083349009357
Eritrea,ERI,2002,13.049746,304.775756465092,Sub-Saharan Africa,Low income,1,5.719576281492563
Eritrea,ERI,2003,13.000349,348.950327077742,Sub-Saharan Africa,Low income,1,5.854929582782515
Eritrea,ERI,2004,12.950953,426.840947887032,Sub-Saharan Africa,Low income,1,6.056411456453967
Eritrea,ERI,2005,12.901556,412.753079199423,Sub-Saharan Africa,Low income,1,6.022849542976948
Eritrea,ERI,2006,12.8521595,447.997404727201,Sub-Saharan Africa,Low income,1,6.104787439378565
Eritrea,ERI,2007,12.802763,480.44762365456,Sub-Saharan Africa,Low income,1,6.174718218628331
Eritrea,ERI,2008,12.753366,490.066956003333,Sub-Saharan Africa,Low income,1,6.194542026674369
Eritrea,ERI,2009,12.70397,642.92572288007,Sub-Saharan Africa,Low income,1,6.466029201048852
Eritrea,ERI,2010,12.654573,539.699512069686,Sub-Saharan Africa,Low income,1,6.291012525547268
Eritrea,ERI,2011,12.605168,688.68165957684,Sub-Saharan Africa,Low income,1,6.534779131699235
Eritrea,ERI,2012,12.555763,,Sub-Saharan Africa,Low income,1,
Eritrea,ERI,2013,12.506358,,Sub-Saharan Africa,Low income,1,
Eritrea,ERI,2014,12.456954,,Sub-Saharan Africa,Low income,1,
Eritrea,ERI,2015,12.407549,,Sub-Saharan Africa,Low income,1,
Eritrea,ERI,2016,12.358144,,Sub-Saharan Africa,Low income,1,
Eritrea,ERI,2017,12.30874,,Sub-Saharan Africa,Low income,1,
Eritrea,ERI,2018,12.259335,,Sub-Saharan Africa,Low income,1,
Eritrea,ERI,2019,12.209929,,Sub-Saharan Africa,Low income,1,
Eritrea,ERI,2020,12.160525,,Sub-Saharan Africa,Low income,1,
Eritrea,ERI,2021,12.11112,,Sub-Saharan Africa,Low income,1,
Eritrea,ERI,2022,12.061715,,Sub-Saharan Africa,Low income,1,
Eritrea,ERI,2023,12.01231,,Sub-Saharan Africa,Low income,1,
Eritrea,ERI,2024,11.962906,,Sub-Saharan Africa,Low income,1,
Eritrea,ERI,2025,11.913501,,Sub-Saharan Africa,Low income,1,
Estonia,EST,1990,51.624153,,Europe & Central Asia,High income,4,
Estonia,EST,1991,51.70136,,Europe & Central Asia,High income,4,
Estonia,EST,1992,51.778564,,Europe & Central Asia,High income,4,
Estonia,EST,1993,51.85577,2685.90889287357,Europe & Central Asia,High income,4,7.89577445725012
Estonia,EST,1994,51.932976,2819.12612100926,Europe & Central Asia,High income,4,7.944182229740591
Estonia,EST,1995,52.01018,3134.38975345407,Europe & Central Asia,High income,4,8.050189778123572
Estonia,EST,1996,52.087387,3380.92630243199,Europe & Central Asia,High income,4,8.125905004905094
Estonia,EST,1997,52.164593,3682.95230146695,Europe & Central Asia,High income,4,8.211469965361188
Estonia,EST,1998,52.2418,4093.39247738765,Europe & Central Asia,High income,4,8.317129361801845
Estonia,EST,1999,52.319004,4140.93660232167,Europe & Central Asia,High income,4,8.328677273677508
Estonia,EST,2000,52.39621,4070.60902410208,Europe & Central Asia,High income,4,8.311547904613604
Estonia,EST,2001,52.62352,4502.66614992392,Europe & Central Asia,High income,4,8.412424978073629
Estonia,EST,2002,52.85083,5343.18310760735,Europe & Central Asia,High income,4,8.583576841931535
Estonia,EST,2003,53.07814,7205.40703313243,Europe & Central Asia,High income,4,8.882586999986096
Estonia,EST,2004,53.305454,8916.0728274602,Europe & Central Asia,High income,4,9.095610862648735
Estonia,EST,2005,53.532764,10414.6381183565,Europe & Central Asia,High income,4,9.250967606894243
Estonia,EST,2006,53.760075,12641.4800976473,Europe & Central Asia,High income,4,9.444738757178463
Estonia,EST,2007,53.987385,16745.4308011148,Europe & Central Asia,High income,4,9.725880712046655
Estonia,EST,2008,54.2147,18205.9064113446,Europe & Central Asia,High income,4,9.809501348512892
Estonia,EST,2009,54.44201,14712.4494217916,Europe & Central Asia,High income,4,9.59644931379145
Estonia,EST,2010,54.66932,14663.7041018705,Europe & Central Asia,High income,4,9.59313061077466
Estonia,EST,2011,55.06904,17555.5455239426,Europe & Central Asia,High income,4,9.77312516325173
Estonia,EST,2012,55.468758,17568.2137969714,Europe & Central Asia,High income,4,9.773846513917094
Estonia,EST,2013,55.868477,19310.3874900757,Europe & Central Asia,High income,4,9.868398442029909
Estonia,EST,2014,56.268196,20581.7898991695,Europe & Central Asia,High income,4,9.932161978354891
Estonia,EST,2015,56.667915,17722.1557669523,Europe & Central Asia,High income,4,9.782570874036644
Estonia,EST,2016,56.772995,18666.3736521706,Europe & Central Asia,High income,4,9.834478983720828
Estonia,EST,2017,56.87807,20851.5223496861,Europe & Central Asia,High income,4,9.945182238934962
Estonia,EST,2018,56.98315,23618.1361254581,Europe & Central Asia,High income,4,10.069770175776512
Estonia,EST,2019,57.08823,24021.2501413306,Europe & Central Asia,High income,4,10.086694140130202
Estonia,EST,2020,57.193306,23933.9939421065,Europe & Central Asia,High income,4,10.083055068025153
Estonia,EST,2021,57.206787,27951.1659277744,Europe & Central Asia,High income,4,10.238214192481523
Estonia,EST,2022,57.22027,28340.3826549406,Europe & Central Asia,High income,4,10.252043015444999
Estonia,EST,2023,57.233746,30264.0064885057,Europe & Central Asia,High income,4,10.317714380709674
Estonia,EST,2024,57.247227,31428.3547816104,Europe & Central Asia,High income,4,10.35546578294303
Estonia,EST,2025,57.260708,,Europe & Central Asia,High income,4,
Eswatini,SWZ,1990,28.230814,1277.69173005665,Sub-Saharan Africa,Lower middle income,2,7.152810393052772
Eswatini,SWZ,1991,28.143604,1273.01224518903,Sub-Saharan Africa,Lower middle income,2,7.149141217669847
Eswatini,SWZ,1992,28.056395,1361.8169795148,Sub-Saharan Africa,Lower middle income,2,7.216575101406148
Eswatini,SWZ,1993,27.969187,1397.26593317978,Sub-Saharan Africa,Lower middle income,2,7.2422727013267165
Eswatini,SWZ,1994,27.881977,1461.36400128736,Sub-Saharan Africa,Lower middle income,2,7.287125526021941
Eswatini,SWZ,1995,27.794767,1750.75400773784,Sub-Saharan Africa,Lower middle income,2,7.467801835687849
Eswatini,SWZ,1996,27.707558,1619.19119707662,Sub-Saharan Africa,Lower middle income,2,7.389682042490312
Eswatini,SWZ,1997,27.620348,1705.39874942229,Sub-Saharan Africa,Lower middle income,2,7.441554233003054
Eswatini,SWZ,1998,27.53314,1546.51519325373,Sub-Saharan Africa,Lower middle income,2,7.343759416359912
Eswatini,SWZ,1999,27.44593,1501.66426653189,Sub-Saharan Africa,Lower middle income,2,7.314329283059105
Eswatini,SWZ,2000,27.35872,1629.67038842815,Sub-Saharan Africa,Lower middle income,2,7.3961330576642075
Eswatini,SWZ,2001,27.271511,1429.85630359447,Sub-Saharan Africa,Lower middle income,2,7.2653292312079225
Eswatini,SWZ,2002,27.184301,1315.73634647994,Sub-Saharan Africa,Lower middle income,2,7.182151747193492
Eswatini,SWZ,2003,27.097094,2015.21743065251,Sub-Saharan Africa,Lower middle income,2,7.608482374590369
Eswatini,SWZ,2004,27.009884,2525.5640452625,Sub-Saharan Africa,Lower middle income,2,7.834219701025287
Eswatini,SWZ,2005,26.922674,2871.06877437449,Sub-Saharan Africa,Lower middle income,2,7.9624396346842
Eswatini,SWZ,2006,26.835464,2964.95865200682,Sub-Saharan Africa,Lower middle income,2,7.9946183659743255
Eswatini,SWZ,2007,26.748257,3109.11097608864,Sub-Saharan Africa,Lower middle income,2,8.042092104529013
Eswatini,SWZ,2008,26.661047,2946.8606613746,Sub-Saharan Africa,Lower middle income,2,7.988495700104653
Eswatini,SWZ,2009,26.573837,3189.79679956637,Sub-Saharan Africa,Lower middle income,2,8.067712494554515
Eswatini,SWZ,2010,26.486628,3922.74039390733,Sub-Saharan Africa,Lower middle income,2,8.274545768620253
Eswatini,SWZ,2011,26.399418,4225.06049411911,Sub-Saharan Africa,Lower middle income,2,8.348788857823472
Eswatini,SWZ,2012,26.31221,4224.54789174487,Sub-Saharan Africa,Lower middle income,2,8.348667526194486
Eswatini,SWZ,2013,26.225,3949.94310039907,Sub-Saharan Africa,Lower middle income,2,8.281456452829154
Eswatini,SWZ,2014,26.13779,3771.07228381938,Sub-Saharan Africa,Lower middle income,2,8.235114665417097
Eswatini,SWZ,2015,26.050581,3419.82276559528,Sub-Saharan Africa,Lower middle income,2,8.13734400578844
Eswatini,SWZ,2016,25.963371,3238.17611961364,Sub-Saharan Africa,Lower middle income,2,8.08276552423885
Eswatini,SWZ,2017,25.876163,3853.09956569679,Sub-Saharan Africa,Lower middle income,2,8.256633185376318
Eswatini,SWZ,2018,25.788954,3972.65450620357,Sub-Saharan Africa,Lower middle income,2,8.287189791601298
Eswatini,SWZ,2019,25.701744,3913.14577547336,Sub-Saharan Africa,Lower middle income,2,8.272096875662509
Eswatini,SWZ,2020,25.614534,3466.56936278145,Sub-Saharan Africa,Lower middle income,2,8.150920727639
Eswatini,SWZ,2021,25.527325,3984.00229174306,Sub-Saharan Africa,Lower middle income,2,8.290042193941035
Eswatini,SWZ,2022,25.440117,3894.1620089869,Sub-Saharan Africa,Lower middle income,2,8.267233789839906
Eswatini,SWZ,2023,25.352907,3755.52111232464,Sub-Saharan Africa,Lower middle income,2,8.23098233281833
Eswatini,SWZ,2024,25.265697,3909.55892378182,Sub-Saharan Africa,Lower middle income,2,8.271179839399274
Eswatini,SWZ,2025,25.178488,,Sub-Saharan Africa,Lower middle income,2,
Ethiopia,ETH,1990,25.286394,262.108971053707,Sub-Saharan Africa,Low income,1,5.568760337342645
Ethiopia,ETH,1991,25.221878,277.565910365091,Sub-Saharan Africa,Low income,1,5.626058419813464
Ethiopia,ETH,1992,25.157364,207.406400863847,Sub-Saharan Africa,Low income,1,5.334680157729255
Ethiopia,ETH,1993,25.092848,168.520401400989,Sub-Saharan Africa,Low income,1,5.127056819026974
Ethiopia,ETH,1994,25.028334,127.685923459033,Sub-Saharan Africa,Low income,1,4.8495735256315875
Ethiopia,ETH,1995,24.963818,136.523619088963,Sub-Saharan Africa,Low income,1,4.916497633275201
Ethiopia,ETH,1996,24.899302,147.327458851964,Sub-Saharan Africa,Low income,1,4.992657720569184
Ethiopia,ETH,1997,24.834787,143.369531498844,Sub-Saharan Africa,Low income,1,4.965425433476064
Ethiopia,ETH,1998,24.770271,126.465095781244,Sub-Saharan Africa,Low income,1,4.839966347415996
Ethiopia,ETH,1999,24.705757,120.734631499865,Sub-Saharan Africa,Low income,1,4.7935950090690485
Ethiopia,ETH,2000,24.641241,122.269202606069,Sub-Saharan Africa,Low income,1,4.8062251925520165
Ethiopia,ETH,2001,24.576735,118.457204255261,Sub-Saharan Africa,Low income,1,4.774551749821212
Ethiopia,ETH,2002,24.51223,109.593813612988,Sub-Saharan Africa,Low income,1,4.696780927783857
Ethiopia,ETH,2003,24.447723,116.800491132777,Sub-Saharan Africa,Low income,1,4.760467275289199
Ethiopia,ETH,2004,24.383217,133.169812538096,Sub-Saharan Africa,Low income,1,4.891625099824364
Ethiopia,ETH,2005,24.31871,158.243458082465,Sub-Saharan Africa,Low income,1,5.0641347210384575
Ethiopia,ETH,2006,24.254204,189.345737521418,Sub-Saharan Africa,Low income,1,5.243574642984934
Ethiopia,ETH,2007,24.189697,237.146255996319,Sub-Saharan Africa,Low income,1,5.4686770647071645
Ethiopia,ETH,2008,24.12519,316.410475118075,Sub-Saharan Africa,Low income,1,5.7570403425454515
Ethiopia,ETH,2009,24.060684,368.574712267445,Sub-Saharan Africa,Low income,1,5.90964343807342
Ethiopia,ETH,2010,23.996178,330.619412798644,Sub-Saharan Africa,Low income,1,5.800967903562083
Ethiopia,ETH,2011,23.943865,343.024942351887,Sub-Saharan Africa,Low income,1,5.837803162749173
Ethiopia,ETH,2012,23.89155,452.101031885754,Sub-Saharan Africa,Low income,1,6.113905676726077
Ethiopia,ETH,2013,23.839237,484.039833104062,Sub-Saharan Africa,Low income,1,6.18216720313197
Ethiopia,ETH,2014,23.786922,549.986577082588,Sub-Saharan Africa,Low income,1,6.309893872624317
Ethiopia,ETH,2015,23.73461,597.912113218663,Sub-Saharan Africa,Low income,1,6.39344377528803
Ethiopia,ETH,2016,23.731153,641.651523286233,Sub-Saharan Africa,Low income,1,6.4640453577018855
Ethiopia,ETH,2017,23.727697,696.348429076216,Sub-Saharan Africa,Low income,1,6.545850151556607
Ethiopia,ETH,2018,23.724241,739.702022272086,Sub-Saharan Africa,Low income,1,6.6062474324985425
Ethiopia,ETH,2019,23.720785,793.473247210264,Sub-Saharan Africa,Low income,1,6.6764198244772
Ethiopia,ETH,2020,23.71733,829.790982547947,Sub-Saharan Africa,Low income,1,6.721173840821098
Ethiopia,ETH,2021,23.713858,893.00983544905,Sub-Saharan Africa,Low income,1,6.794597594756551
Ethiopia,ETH,2022,23.710382,982.103161506992,Sub-Saharan Africa,Low income,1,6.889696355287955
Ethiopia,ETH,2023,23.70691,1055.81091592527,Sub-Saharan Africa,Low income,1,6.96206439134466
Ethiopia,ETH,2024,23.703436,1133.88279681719,Sub-Saharan Africa,Low income,1,7.033403125169599
Ethiopia,ETH,2025,23.699963,,Sub-Saharan Africa,Low income,1,
Faroe Islands,FRO,1990,0.05839416,20125.7940710069,Europe & Central Asia,High income,4,9.909757558452801
Faroe Islands,FRO,1991,0.05839416,19163.5554371421,Europe & Central Asia,High income,4,9.860765599922527
Faroe Islands,FRO,1992,0.05839416,19300.6621973456,Europe & Central Asia,High income,4,9.867894685047672
Faroe Islands,FRO,1993,0.05839416,16373.8260050275,Europe & Central Asia,High income,4,9.703439363583824
Faroe Islands,FRO,1994,0.05839416,16975.9297150055,Europe & Central Asia,High income,4,9.739551720588684
Faroe Islands,FRO,1995,0.05839416,20669.2052425004,Europe & Central Asia,High income,4,9.936400202130137
Faroe Islands,FRO,1996,0.05839416,22705.6954787426,Europe & Central Asia,High income,4,10.030371074146066
Faroe Islands,FRO,1997,0.05839416,21158.4130199317,Europe & Central Asia,High income,4,9.959792884101617
Faroe Islands,FRO,1998,0.05839416,24729.019906458,Europe & Central Asia,High income,4,10.115732727965364
Faroe Islands,FRO,1999,0.05839416,24978.6210817538,Europe & Central Asia,High income,4,10.125775581265383
Faroe Islands,FRO,2000,0.05839416,23322.7593357515,Europe & Central Asia,High income,4,10.057184958325294
Faroe Islands,FRO,2001,0.05839416,24879.7729617864,Europe & Central Asia,High income,4,10.121810421481351
Faroe Islands,FRO,2002,0.05839416,26937.6505602847,Europe & Central Asia,High income,4,10.201280236075391
Faroe Islands,FRO,2003,0.05839416,31269.6031997217,Europe & Central Asia,High income,4,10.350401760883742
Faroe Islands,FRO,2004,0.05839416,35647.5440400531,Europe & Central Asia,High income,4,10.481435532587255
Faroe Islands,FRO,2005,0.05839416,36389.081644098,Europe & Central Asia,High income,4,10.50202405379691
Faroe Islands,FRO,2006,0.05839416,41743.6812847661,Europe & Central Asia,High income,4,10.6393033723523
Faroe Islands,FRO,2007,0.05839416,48348.7393711011,Europe & Central Asia,High income,4,10.786195427555
Faroe Islands,FRO,2008,0.05839416,51287.8911081663,Europe & Central Asia,High income,4,10.845209962520366
Faroe Islands,FRO,2009,0.05839416,47059.1947296738,Europe & Central Asia,High income,4,10.759161550568306
Faroe Islands,FRO,2010,0.05839416,47923.1515374991,Europe & Central Asia,High income,4,10.777353997269103
Faroe Islands,FRO,2011,0.05839416,51618.9907766392,Europe & Central Asia,High income,4,10.85164492206713
Faroe Islands,FRO,2012,0.05839416,50261.9616267693,Europe & Central Asia,High income,4,10.82500383991751
Faroe Islands,FRO,2013,0.05839416,55758.2083680611,Europe & Central Asia,High income,4,10.928779913785856
Faroe Islands,FRO,2014,0.05839416,60172.0632541664,Europe & Central Asia,High income,4,11.004963458039764
Faroe Islands,FRO,2015,0.05839416,52637.1903526574,Europe & Central Asia,High income,4,10.871178189815168
Faroe Islands,FRO,2016,0.05839416,56875.2803813296,Europe & Central Asia,High income,4,10.948616086022719
Faroe Islands,FRO,2017,0.05839416,59387.353086482,Europe & Central Asia,High income,4,10.991836571679984
Faroe Islands,FRO,2018,0.05839416,62526.4908515743,Europe & Central Asia,High income,4,11.043345599549108
Faroe Islands,FRO,2019,0.05839416,63068.2872688483,Europe & Central Asia,High income,4,11.05197334325358
Faroe Islands,FRO,2020,0.05839416,62243.1905561324,Europe & Central Asia,High income,4,11.038804419687072
Faroe Islands,FRO,2021,0.05839416,69415.1853254579,Europe & Central Asia,High income,4,11.147860931283935
Faroe Islands,FRO,2022,0.05839416,67058.2022648126,Europe & Central Asia,High income,4,11.113316211799454
Faroe Islands,FRO,2023,0.05839416,72465.3769660215,Europe & Central Asia,High income,4,11.190864167685747
Faroe Islands,FRO,2024,0.05839416,74119.6607553879,Europe & Central Asia,High income,4,11.213436103424277
Faroe Islands,FRO,2025,0.05839416,,Europe & Central Asia,High income,4,
Fiji,FJI,1990,51.4335,1728.94076871199,East Asia & Pacific,Upper middle income,3,7.455264227555706
Fiji,FJI,1991,51.799015,1774.99211138118,East Asia & Pacific,Upper middle income,3,7.4815512576073475
Fiji,FJI,1992,52.16453,1951.25592930351,East Asia & Pacific,Upper middle income,3,7.576228510545594
Fiji,FJI,1993,52.53005,2070.04734110195,East Asia & Pacific,Upper middle income,3,7.635326756095458
Fiji,FJI,1994,52.895565,2297.18005884304,East Asia & Pacific,Upper middle income,3,7.73943758831649
Fiji,FJI,1995,53.261086,2466.74347815903,East Asia & Pacific,Upper middle income,3,7.8106541298335195
Fiji,FJI,1996,53.626602,2648.32766264,East Asia & Pacific,Upper middle income,3,7.881683649069451
Fiji,FJI,1997,53.99212,2573.72338605678,East Asia & Pacific,Upper middle income,3,7.85310891775693
Fiji,FJI,1998,54.357635,2010.49636073149,East Asia & Pacific,Upper middle income,3,7.6061369162046235
Fiji,FJI,1999,54.723152,2327.95720514091,East Asia & Pacific,Upper middle income,3,7.752746426010934
Fiji,FJI,2000,55.08867,1995.72071163264,East Asia & Pacific,Upper middle income,3,7.5987605230493855
Fiji,FJI,2001,55.42058,1944.997414609,East Asia & Pacific,Upper middle income,3,7.573015926801792
Fiji,FJI,2002,55.75249,2136.56794118683,East Asia & Pacific,Upper middle income,3,7.6669560548063265
Fiji,FJI,2003,56.0844,2655.58079586044,East Asia & Pacific,Upper middle income,3,7.8844186652555335
Fiji,FJI,2004,56.41631,3097.19096651759,East Asia & Pacific,Upper middle income,3,8.038250839847327
Fiji,FJI,2005,56.748222,3377.69126953493,East Asia & Pacific,Upper middle income,3,8.124947698737179
Fiji,FJI,2006,57.08013,3455.10599907349,East Asia & Pacific,Upper middle income,3,8.147608415636649
Fiji,FJI,2007,57.41204,3762.74692789299,East Asia & Pacific,Upper middle income,3,8.232904535579541
Fiji,FJI,2008,57.743954,3899.92231512129,East Asia & Pacific,Upper middle income,3,8.268711912719679
Fiji,FJI,2009,58.075863,3164.13275408169,East Asia & Pacific,Upper middle income,3,8.05963428568171
Fiji,FJI,2010,58.407772,3449.14452883369,East Asia & Pacific,Upper middle income,3,8.145881516620681
Fiji,FJI,2011,58.66141,4139.60288609702,East Asia & Pacific,Upper middle income,3,8.328355140986021
Fiji,FJI,2012,58.91505,4341.40338748749,East Asia & Pacific,Upper middle income,3,8.375952935996727
Fiji,FJI,2013,59.168694,4572.44377544245,East Asia & Pacific,Upper middle income,3,8.427803083949389
Fiji,FJI,2014,59.422333,5293.35676680464,East Asia & Pacific,Upper middle income,3,8.574207873101425
Fiji,FJI,2015,59.675972,5097.53106864695,East Asia & Pacific,Upper middle income,3,8.536511597309282
Fiji,FJI,2016,59.9295,5363.79026679243,East Asia & Pacific,Upper middle income,3,8.587426143486585
Fiji,FJI,2017,60.183033,5826.84814459328,East Asia & Pacific,Upper middle income,3,8.670231506153632
Fiji,FJI,2018,60.43656,6085.41979485376,East Asia & Pacific,Upper middle income,3,8.713650991514301
Fiji,FJI,2019,60.690094,5842.07344577597,East Asia & Pacific,Upper middle income,3,8.672841054894672
Fiji,FJI,2020,60.943623,4620.6457238014,East Asia & Pacific,Upper middle income,3,8.43828974136586
Fiji,FJI,2021,61.197155,4536.73312110335,East Asia & Pacific,Upper middle income,3,8.419962455166226
Fiji,FJI,2022,61.450684,5414.12092119088,East Asia & Pacific,Upper middle income,3,8.596765804832636
Fiji,FJI,2023,61.704216,5926.20586394763,East Asia & Pacific,Upper middle income,3,8.687139466637046
Fiji,FJI,2024,61.957745,6425.74151715712,East Asia & Pacific,Upper middle income,3,8.768067314334736
Fiji,FJI,2025,62.211277,,East Asia & Pacific,Upper middle income,3,
Finland,FIN,1990,71.97071,28366.204276071,Europe & Central Asia,High income,4,10.252953725269467
Finland,FIN,1991,72.15835,25488.8450525604,Europe & Central Asia,High income,4,10.145996186518627
Finland,FIN,1992,72.34598,22320.1124695857,Europe & Central Asia,High income,4,10.013243455442485
Finland,FIN,1993,72.533615,17588.6781715509,Europe & Central Asia,High income,4,9.77501068832188
Finland,FIN,1994,72.721245,20278.29109854,Europe & Central Asia,High income,4,9.917306188796607
Finland,FIN,1995,72.90888,26246.2743214462,Europe & Central Asia,High income,4,10.175279327335094
Finland,FIN,1996,73.09651,25756.6777073618,Europe & Central Asia,High income,4,10.15644920091331
Finland,FIN,1997,73.28415,24682.29083271,Europe & Central Asia,High income,4,10.113841295134291
Finland,FIN,1998,73.47178,25999.9861694953,Europe & Central Asia,High income,4,10.16585128506099
Finland,FIN,1999,73.65942,26180.4128562349,Europe & Central Asia,High income,4,10.172766809249207
Finland,FIN,2000,73.84705,24335.9225082659,Europe & Central Asia,High income,4,10.09970883025115
Finland,FIN,2001,73.78005,24965.202996776,Europe & Central Asia,High income,4,10.125238254156448
Finland,FIN,2002,73.71305,26989.389260959,Europe & Central Asia,High income,4,10.203199077410675
Finland,FIN,2003,73.64606,32920.0857192568,Europe & Central Asia,High income,4,10.401838258653253
Finland,FIN,2004,73.579056,37768.1334202029,Europe & Central Asia,High income,4,10.539220994845463
Finland,FIN,2005,73.512054,39049.8703780223,Europe & Central Asia,High income,4,10.57259483587749
Finland,FIN,2006,73.44506,41214.0187765069,Europe & Central Asia,High income,4,10.626533739027481
Finland,FIN,2007,73.37806,48473.0240091455,Europe & Central Asia,High income,4,10.788762716188637
Finland,FIN,2008,73.311066,53769.4726240385,Europe & Central Asia,High income,4,10.892461161759316
Finland,FIN,2009,73.244064,47478.3495310999,Europe & Central Asia,High income,4,10.76802908676937
Finland,FIN,2010,73.17706,46506.2919016566,Europe & Central Asia,High income,4,10.74734289213496
Finland,FIN,2011,73.28696,51060.3242589767,Europe & Central Asia,High income,4,10.840763041323228
Finland,FIN,2012,73.39684,47551.6740841369,Europe & Central Asia,High income,4,10.76957227417055
Finland,FIN,2013,73.50673,49691.0145200739,Europe & Central Asia,High income,4,10.813579401374739
Finland,FIN,2014,73.616615,50073.7760815871,Europe & Central Asia,High income,4,10.821252718529616
Finland,FIN,2015,73.7265,42560.3456767103,Europe & Central Asia,High income,4,10.658678246085698
Finland,FIN,2016,73.814674,43451.2562442158,Europe & Central Asia,High income,4,10.679395042685613
Finland,FIN,2017,73.90285,46085.0174739036,Europe & Central Asia,High income,4,10.738243175594528
Finland,FIN,2018,73.99102,49654.2497035329,Europe & Central Asia,High income,4,10.812839259033648
Finland,FIN,2019,74.07919,48358.1807773701,Europe & Central Asia,High income,4,10.78639068568719
Finland,FIN,2020,74.167366,48828.6846862799,Europe & Central Asia,High income,4,10.796073220102286
Finland,FIN,2021,74.167366,53099.1351400148,Europe & Central Asia,High income,4,10.879915919715371
Finland,FIN,2022,74.167366,50440.560224974,Europe & Central Asia,High income,4,10.828550896777168
Finland,FIN,2023,74.167366,52834.2916752703,Europe & Central Asia,High income,4,10.874915722430961
Finland,FIN,2024,74.167366,53149.7671934051,Europe & Central Asia,High income,4,10.880869003579976
Finland,FIN,2025,74.167366,,Europe & Central Asia,High income,4,
France,FRA,1000,47.0,,Europe & Central Asia,High income,4,
France,FRA,1067,46.0,,Europe & Central Asia,High income,4,
France,FRA,1125,43.0,,Europe & Central Asia,High income,4,
France,FRA,1185,38.0,,Europe & Central Asia,High income,4,
France,FRA,1229,32.0,,Europe & Central Asia,High income,4,
France,FRA,1251,29.0,,Europe & Central Asia,High income,4,
France,FRA,1286,25.0,,Europe & Central Asia,High income,4,
France,FRA,1329,23.0,,Europe & Central Asia,High income,4,
France,FRA,1383,30.0,,Europe & Central Asia,High income,4,
France,FRA,1412,36.0,,Europe & Central Asia,High income,4,
France,FRA,1436,40.0,,Europe & Central Asia,High income,4,
France,FRA,1480,38.0,,Europe & Central Asia,High income,4,
France,FRA,1531,34.0,,Europe & Central Asia,High income,4,
France,FRA,1614,28.0,,Europe & Central Asia,High income,4,
France,FRA,1660,25.0,,Europe & Central Asia,High income,4,
France,FRA,1688,21.0,,Europe & Central Asia,High income,4,
France,FRA,1741,17.0,,Europe & Central Asia,High income,4,
France,FRA,1814,14.0,,Europe & Central Asia,High income,4,
France,FRA,1841,13.0,,Europe & Central Asia,High income,4,
France,FRA,1871,14.0,,Europe & Central Asia,High income,4,
France,FRA,1892,15.0,,Europe & Central Asia,High income,4,
France,FRA,1911,16.0,,Europe & Central Asia,High income,4,
France,FRA,1938,19.0,,Europe & Central Asia,High income,4,
France,FRA,1955,22.0,,Europe & Central Asia,High income,4,
France,FRA,1956,24.0,,Europe & Central Asia,High income,4,
France,FRA,1976,26.0,6792.3099035538,Europe & Central Asia,High income,4,8.823546354681984
France,FRA,1990,26.364378,21586.4674617483,Europe & Central Asia,High income,4,9.979821890934572
France,FRA,1991,26.51998,21500.7778366233,Europe & Central Asia,High income,4,9.975844391908925
France,FRA,1992,26.67558,23615.0168565483,Europe & Central Asia,High income,4,10.069638096136794
France,FRA,1993,26.831179,22238.8250618434,Europe & Central Asia,High income,4,10.009594917015884
France,FRA,1994,26.98678,23359.8985104774,Europe & Central Asia,High income,4,10.058776092346998
France,FRA,1995,27.14238,26791.8151982369,Europe & Central Asia,High income,4,10.195851716803077
France,FRA,1996,27.29798,26757.6351494145,Europe & Central Asia,High income,4,10.194575137744195
France,FRA,1997,27.45358,24169.4008102822,Europe & Central Asia,High income,4,10.092842682752346
France,FRA,1998,27.60918,24869.4030795939,Europe & Central Asia,High income,4,10.121393534884714
France,FRA,1999,27.76478,24576.3152254528,Europe & Central Asia,High income,4,10.10953846242165
France,FRA,2000,27.920382,22340.5939516217,Europe & Central Asia,High income,4,10.014160659182107
France,FRA,2001,28.126934,22331.7948343036,Europe & Central Asia,High income,4,10.013766719315848
France,FRA,2002,28.333488,24144.5727019529,Europe & Central Asia,High income,4,10.09181490098612
France,FRA,2003,28.540043,29479.5222101175,Europe & Central Asia,High income,4,10.291451138916761
France,FRA,2004,28.746595,33644.9282220364,Europe & Central Asia,High income,4,10.423617602228447
France,FRA,2005,28.95315,34696.3718316971,Europe & Central Asia,High income,4,10.454390402304016
France,FRA,2006,29.159704,36431.5658906555,Europe & Central Asia,High income,4,10.503190872626895
France,FRA,2007,29.366259,41486.1907828787,Europe & Central Asia,High income,4,10.633115898624695
France,FRA,2008,29.572811,45464.8181385158,Europe & Central Asia,High income,4,10.724694078119368
France,FRA,2009,29.779366,41728.0884164132,Europe & Central Asia,High income,4,10.638929764159013
France,FRA,2010,29.98592,40694.8211697025,Europe & Central Asia,High income,4,10.61385611934683
France,FRA,2011,30.138231,43929.7840873812,Europe & Central Asia,High income,4,10.690347822033576
France,FRA,2012,30.290545,40863.5814412333,Europe & Central Asia,High income,4,10.617994516053528
France,FRA,2013,30.442858,42669.1795111893,Europe & Central Asia,High income,4,10.661232147292914
France,FRA,2014,30.595171,43148.0459288416,Europe & Central Asia,High income,4,10.672392409943663
France,FRA,2015,30.747484,36702.4323733379,Europe & Central Asia,High income,4,10.510598309049092
France,FRA,2016,30.934496,37024.2157133669,Europe & Central Asia,High income,4,10.519327456288199
France,FRA,2017,31.12151,38687.1626407164,Europe & Central Asia,High income,4,10.563263109278209
France,FRA,2018,31.308521,41418.1766484844,Europe & Central Asia,High income,4,10.631475112939684
France,FRA,2019,31.495533,40408.2848574751,Europe & Central Asia,High income,4,10.606790113654695
France,FRA,2020,31.682547,39169.8606000707,Europe & Central Asia,High income,4,10.575662867809294
France,FRA,2021,31.845818,43725.0999521245,Europe & Central Asia,High income,4,10.685677585810422
France,FRA,2022,32.009087,40988.6396406579,Europe & Central Asia,High income,4,10.62105022535698
France,FRA,2023,32.17236,44700.1384177544,Europe & Central Asia,High income,4,10.707731877190923
France,FRA,2024,32.33563,46103.0840855884,Europe & Central Asia,High income,4,10.738635126651344
France,FRA,2025,32.4989,,Europe & Central Asia,High income,4,
French Polynesia,PYF,1990,41.610485,16293.1823294474,East Asia & Pacific,High income,4,9.698502037301814
French Polynesia,PYF,1991,41.729183,16414.8132696888,East Asia & Pacific,High income,4,9.705939454280909
French Polynesia,PYF,1992,41.84788,17554.3737937032,East Asia & Pacific,High income,4,9.77305841685854
French Polynesia,PYF,1993,41.96658,16469.7751983669,East Asia & Pacific,High income,4,9.709282173920485
French Polynesia,PYF,1994,42.085278,16806.0592491122,East Asia & Pacific,High income,4,9.72949476995572
French Polynesia,PYF,1995,42.203976,18850.3149185956,East Asia & Pacific,High income,4,9.844284899293399
French Polynesia,PYF,1996,42.322674,18475.7253329475,East Asia & Pacific,High income,4,9.82421300528647
French Polynesia,PYF,1997,42.441372,16423.0214308681,East Asia & Pacific,High income,4,9.706439375266875
French Polynesia,PYF,1998,42.56007,16759.7141702526,East Asia & Pacific,High income,4,9.726733319609776
French Polynesia,PYF,1999,42.67877,16532.9022343754,East Asia & Pacific,High income,4,9.713107749171217
French Polynesia,PYF,2000,42.797466,14978.324104668,East Asia & Pacific,High income,4,9.614359375289848
French Polynesia,PYF,2001,42.82368,14640.9360062298,East Asia & Pacific,High income,4,9.591576720323319
French Polynesia,PYF,2002,42.8499,16004.0583292112,East Asia & Pacific,High income,4,9.680597614635017
French Polynesia,PYF,2003,42.876118,19582.8936395312,East Asia & Pacific,High income,4,9.882411690636765
French Polynesia,PYF,2004,42.902332,21764.2203208782,East Asia & Pacific,High income,4,9.988022630734056
French Polynesia,PYF,2005,42.92855,21984.1936230719,East Asia & Pacific,High income,4,9.998079002437434
French Polynesia,PYF,2006,42.95477,22330.8676659055,East Asia & Pacific,High income,4,10.013725200590974
French Polynesia,PYF,2007,42.980984,24888.1781337361,East Asia & Pacific,High income,4,10.12214819596652
French Polynesia,PYF,2008,43.007202,26592.0262835732,East Asia & Pacific,High income,4,10.188366686056206
French Polynesia,PYF,2009,43.03342,24434.2197555208,East Asia & Pacific,High income,4,10.103739877764962
French Polynesia,PYF,2010,43.059635,22494.806706186,East Asia & Pacific,High income,4,10.021039748492678
French Polynesia,PYF,2011,43.059635,22831.5185348524,East Asia & Pacific,High income,4,10.035897252198044
French Polynesia,PYF,2012,43.059635,20846.5457478364,East Asia & Pacific,High income,4,9.944943541935299
French Polynesia,PYF,2013,43.059635,21955.6329264095,East Asia & Pacific,High income,4,9.996779010929616
French Polynesia,PYF,2014,43.059635,22258.6321384251,East Asia & Pacific,High income,4,10.010485173634402
French Polynesia,PYF,2015,43.059635,19166.9594761931,East Asia & Pacific,High income,4,9.860943215019411
French Polynesia,PYF,2016,43.059635,19690.0775734589,East Asia & Pacific,High income,4,9.88787011136431
French Polynesia,PYF,2017,43.059635,20826.9312492172,East Asia & Pacific,High income,4,9.944002199792477
French Polynesia,PYF,2018,43.059635,21925.616043938,East Asia & Pacific,High income,4,9.995410914630734
French Polynesia,PYF,2019,43.059635,21582.5892046801,East Asia & Pacific,High income,4,9.97964221329609
French Polynesia,PYF,2020,43.059635,19966.4838503859,East Asia & Pacific,High income,4,9.901810339319352
French Polynesia,PYF,2021,43.059635,21426.3854449835,East Asia & Pacific,High income,4,9.972378406252007
French Polynesia,PYF,2022,43.059635,20053.9569369322,East Asia & Pacific,High income,4,9.906181766726036
French Polynesia,PYF,2023,43.059635,21832.2831795569,East Asia & Pacific,High income,4,9.991145033152208
French Polynesia,PYF,2024,43.059635,22439.8838746025,East Asia & Pacific,High income,4,10.018595184694655
French Polynesia,PYF,2025,43.059635,,East Asia & Pacific,High income,4,
Gabon,GAB,1990,92.26619,6050.71468999523,Sub-Saharan Africa,Upper middle income,3,8.707931674625744
Gabon,GAB,1991,92.238014,5345.0965303052,Sub-Saharan Africa,Upper middle income,3,8.583934883222204
Gabon,GAB,1992,92.20983,5385.68811745078,Sub-Saharan Africa,Upper middle income,3,8.591500365540217
Gabon,GAB,1993,92.181656,4105.98701339331,Sub-Saharan Africa,Upper middle income,3,8.320201434737372
Gabon,GAB,1994,92.15347,3828.21118114454,Sub-Saharan Africa,Upper middle income,3,8.2501529185393
Gabon,GAB,1995,92.12529,4414.8755828572,Sub-Saharan Africa,Upper middle income,3,8.392734932087686
Gabon,GAB,1996,92.097115,4942.67870027615,Sub-Saharan Africa,Upper middle income,3,8.50566271023864
Gabon,GAB,1997,92.06893,4508.75340541142,Sub-Saharan Africa,Upper middle income,3,8.413775987506938
Gabon,GAB,1998,92.04076,3699.99513906504,Sub-Saharan Africa,Upper middle income,3,8.216086784865247
Gabon,GAB,1999,92.01257,3751.35318950625,Sub-Saharan Africa,Upper middle income,3,8.22987190440856
Gabon,GAB,2000,91.9844,3982.906200928,Sub-Saharan Africa,Upper middle income,3,8.28976703304946
Gabon,GAB,2001,91.97727,3835.75718279727,Sub-Saharan Africa,Upper middle income,3,8.252122134416215
Gabon,GAB,2002,91.970146,3966.48001864663,Sub-Saharan Africa,Upper middle income,3,8.285634335201733
Gabon,GAB,2003,91.96302,4710.74862768151,Sub-Saharan Africa,Upper middle income,3,8.457602118686209
Gabon,GAB,2004,91.955894,5465.79193590708,Sub-Saharan Africa,Upper middle income,3,8.606264300616624
Gabon,GAB,2005,91.94877,6547.87613955186,Sub-Saharan Africa,Upper middle income,3,8.78689602254423
Gabon,GAB,2006,91.94164,6847.00985685394,Sub-Saharan Africa,Upper middle income,3,8.831567318707283
Gabon,GAB,2007,91.934525,8003.54289696049,Sub-Saharan Africa,Upper middle income,3,8.987639584747548
Gabon,GAB,2008,91.9274,9688.64519690633,Sub-Saharan Africa,Upper middle income,3,9.178709880549095
Gabon,GAB,2009,91.92027,7290.57526093114,Sub-Saharan Africa,Upper middle income,3,8.894337732853888
Gabon,GAB,2010,91.91315,8356.74662013345,Sub-Saharan Africa,Upper middle income,3,9.03082447006512
Gabon,GAB,2011,91.86608,10219.1139339454,Sub-Saharan Africa,Upper middle income,3,9.232015160776537
Gabon,GAB,2012,91.81902,9296.96587941088,Sub-Saharan Africa,Upper middle income,3,9.137443376384681
Gabon,GAB,2013,91.771965,9197.70106323947,Sub-Saharan Africa,Upper middle income,3,9.126708847380323
Gabon,GAB,2014,91.72491,9201.36276648105,Sub-Saharan Africa,Upper middle income,3,9.12710687885886
Gabon,GAB,2015,91.67784,7047.12654634355,Sub-Saharan Africa,Upper middle income,3,8.860375230643234
Gabon,GAB,2016,91.65172,6677.07003901644,Sub-Saharan Africa,Upper middle income,3,8.80643455339645
Gabon,GAB,2017,91.62559,6921.73373135624,Sub-Saharan Africa,Upper middle income,3,8.842421556445338
Gabon,GAB,2018,91.599464,7624.2775233771,Sub-Saharan Africa,Upper middle income,3,8.939092845953938
Gabon,GAB,2019,91.57334,7441.1786472281,Sub-Saharan Africa,Upper middle income,3,8.914784535606321
Gabon,GAB,2020,91.54721,6605.80346077565,Sub-Saharan Africa,Upper middle income,3,8.79570385388472
Gabon,GAB,2021,91.52109,8181.40914134656,Sub-Saharan Africa,Upper middle income,3,9.009619681428878
Gabon,GAB,2022,91.49496,8409.2074145028,Sub-Saharan Africa,Upper middle income,3,9.0370825053038
Gabon,GAB,2023,91.468834,7802.82433276138,Sub-Saharan Africa,Upper middle income,3,8.962241041081258
Gabon,GAB,2024,91.4427,8230.04311451151,Sub-Saharan Africa,Upper middle income,3,9.015546532358671
Gabon,GAB,2025,91.41658,,Sub-Saharan Africa,Upper middle income,3,
Gambia,GMB,1990,40.981224,300.639895740381,Sub-Saharan Africa,Low income,1,5.705913188872855
Gambia,GMB,1991,40.41937,627.578919318827,Sub-Saharan Africa,Low income,1,6.441869430936595
Gambia,GMB,1992,39.85751,623.485927783598,Sub-Saharan Africa,Low income,1,6.435326195151836
Gambia,GMB,1993,39.29565,635.3611677282,Sub-Saharan Africa,Low income,1,6.454193605281341
Gambia,GMB,1994,38.733795,608.2774907808,Sub-Saharan Africa,Low income,1,6.410631177158207
Gambia,GMB,1995,38.171936,621.681391269646,Sub-Saharan Africa,Low income,1,6.432427728817744
Gambia,GMB,1996,37.61008,651.784945724837,Sub-Saharan Africa,Low income,1,6.479714669672845
Gambia,GMB,1997,37.04822,600.224023405754,Sub-Saharan Africa,Low income,1,6.397302957872962
Gambia,GMB,1998,36.486362,610.234711461724,Sub-Saharan Africa,Low income,1,6.413843656049324
Gambia,GMB,1999,35.924507,575.459893151216,Sub-Saharan Africa,Low income,1,6.3551695352924655
Gambia,GMB,2000,35.362648,538.054072348854,Sub-Saharan Africa,Low income,1,6.287959061336008
Gambia,GMB,2001,34.79081,459.803068381399,Sub-Saharan Africa,Low income,1,6.1307982856025935
Gambia,GMB,2002,34.21897,376.531026962584,Sub-Saharan Africa,Low income,1,5.9310004527756846
Gambia,GMB,2003,33.647133,308.719123437587,Sub-Saharan Africa,Low income,1,5.7324318778809005
Gambia,GMB,2004,33.0753,593.285346326581,Sub-Saharan Africa,Low income,1,6.38567547436963
Gambia,GMB,2005,32.50346,616.483657865348,Sub-Saharan Africa,Low income,1,6.424031814329859
Gambia,GMB,2006,31.93162,614.544307904464,Sub-Saharan Africa,Low income,1,6.420881030400967
Gambia,GMB,2007,31.359783,724.726407242432,Sub-Saharan Africa,Low income,1,6.585794214312171
Gambia,GMB,2008,30.787945,859.127671411226,Sub-Saharan Africa,Low income,1,6.755917538892748
Gambia,GMB,2009,30.216106,774.888030908091,Sub-Saharan Africa,Low income,1,6.652718542668024
Gambia,GMB,2010,29.644268,801.033372714536,Sub-Saharan Africa,Low income,1,6.68590261001385
Gambia,GMB,2011,29.072529,710.608411468152,Sub-Saharan Africa,Low income,1,6.5661215206518975
Gambia,GMB,2012,28.50079,692.579361628102,Sub-Saharan Africa,Low income,1,6.540422833124257
Gambia,GMB,2013,27.92905,653.862713272743,Sub-Saharan Africa,Low income,1,6.482897410878011
Gambia,GMB,2014,27.357313,568.00453558864,Sub-Saharan Africa,Low income,1,6.342129403880538
Gambia,GMB,2015,26.785574,619.536364296461,Sub-Saharan Africa,Low income,1,6.428971398775769
Gambia,GMB,2016,26.213835,650.056501323611,Sub-Saharan Africa,Low income,1,6.477059284225161
Gambia,GMB,2017,25.642096,642.522641296331,Sub-Saharan Africa,Low income,1,6.4654020555202045
Gambia,GMB,2018,25.070356,696.219806960615,Sub-Saharan Africa,Low income,1,6.545665425074072
Gambia,GMB,2019,24.498617,738.186751987483,Sub-Saharan Africa,Low income,1,6.604196844061903
Gambia,GMB,2020,23.926878,720.335143352133,Sub-Saharan Africa,Low income,1,6.5797165805873075
Gambia,GMB,2021,23.281225,781.890925169531,Sub-Saharan Africa,Low income,1,6.661715248936414
Gambia,GMB,2022,22.635572,836.244875868476,Sub-Saharan Africa,Low income,1,6.728921483912127
Gambia,GMB,2023,21.989922,883.024111719809,Sub-Saharan Africa,Low income,1,6.783352506822092
Gambia,GMB,2024,21.344269,871.340291776294,Sub-Saharan Africa,Low income,1,6.770032591455433
Gambia,GMB,2025,20.698616,,Sub-Saharan Africa,Low income,1,
Georgia,GEO,1990,43.609154,1610.98027146868,Europe & Central Asia,Upper middle income,3,7.3845981369621265
Georgia,GEO,1991,43.621098,1307.82342713006,Europe & Central Asia,Upper middle income,3,7.1761195283556765
Georgia,GEO,1992,43.63304,757.223548505358,Europe & Central Asia,Upper middle income,3,6.629658518303991
Georgia,GEO,1993,43.644985,550.015542609224,Europe & Central Asia,Upper middle income,3,6.309946537116729
Georgia,GEO,1994,43.65693,519.815578814965,Europe & Central Asia,Upper middle income,3,6.253474092545049
Georgia,GEO,1995,43.668873,578.336923460866,Europe & Central Asia,Upper middle income,3,6.360156611406895
Georgia,GEO,1996,43.680817,689.034634153312,Europe & Central Asia,Upper middle income,3,6.5352915370265166
Georgia,GEO,1997,43.69276,807.032285752352,Europe & Central Asia,Upper middle income,3,6.693363674597754
Georgia,GEO,1998,43.704704,851.515542450841,Europe & Central Asia,Upper middle income,3,6.747017752961222
Georgia,GEO,1999,43.71665,673.537782887275,Europe & Central Asia,Upper middle income,3,6.512544093589866
Georgia,GEO,2000,43.728596,749.908534993961,Europe & Central Asia,Upper middle income,3,6.619951245752057
Georgia,GEO,2001,43.817528,801.98383707929,Europe & Central Asia,Upper middle income,3,6.687088454395717
Georgia,GEO,2002,43.90646,853.526171868939,Europe & Central Asia,Upper middle income,3,6.749376205934176
Georgia,GEO,2003,43.995396,1010.03151630868,Europe & Central Asia,Upper middle income,3,6.917736813614482
Georgia,GEO,2004,44.084328,1305.04748557208,Europe & Central Asia,Upper middle income,3,7.173994706506344
Georgia,GEO,2005,44.173264,1642.78359414797,Europe & Central Asia,Upper middle income,3,7.4041473955143795
Georgia,GEO,2006,44.262196,1996.02013272284,Europe & Central Asia,Upper middle income,3,7.5989105433550295
Georgia,GEO,2007,44.35113,2635.36650276116,Europe & Central Asia,Upper middle income,3,7.876777541535253
Georgia,GEO,2008,44.440063,3324.7537205015,Europe & Central Asia,Upper middle income,3,8.109150881324604
Georgia,GEO,2009,44.528996,2822.68939668797,Europe & Central Asia,Upper middle income,3,7.9454453962306415
Georgia,GEO,2010,44.61793,3281.72930937343,Europe & Central Asia,Upper middle income,3,8.096125790909602
Georgia,GEO,2011,44.61793,4119.66818307193,Europe & Central Asia,Upper middle income,3,8.323527901010868
Georgia,GEO,2012,44.61793,4530.69533409431,Europe & Central Asia,Upper middle income,3,8.418630702082925
Georgia,GEO,2013,44.61793,4712.00229382665,Europe & Central Asia,Upper middle income,3,8.45786821213662
Georgia,GEO,2014,44.61793,4830.33486170249,Europe & Central Asia,Upper middle income,3,8.482671073788465
Georgia,GEO,2015,44.61793,4086.6223465965,Europe & Central Asia,Upper middle income,3,8.315474075721646
Georgia,GEO,2016,44.61793,4143.40125686315,Europe & Central Asia,Upper middle income,3,8.329272289152755
Georgia,GEO,2017,44.61793,4418.75206546679,Europe & Central Asia,Upper middle income,3,8.393612597077144
Georgia,GEO,2018,44.61793,4804.0546040444,Europe & Central Asia,Upper middle income,3,8.477215549505885
Georgia,GEO,2019,44.61793,4741.2832715876,Europe & Central Asia,Upper middle income,3,8.464063110450166
Georgia,GEO,2020,44.61793,4300.85701291207,Europe & Central Asia,Upper middle income,3,8.366569587151373
Georgia,GEO,2021,44.61793,5083.60695484577,Europe & Central Asia,Upper middle income,3,8.533776319101591
Georgia,GEO,2022,44.61793,6729.84659930283,Europe & Central Asia,Upper middle income,3,8.814307628813294
Georgia,GEO,2023,44.61793,8283.66960652261,Europe & Central Asia,Upper middle income,3,9.022041338393533
Georgia,GEO,2024,44.61793,9241.49122313713,Europe & Central Asia,Upper middle income,3,9.131458539399526
Georgia,GEO,2025,44.61793,,Europe & Central Asia,Upper middle income,3,
Germany,DEU,1990,32.34486,22385.6778250275,Europe & Central Asia,High income,4,10.0161766505395
Germany,DEU,1991,32.360317,23443.3350818536,Europe & Central Asia,High income,4,10.06234151521892
Germany,DEU,1992,32.375774,26559.8543879632,Europe & Central Asia,High income,4,10.187156121194437
Germany,DEU,1993,32.39123,25616.6508772405,Europe & Central Asia,High income,4,10.150997843925268
Germany,DEU,1994,32.406685,27201.9593555204,Europe & Central Asia,High income,4,10.21104428481911
Germany,DEU,1995,32.422142,31747.2449398447,Europe & Central Asia,High income,4,10.365561227007596
Germany,DEU,1996,32.4376,30599.7891048363,Europe & Central Asia,High income,4,10.32874839591791
Germany,DEU,1997,32.453056,27046.9565464237,Europe & Central Asia,High income,4,10.205329765797662
Germany,DEU,1998,32.468513,27395.9440608051,Europe & Central Asia,High income,4,10.218150254441172
Germany,DEU,1999,32.48397,26965.4922773722,Europe & Central Asia,High income,4,10.202313263765346
Germany,DEU,2000,32.499428,23925.8559901991,Europe & Central Asia,High income,4,10.082714993745883
Germany,DEU,2001,32.51517,23878.3641471651,Europe & Central Asia,High income,4,10.08072806211006
Germany,DEU,2002,32.530914,25486.5942008748,Europe & Central Asia,High income,4,10.145907875295809
Germany,DEU,2003,32.546658,30711.1022511331,Europe & Central Asia,High income,4,10.332379505045171
Germany,DEU,2004,32.5624,34566.7359143735,Europe & Central Asia,High income,4,10.450647108856282
Germany,DEU,2005,32.578144,35084.4363546269,Europe & Central Asia,High income,4,10.465512902419162
Germany,DEU,2006,32.593887,36980.3349948954,Europe & Central Asia,High income,4,10.518141563712833
Germany,DEU,2007,32.60963,42350.9217211489,Europe & Central Asia,High income,4,10.653745464215234
Germany,DEU,2008,32.625374,46379.1647953479,Europe & Central Asia,High income,4,10.744605602785109
Germany,DEU,2009,32.641113,42471.8868625226,Europe & Central Asia,High income,4,10.656597650446685
Germany,DEU,2010,32.656857,42396.9665976293,Europe & Central Asia,High income,4,10.654832096152019
Germany,DEU,2011,32.670826,47630.9761883572,Europe & Central Asia,High income,4,10.771238588826478
Germany,DEU,2012,32.684795,44718.0159214069,Europe & Central Asia,High income,4,10.708131740149913
Germany,DEU,2013,32.698765,47206.8353514242,Europe & Central Asia,High income,4,10.762293977856173
Germany,DEU,2014,32.71273,48959.5991203133,Europe & Central Asia,High income,4,10.798750729250589
Germany,DEU,2015,32.7267,41929.7549110722,Europe & Central Asia,High income,4,10.643750994955075
Germany,DEU,2016,32.74044,42948.9381932694,Europe & Central Asia,High income,4,10.667767205180603
Germany,DEU,2017,32.75418,45553.9341495339,Europe & Central Asia,High income,4,10.726652268871367
Germany,DEU,2018,32.767918,48916.1686612154,Europe & Central Asia,High income,4,10.797863268279754
Germany,DEU,2019,32.78166,47656.199739747,Europe & Central Asia,High income,4,10.771768010581992
Germany,DEU,2020,32.7954,47394.8734504469,Europe & Central Asia,High income,4,10.766269346780126
Germany,DEU,2021,32.809135,52349.2459994422,Europe & Central Asia,High income,4,10.865692813127952
Germany,DEU,2022,32.822876,50506.5179638543,Europe & Central Asia,High income,4,10.829857675525991
Germany,DEU,2023,32.836617,54776.7668235491,Europe & Central Asia,High income,4,10.911021419964431
Germany,DEU,2024,32.850353,56103.7323182554,Europe & Central Asia,High income,4,10.934957619034956
Germany,DEU,2025,32.864094,,Europe & Central Asia,High income,4,
Ghana,GHA,1990,25.517881,382.54246368354,Sub-Saharan Africa,Lower middle income,2,5.94683966327087
Ghana,GHA,1991,25.67487,418.254121349986,Sub-Saharan Africa,Lower middle income,2,6.036089193613928
Ghana,GHA,1992,25.831858,396.426407640517,Sub-Saharan Africa,Lower middle income,2,5.982490418906225
Ghana,GHA,1993,25.988846,359.800844097528,Sub-Saharan Africa,Lower middle income,2,5.88555066753238
Ghana,GHA,1994,26.145834,320.50390343252,Sub-Saharan Africa,Lower middle income,2,5.769894455483189
Ghana,GHA,1995,26.302822,371.537243033836,Sub-Saharan Africa,Lower middle income,2,5.917649109560629
Ghana,GHA,1996,26.45981,389.271267898831,Sub-Saharan Africa,Lower middle income,2,5.964276447368785
Ghana,GHA,1997,26.616798,377.841935501461,Sub-Saharan Africa,Lower middle income,2,5.934475948117249
Ghana,GHA,1998,26.773787,400.366799508524,Sub-Saharan Africa,Lower middle income,2,5.992381125692773
Ghana,GHA,1999,26.930775,403.037326127273,Sub-Saharan Africa,Lower middle income,2,5.999029178320862
Ghana,GHA,2000,27.087763,253.746936203344,Sub-Saharan Africa,Lower middle income,2,5.5363374562076135
Ghana,GHA,2001,27.244751,263.542156494853,Sub-Saharan Africa,Lower middle income,2,5.574213341882644
Ghana,GHA,2002,27.40174,297.46164468774,Sub-Saharan Africa,Lower middle income,2,5.695285291254727
Ghana,GHA,2003,27.558727,358.39927142073,Sub-Saharan Africa,Lower middle income,2,5.881647648232442
Ghana,GHA,2004,27.715715,406.132105329565,Sub-Saharan Africa,Lower middle income,2,6.006678489261435
Ghana,GHA,2005,27.872704,478.611909191028,Sub-Saharan Africa,Lower middle income,2,6.1708900585558855
Ghana,GHA,2006,28.029692,906.441027564887,Sub-Saharan Africa,Lower middle income,2,6.8095259729931135
Ghana,GHA,2007,28.18668,1050.12461524926,Sub-Saharan Africa,Lower middle income,2,6.956664117299285
Ghana,GHA,2008,28.343668,1182.65761256016,Sub-Saharan Africa,Lower middle income,2,7.07551939906139
Ghana,GHA,2009,28.500656,1047.70430093586,Sub-Saharan Africa,Lower middle income,2,6.954356669472054
Ghana,GHA,2010,28.657646,1263.89251760539,Sub-Saharan Africa,Lower middle income,2,7.141951537551207
Ghana,GHA,2011,28.814634,1507.43573198753,Sub-Saharan Africa,Lower middle income,2,7.31816529551182
Ghana,GHA,2012,28.971622,1543.77524235764,Sub-Saharan Africa,Lower middle income,2,7.341986151567393
Ghana,GHA,2013,29.12861,2294.79584693743,Sub-Saharan Africa,Lower middle income,2,7.7383991629550435
Ghana,GHA,2014,29.285599,1949.90832923846,Sub-Saharan Africa,Lower middle income,2,7.575537639805813
Ghana,GHA,2015,29.442587,1722.77282833606,Sub-Saharan Africa,Lower middle income,2,7.4516903812515745
Ghana,GHA,2016,29.599575,1912.47991339951,Sub-Saharan Africa,Lower middle income,2,7.5561560628478945
Ghana,GHA,2017,29.756563,2012.28662641265,Sub-Saharan Africa,Lower middle income,2,7.607026979528979
Ghana,GHA,2018,29.913551,2195.32166016377,Sub-Saharan Africa,Lower middle income,2,7.694083856988851
Ghana,GHA,2019,30.07054,2186.65822682613,Sub-Saharan Africa,Lower middle income,2,7.690129733579404
Ghana,GHA,2020,30.227528,2195.45481659987,Sub-Saharan Africa,Lower middle income,2,7.694144509785387
Ghana,GHA,2021,30.384516,2445.18662529344,Sub-Saharan Africa,Lower middle income,2,7.801876728359405
Ghana,GHA,2022,30.541504,2229.89122647803,Sub-Saharan Africa,Lower middle income,2,7.709708085900398
Ghana,GHA,2023,30.698492,2383.90410483418,Sub-Saharan Africa,Lower middle income,2,7.776494802893907
Ghana,GHA,2024,30.85548,2390.77237652715,Sub-Saharan Africa,Lower middle income,2,7.77937176281239
Ghana,GHA,2025,31.012468,,Sub-Saharan Africa,Lower middle income,2,
Greece,GRC,1990,28.773468,9466.66238502174,Europe & Central Asia,High income,4,9.15553168319465
Greece,GRC,1991,28.773468,10046.6663875475,Europe & Central Asia,High income,4,9.21499615573011
Greece,GRC,1992,28.773468,11021.012224607,Europe & Central Asia,High income,4,9.307558931901253
Greece,GRC,1993,28.773468,10257.3085789073,Europe & Central Asia,High income,4,9.235745762568465
Greece,GRC,1994,28.773468,10937.0223808611,Europe & Central Asia,High income,4,9.299908861676837
Greece,GRC,1995,28.773468,12779.081491606,Europe & Central Asia,High income,4,9.455564854582345
Greece,GRC,1996,28.773468,13432.5262183244,Europe & Central Asia,High income,4,9.505434374458462
Greece,GRC,1997,28.773468,13015.9175046854,Europe & Central Asia,High income,4,9.473928310885965
Greece,GRC,1998,28.773468,13022.9648774809,Europe & Central Asia,High income,4,9.474469607003373
Greece,GRC,1999,28.773468,12742.5404388143,Europe & Central Asia,High income,4,9.452701315747658
Greece,GRC,2000,28.773468,11638.2010697215,Europe & Central Asia,High income,4,9.362048162066984
Greece,GRC,2001,28.7827,12156.9572824221,Europe & Central Asia,High income,4,9.405656900724013
Greece,GRC,2002,28.791931,13782.195640943,Europe & Central Asia,High income,4,9.53113286721206
Greece,GRC,2003,28.801165,18020.612039764,Europe & Central Asia,High income,4,9.79927149505636
Greece,GRC,2004,28.810396,21449.2552764245,Europe & Central Asia,High income,4,9.973445204705634
Greece,GRC,2005,28.819628,22054.1315756886,Europe & Central Asia,High income,4,10.001255236369957
Greece,GRC,2006,28.82886,24416.0232970275,Europe & Central Asia,High income,4,10.102994888254251
Greece,GRC,2007,28.83809,28440.7625328955,Europe & Central Asia,High income,4,10.255578695544223
Greece,GRC,2008,28.847324,31695.8331092209,Europe & Central Asia,High income,4,10.363940503566726
Greece,GRC,2009,28.856556,29425.4573200263,Europe & Central Asia,High income,4,10.289615473894749
Greece,GRC,2010,28.865788,26653.0488008626,Europe & Central Asia,High income,4,10.19065882458394
Greece,GRC,2011,29.451048,25504.7866510124,Europe & Central Asia,High income,4,10.146621425335269
Greece,GRC,2012,30.036306,21624.346052551,Europe & Central Asia,High income,4,9.98157509099837
Greece,GRC,2013,30.621567,21573.3449762805,Europe & Central Asia,High income,4,9.979213802755735
Greece,GRC,2014,31.206827,21474.7257123892,Europe & Central Asia,High income,4,9.97463197435595
Greece,GRC,2015,31.792088,17980.7298238137,Europe & Central Asia,High income,4,9.797055898070218
Greece,GRC,2016,32.823586,17919.2426377048,Europe & Central Asia,High income,4,9.793630422114855
Greece,GRC,2017,33.85508,18631.9930129293,Europe & Central Asia,High income,4,9.832635436560311
Greece,GRC,2018,34.886578,19873.4015238771,Europe & Central Asia,High income,4,9.897137509816558
Greece,GRC,2019,35.918076,19335.3602002969,Europe & Central Asia,High income,4,9.869690833311724
Greece,GRC,2020,36.949574,17886.733165236,Europe & Central Asia,High income,4,9.791814553077758
Greece,GRC,2021,36.949574,20654.7001960815,Europe & Central Asia,High income,4,9.935698184890448
Greece,GRC,2022,36.949574,20886.5243087629,Europe & Central Asia,High income,4,9.946859460083736
Greece,GRC,2023,36.949574,23343.7103964562,Europe & Central Asia,High income,4,10.058082864776438
Greece,GRC,2024,36.949574,24626.1481858973,Europe & Central Asia,High income,4,10.111564091791761
Greece,GRC,2025,36.949574,,Europe & Central Asia,High income,4,
Greenland,GRL,1990,0.0005359971,18326.9295023252,Europe & Central Asia,High income,4,9.816126814653916
Greenland,GRL,1991,0.0005359971,18315.3165631906,Europe & Central Asia,High income,4,9.815492959431033
Greenland,GRL,1992,0.0005359971,18768.8275325455,Europe & Central Asia,High income,4,9.839952662661263
Greenland,GRL,1993,0.0005359971,16797.3578218828,Europe & Central Asia,High income,4,9.728976880515756
Greenland,GRL,1994,0.0005359971,18124.0998075763,Europe & Central Asia,High income,4,9.804997812700595
Greenland,GRL,1995,0.0005359971,21665.8295173116,Europe & Central Asia,High income,4,9.983491621800669
Greenland,GRL,1996,0.0005359971,21422.4609853672,Europe & Central Asia,High income,4,9.972195229342745
Greenland,GRL,1997,0.0005359971,19145.614890096,Europe & Central Asia,High income,4,9.85982898092481
Greenland,GRL,1998,0.0005359971,20496.578783559,Europe & Central Asia,High income,4,9.928013262592168
Greenland,GRL,1999,0.0005359971,20170.322763798,Europe & Central Asia,High income,4,9.911967632991667
Greenland,GRL,2000,0.0005359971,19009.0774407515,Europe & Central Asia,High income,4,9.85267190409714
Greenland,GRL,2001,0.0005359971,19265.5191468738,Europe & Central Asia,High income,4,9.866072204367761
Greenland,GRL,2002,0.0005359971,20657.9506323097,Europe & Central Asia,High income,4,9.935855542802358
Greenland,GRL,2003,0.0005359971,27466.6494525504,Europe & Central Asia,High income,4,10.220727800501724
Greenland,GRL,2004,0.0005359971,32030.9987915109,Europe & Central Asia,High income,4,10.374459425117676
Greenland,GRL,2005,0.0005359971,32489.7277309899,Europe & Central Asia,High income,4,10.388679248541541
Greenland,GRL,2006,0.0005359971,35457.6297578214,Europe & Central Asia,High income,4,10.476093734693094
Greenland,GRL,2007,0.0005359971,39780.9441368721,Europe & Central Asia,High income,4,10.591143286084892
Greenland,GRL,2008,0.0005359971,44366.7858688175,Europe & Central Asia,High income,4,10.70024640246169
Greenland,GRL,2009,0.0005359971,44918.8413832155,Europe & Central Asia,High income,4,10.712612615626048
Greenland,GRL,2010,0.0005359971,44277.1993400972,Europe & Central Asia,High income,4,10.698225135953653
Greenland,GRL,2011,0.0005359971,47186.8759969388,Europe & Central Asia,High income,4,10.761871081998011
Greenland,GRL,2012,0.0005359971,45936.9562817724,Europe & Central Asia,High income,4,10.735025219842097
Greenland,GRL,2013,0.0005359971,47535.4883792376,Europe & Central Asia,High income,4,10.769231834838125
Greenland,GRL,2014,0.0005359971,50485.2244135291,Europe & Central Asia,High income,4,10.829435986581144
Greenland,GRL,2015,0.0005359971,44536.3549705377,Europe & Central Asia,High income,4,10.704061100249618
Greenland,GRL,2016,0.0005359971,48181.7453541266,Europe & Central Asia,High income,4,10.782735501210665
Greenland,GRL,2017,0.0005359971,50765.7494665372,Europe & Central Asia,High income,4,10.834977183076305
Greenland,GRL,2018,0.0005359971,54545.135857765,Europe & Central Asia,High income,4,10.906783818775203
Greenland,GRL,2019,0.0005359971,53309.2035905065,Europe & Central Asia,High income,4,10.883864270491307
Greenland,GRL,2020,0.0005359971,54812.6661771023,Europe & Central Asia,High income,4,10.91167658084727
Greenland,GRL,2021,0.0005359971,58135.9939910203,Europe & Central Asia,High income,4,10.970540268935732
Greenland,GRL,2022,0.0005359971,55635.0006491223,Europe & Central Asia,High income,4,10.926567790259318
Greenland,GRL,2023,0.0005359971,58498.9707973609,Europe & Central Asia,High income,4,10.97676443985768
Greenland,GRL,2024,0.0005359971,,Europe & Central Asia,High income,4,
Greenland,GRL,2025,0.0005359971,,Europe & Central Asia,High income,4,
Grenada,GRD,1990,52.058823,2782.18396873619,Latin America & Caribbean,Upper middle income,3,7.930991498527132
Grenada,GRD,1991,52.058823,2983.91643158641,Latin America & Caribbean,Upper middle income,3,8.000991955430957
Grenada,GRD,1992,52.058823,3052.70018744163,Latin America & Caribbean,Upper middle income,3,8.023781785305948
Grenada,GRD,1993,52.058823,3026.04154231393,Latin America & Caribbean,Upper middle income,3,8.015010622712074
Grenada,GRD,1994,52.058823,3152.2020478855,Latin America & Caribbean,Upper middle income,3,8.055856550409874
Grenada,GRD,1995,52.058823,3294.26988339657,Latin America & Caribbean,Upper middle income,3,8.099939839195738
Grenada,GRD,1996,52.058823,3508.294236637,Latin America & Caribbean,Upper middle income,3,8.16288522586893
Grenada,GRD,1997,52.058823,3724.75466168304,Latin America & Caribbean,Upper middle income,3,8.222756266009196
Grenada,GRD,1998,52.058823,4206.28052894181,Latin America & Caribbean,Upper middle income,3,8.34433405136178
Grenada,GRD,1999,52.058823,4516.28332446682,Latin America & Caribbean,Upper middle income,3,8.415444661226061
Grenada,GRD,2000,52.058823,4839.82811114248,Latin America & Caribbean,Upper middle income,3,8.484634484853272
Grenada,GRD,2001,52.058823,4819.50776653843,Latin America & Caribbean,Upper middle income,3,8.480427078704917
Grenada,GRD,2002,52.058823,4984.47405931447,Latin America & Caribbean,Upper middle income,3,8.514083172178871
Grenada,GRD,2003,52.058823,5427.96377252312,Latin America & Caribbean,Upper middle income,3,8.599319346747357
Grenada,GRD,2004,52.058823,5480.26117644588,Latin America & Caribbean,Upper middle income,3,8.608908038741742
Grenada,GRD,2005,52.058823,6338.56011405358,Latin America & Caribbean,Upper middle income,3,8.754406910289568
Grenada,GRD,2006,52.058823,6344.0383771432,Latin America & Caribbean,Upper middle income,3,8.755270812656915
Grenada,GRD,2007,52.058823,6864.54816771858,Latin America & Caribbean,Upper middle income,3,8.834125499243418
Grenada,GRD,2008,52.058823,7448.2040563865,Latin America & Caribbean,Upper middle income,3,8.91572821605562
Grenada,GRD,2009,52.058823,6932.56472176781,Latin America & Caribbean,Upper middle income,3,8.843985113438825
Grenada,GRD,2010,52.058823,6909.60169568597,Latin America & Caribbean,Upper middle income,3,8.840667273376196
Grenada,GRD,2011,52.058823,6947.38136096464,Latin America & Caribbean,Upper middle income,3,8.846120084963426
Grenada,GRD,2012,52.058823,7092.71985352677,Latin America & Caribbean,Upper middle income,3,8.866824164232435
Grenada,GRD,2013,52.058823,7424.80212287327,Latin America & Caribbean,Upper middle income,3,8.912581313197702
Grenada,GRD,2014,52.058823,7986.33421210788,Latin America & Caribbean,Upper middle income,3,8.985487136498039
Grenada,GRD,2015,52.058823,8694.12438005692,Latin America & Caribbean,Upper middle income,3,9.070402717871168
Grenada,GRD,2016,52.058823,9221.23461079424,Latin America & Caribbean,Upper middle income,3,9.129264213312124
Grenada,GRD,2017,52.058823,9751.42661155932,Latin America & Caribbean,Upper middle income,3,9.185168872422581
Grenada,GRD,2018,52.058823,10083.021279225,Latin America & Caribbean,Upper middle income,3,9.218608226797118
Grenada,GRD,2019,52.058823,10462.7929159533,Latin America & Caribbean,Upper middle income,3,9.255580711151664
Grenada,GRD,2020,52.058823,8968.55890108484,Latin America & Caribbean,Upper middle income,3,9.101480284518914
Grenada,GRD,2021,52.058823,9617.28902905373,Latin America & Caribbean,Upper middle income,3,9.171317698233391
Grenada,GRD,2022,52.058823,10469.3867012856,Latin America & Caribbean,Upper middle income,3,9.256210725385344
Grenada,GRD,2023,52.058823,11414.4781691181,Latin America & Caribbean,Upper middle income,3,9.342637843430836
Grenada,GRD,2024,52.058823,11705.0902976658,Latin America & Caribbean,Upper middle income,3,9.367779094347695
Grenada,GRD,2025,52.058823,,Latin America & Caribbean,Upper middle income,3,
Guam,GUM,1990,44.444443,,East Asia & Pacific,High income,4,
Guam,GUM,1991,44.444443,,East Asia & Pacific,High income,4,
Guam,GUM,1992,44.444443,,East Asia & Pacific,High income,4,
Guam,GUM,1993,44.444443,,East Asia & Pacific,High income,4,
Guam,GUM,1994,44.444443,,East Asia & Pacific,High income,4,
Guam,GUM,1995,44.444443,,East Asia & Pacific,High income,4,
Guam,GUM,1996,44.444443,,East Asia & Pacific,High income,4,
Guam,GUM,1997,44.444443,,East Asia & Pacific,High income,4,
Guam,GUM,1998,44.444443,,East Asia & Pacific,High income,4,
Guam,GUM,1999,44.444443,,East Asia & Pacific,High income,4,
Guam,GUM,2000,44.444443,,East Asia & Pacific,High income,4,
Guam,GUM,2001,44.444443,,East Asia & Pacific,High income,4,
Guam,GUM,2002,44.444443,20909.9590302806,East Asia & Pacific,High income,4,9.947980833084586
Guam,GUM,2003,44.444443,21877.3178371553,East Asia & Pacific,High income,4,9.993205663882591
Guam,GUM,2004,44.444443,23618.8266894573,East Asia & Pacific,High income,4,10.069799414066111
Guam,GUM,2005,44.444443,25631.9776108052,East Asia & Pacific,High income,4,10.15159597638164
Guam,GUM,2006,44.444443,25709.9351488422,East Asia & Pacific,High income,4,10.154632777846881
Guam,GUM,2007,44.444443,26605.4324214756,East Asia & Pacific,High income,4,10.188870700289687
Guam,GUM,2008,44.444443,28112.2316573422,East Asia & Pacific,High income,4,10.243960050907376
Guam,GUM,2009,44.444443,29054.0581201519,East Asia & Pacific,High income,4,10.27691344684908
Guam,GUM,2010,44.444443,29719.7967836082,East Asia & Pacific,High income,4,10.299568661110074
Guam,GUM,2011,46.025925,29926.2052442913,East Asia & Pacific,High income,4,10.306489805113594
Guam,GUM,2012,47.607407,31653.7506538168,East Asia & Pacific,High income,4,10.36261192462131
Guam,GUM,2013,49.18889,32530.7593121483,East Asia & Pacific,High income,4,10.389941361099323
Guam,GUM,2014,50.77037,33900.1486530583,East Asia & Pacific,High income,4,10.431174678404895
Guam,GUM,2015,52.351852,35165.7014644795,East Asia & Pacific,High income,4,10.467826496345793
Guam,GUM,2016,52.351852,35930.6594898711,East Asia & Pacific,High income,4,10.489346234792194
Guam,GUM,2017,52.351852,36779.0078903909,East Asia & Pacific,High income,4,10.512682523634385
Guam,GUM,2018,52.351852,37195.9503070464,East Asia & Pacific,High income,4,10.523955171621456
Guam,GUM,2019,52.351852,39274.9431424899,East Asia & Pacific,High income,4,10.578342015445878
Guam,GUM,2020,52.351852,36482.9363953675,East Asia & Pacific,High income,4,10.504599934242922
Guam,GUM,2021,52.351852,38074.8793745801,East Asia & Pacific,High income,4,10.547310009658018
Guam,GUM,2022,52.351852,41833.1517132825,East Asia & Pacific,High income,4,10.641444407361282
Guam,GUM,2023,52.351852,,East Asia & Pacific,High income,4,
Guam,GUM,2024,52.351852,,East Asia & Pacific,High income,4,
Guam,GUM,2025,52.351852,,East Asia & Pacific,High income,4,
Guatemala,GTM,1990,45.281914,847.688561830359,Latin America & Caribbean,Upper middle income,3,6.742513306342199
Guatemala,GTM,1991,44.697975,1014.40279682682,Latin America & Caribbean,Upper middle income,3,6.922055340803392
Guatemala,GTM,1992,44.114037,1096.45976992698,Latin America & Caribbean,Upper middle income,3,6.999841877651788
Guatemala,GTM,1993,43.530094,1165.67442716224,Latin America & Caribbean,Upper middle income,3,7.061055105932933
Guatemala,GTM,1994,42.946156,1292.67202750483,Latin America & Caribbean,Upper middle income,3,7.164466694241538
Guatemala,GTM,1995,42.362217,1421.06177809796,Latin America & Caribbean,Upper middle income,3,7.259159602238618
Guatemala,GTM,1996,41.778275,1481.05986750672,Latin America & Caribbean,Upper middle income,3,7.300513237155523
Guatemala,GTM,1997,41.194336,1638.46281851789,Latin America & Caribbean,Upper middle income,3,7.4015137754907245
Guatemala,GTM,1998,40.610397,1741.20114182856,Latin America & Caribbean,Upper middle income,3,7.462330465448982
Guatemala,GTM,1999,40.026455,1603.64776144934,Latin America & Caribbean,Upper middle income,3,7.380036164216901
Guatemala,GTM,2000,39.442516,1648.96578971559,Latin America & Caribbean,Upper middle income,3,7.407903576265312
Guatemala,GTM,2001,39.003166,1537.68663578252,Latin America & Caribbean,Upper middle income,3,7.338034381440451
Guatemala,GTM,2002,38.563812,1669.33517469705,Latin America & Caribbean,Upper middle income,3,7.420180727164561
Guatemala,GTM,2003,38.124462,1722.54701910774,Latin America & Caribbean,Upper middle income,3,7.45155929952991
Guatemala,GTM,2004,37.68511,1840.91184884,Latin America & Caribbean,Upper middle income,3,7.518016297870501
Guatemala,GTM,2005,37.245758,2046.46611650758,Latin America & Caribbean,Upper middle income,3,7.623869738994796
Guatemala,GTM,2006,36.8064,2225.1234753878,Latin America & Caribbean,Upper middle income,3,7.70756768761689
Guatemala,GTM,2007,36.36705,2458.81573919384,Latin America & Caribbean,Upper middle income,3,7.807435106181165
Guatemala,GTM,2008,35.927696,2763.05988172926,Latin America & Caribbean,Upper middle income,3,7.924093997409978
Guatemala,GTM,2009,35.488346,2611.64632773352,Latin America & Caribbean,Upper middle income,3,7.867736078369997
Guatemala,GTM,2010,35.048992,2805.25960237322,Latin America & Caribbean,Upper middle income,3,7.939251363539998
Guatemala,GTM,2011,34.89106,3168.98370607705,Latin America & Caribbean,Upper middle income,3,8.061166218016941
Guatemala,GTM,2012,34.733128,3286.61959336267,Latin America & Caribbean,Upper middle income,3,8.097614836319716
Guatemala,GTM,2013,34.575195,3444.15802275864,Latin America & Caribbean,Upper middle income,3,8.144434747990546
Guatemala,GTM,2014,34.417263,3689.14510410202,Latin America & Caribbean,Upper middle income,3,8.213150031087679
Guatemala,GTM,2015,34.25933,3893.50533299068,Latin America & Caribbean,Upper middle income,3,8.267065144732472
Guatemala,GTM,2016,34.129375,4060.13784737643,Latin America & Caribbean,Upper middle income,3,8.308972204575173
Guatemala,GTM,2017,33.99942,4324.99768915601,Latin America & Caribbean,Upper middle income,3,8.37216688506665
Guatemala,GTM,2018,33.869465,4352.94593289707,Latin America & Caribbean,Upper middle income,3,8.378608120822063
Guatemala,GTM,2019,33.73951,4511.99839552697,Latin America & Caribbean,Upper middle income,3,8.414495437576539
Guatemala,GTM,2020,33.609554,4477.61785000665,Latin America & Caribbean,Upper middle income,3,8.40684645408132
Guatemala,GTM,2021,33.48647,4912.62240414681,Latin America & Caribbean,Upper middle income,3,8.499563172741766
Guatemala,GTM,2022,33.36338,5358.70156997677,Latin America & Caribbean,Upper middle income,3,8.586476980311613
Guatemala,GTM,2023,33.240295,5758.32760847852,Latin America & Caribbean,Upper middle income,3,8.658402365781193
Guatemala,GTM,2024,33.117207,6150.02571438505,Latin America & Caribbean,Upper middle income,3,8.724211541992643
Guatemala,GTM,2025,32.99412,,Latin America & Caribbean,Upper middle income,3,
Guinea,GIN,1990,29.310638,604.304422702532,Sub-Saharan Africa,Lower middle income,2,6.40407808206079
Guinea,GIN,1991,29.037983,656.42373119518,Sub-Saharan Africa,Lower middle income,2,6.486806512119968
Guinea,GIN,1992,28.765326,692.647802662806,Sub-Saharan Africa,Lower middle income,2,6.540521648735911
Guinea,GIN,1993,28.49267,670.741778229959,Sub-Saharan Africa,Lower middle income,2,6.508384231653209
Guinea,GIN,1994,28.220015,671.576385058752,Sub-Saharan Africa,Lower middle income,2,6.509627762373674
Guinea,GIN,1995,27.94736,713.031460558683,Sub-Saharan Africa,Lower middle income,2,6.569525543646578
Guinea,GIN,1996,27.674704,726.025442583799,Sub-Saharan Africa,Lower middle income,2,6.587585059092004
Guinea,GIN,1997,27.402046,695.58174225826,Sub-Saharan Africa,Lower middle income,2,6.544748534663345
Guinea,GIN,1998,27.12939,647.379920832778,Sub-Saharan Africa,Lower middle income,2,6.472933325924323
Guinea,GIN,1999,26.856735,610.614842942762,Sub-Saharan Africa,Lower middle income,2,6.414466388788099
Guinea,GIN,2000,26.58408,518.157066924026,Sub-Saharan Africa,Lower middle income,2,6.250278414298246
Guinea,GIN,2001,26.311424,483.085120214741,Sub-Saharan Africa,Lower middle income,2,6.180192870454136
Guinea,GIN,2002,26.038767,495.916073559269,Sub-Saharan Africa,Lower middle income,2,6.206406705874155
Guinea,GIN,2003,25.766111,566.48540588068,Sub-Saharan Africa,Lower middle income,2,6.339451318230974
Guinea,GIN,2004,25.493456,584.897740538081,Sub-Saharan Africa,Lower middle income,2,6.371437029453112
Guinea,GIN,2005,25.2208,463.17768685098,Sub-Saharan Africa,Lower middle income,2,6.138110753360537
Guinea,GIN,2006,24.948145,446.980554135013,Sub-Saharan Africa,Lower middle income,2,6.102515090613621
Guinea,GIN,2007,24.675488,650.148575304743,Sub-Saharan Africa,Lower middle income,2,6.477200914161763
Guinea,GIN,2008,24.402832,703.532825784369,Sub-Saharan Africa,Lower middle income,2,6.556114536140167
Guinea,GIN,2009,24.130177,662.185914665575,Sub-Saharan Africa,Lower middle income,2,6.495546354372843
Guinea,GIN,2010,23.857521,659.235326211315,Sub-Saharan Africa,Lower middle income,2,6.491080566678987
Guinea,GIN,2011,23.584862,636.694958747648,Sub-Saharan Africa,Lower middle income,2,6.456290669208766
Guinea,GIN,2012,23.3122,699.353377212197,Sub-Saharan Africa,Lower middle income,2,6.550156161286645
Guinea,GIN,2013,23.039541,748.455020824734,Sub-Saharan Africa,Lower middle income,2,6.618011109635536
Guinea,GIN,2014,22.766882,765.146999389279,Sub-Saharan Africa,Lower middle income,2,6.640067971431341
Guinea,GIN,2015,22.49422,747.356966759448,Sub-Saharan Africa,Lower middle income,2,6.616542938138529
Guinea,GIN,2016,22.22157,711.996509782316,Sub-Saharan Africa,Lower middle income,2,6.568073009408832
Guinea,GIN,2017,21.948917,833.598621691121,Sub-Saharan Africa,Lower middle income,2,6.725752017556182
Guinea,GIN,2018,21.676266,933.273615633705,Sub-Saharan Africa,Lower middle income,2,6.8386984221985685
Guinea,GIN,2019,21.403614,1031.34146480732,Sub-Saharan Africa,Lower middle income,2,6.938615626862378
Guinea,GIN,2020,21.130962,1053.66097696415,Sub-Saharan Africa,Lower middle income,2,6.9600260236254465
Guinea,GIN,2021,20.858303,1244.96550477914,Sub-Saharan Africa,Lower middle income,2,7.126863101510255
Guinea,GIN,2022,20.585642,1416.59612011764,Sub-Saharan Africa,Lower middle income,2,7.256012174446394
Guinea,GIN,2023,20.312983,1555.49375806861,Sub-Saharan Africa,Lower middle income,2,7.349548303516146
Guinea,GIN,2024,20.040323,1694.95375862193,Sub-Saharan Africa,Lower middle income,2,7.435410738393407
Guinea,GIN,2025,19.767662,,Sub-Saharan Africa,Lower middle income,2,
Guinea-Bissau,GNB,1990,80.27702,651.337640650994,Sub-Saharan Africa,Low income,1,6.4790281569900205
Guinea-Bissau,GNB,1991,80.09826,672.07387884966,Sub-Saharan Africa,Low income,1,6.510368273244701
Guinea-Bissau,GNB,1992,79.91949,574.32110641811,Sub-Saharan Africa,Low income,1,6.3531886587500574
Guinea-Bissau,GNB,1993,79.740715,581.612681813953,Sub-Saharan Africa,Low income,1,6.3658047310262065
Guinea-Bissau,GNB,1994,79.56195,560.883422537973,Sub-Saharan Africa,Low income,1,6.329513080966054
Guinea-Bissau,GNB,1995,79.38318,589.487023081945,Sub-Saharan Africa,Low income,1,6.379252706303311
Guinea-Bissau,GNB,1996,79.20441,614.729892454585,Sub-Saharan Africa,Low income,1,6.421182972069436
Guinea-Bissau,GNB,1997,79.02564,598.953470198484,Sub-Saharan Africa,Low income,1,6.395183915963852
Guinea-Bissau,GNB,1998,78.84687,497.724279563733,Sub-Saharan Africa,Low income,1,6.210046268206343
Guinea-Bissau,GNB,1999,78.6681,478.733190989909,Sub-Saharan Africa,Low income,1,6.171143429674633
Guinea-Bissau,GNB,2000,78.489334,316.945495037639,Sub-Saharan Africa,Low income,1,5.758729819149557
Guinea-Bissau,GNB,2001,78.333,327.138431972397,Sub-Saharan Africa,Low income,1,5.790383420679555
Guinea-Bissau,GNB,2002,78.176674,362.034574570354,Sub-Saharan Africa,Low income,1,5.891739717127851
Guinea-Bissau,GNB,2003,78.02034,419.78486611807,Sub-Saharan Africa,Low income,1,6.039742356517722
Guinea-Bissau,GNB,2004,77.86401,431.376557669634,Sub-Saharan Africa,Low income,1,6.066981392352556
Guinea-Bissau,GNB,2005,77.70768,463.073962650452,Sub-Saharan Africa,Low income,1,6.1378867878733665
Guinea-Bissau,GNB,2006,77.55135,448.513075469701,Sub-Saharan Africa,Low income,1,6.105937834852485
Guinea-Bissau,GNB,2007,77.39502,519.069789794741,Sub-Saharan Africa,Low income,1,6.252038343865029
Guinea-Bissau,GNB,2008,77.23869,640.210331101753,Sub-Saharan Africa,Low income,1,6.461796764709139
Guinea-Bissau,GNB,2009,77.08236,583.190020139094,Sub-Saharan Africa,Low income,1,6.36851306830368
Guinea-Bissau,GNB,2010,76.92603,600.194298540768,Sub-Saharan Africa,Low income,1,6.397253433695517
Guinea-Bissau,GNB,2011,76.77532,719.539573498937,Sub-Saharan Africa,Low income,1,6.578611526203278
Guinea-Bissau,GNB,2012,76.62461,635.461653303881,Sub-Saharan Africa,Low income,1,6.45435174782368
Guinea-Bissau,GNB,2013,76.4739,654.304534409417,Sub-Saharan Africa,Low income,1,6.483572892020436
Guinea-Bissau,GNB,2014,76.32319,652.022501029449,Sub-Saharan Africa,Low income,1,6.480079072112533
Guinea-Bissau,GNB,2015,76.17248,645.066837207039,Sub-Saharan Africa,Low income,1,6.469353935004025
Guinea-Bissau,GNB,2016,76.02177,679.665386626818,Sub-Saharan Africa,Low income,1,6.521600598569827
Guinea-Bissau,GNB,2017,75.871056,783.123186602022,Sub-Saharan Africa,Low income,1,6.66329001005566
Guinea-Bissau,GNB,2018,75.720345,808.531613218504,Sub-Saharan Africa,Low income,1,6.695219779326951
Guinea-Bissau,GNB,2019,75.56963,811.216425885129,Sub-Saharan Africa,Low income,1,6.698534881504114
Guinea-Bissau,GNB,2020,75.41892,846.915855715971,Sub-Saharan Africa,Low income,1,6.741601345816261
Guinea-Bissau,GNB,2021,75.26821,926.780921081233,Sub-Saharan Africa,Low income,1,6.831717206547057
Guinea-Bissau,GNB,2022,75.11749,883.199131457831,Sub-Saharan Africa,Low income,1,6.783550692118624
Guinea-Bissau,GNB,2023,74.96678,988.087886357022,Sub-Saharan Africa,Low income,1,6.8957716475943664
Guinea-Bissau,GNB,2024,74.81607,1007.74151728028,Sub-Saharan Africa,Low income,1,6.91546698447763
Guinea-Bissau,GNB,2025,74.66536,,Sub-Saharan Africa,Low income,1,
Guyana,GUY,1990,94.49911,528.851095342994,Latin America & Caribbean,High income,4,6.270706908950879
Guyana,GUY,1991,94.47985,466.039938988882,Latin America & Caribbean,High income,4,6.144271336437823
Guyana,GUY,1992,94.46057,498.156636569954,Latin America & Caribbean,High income,4,6.210914558835032
Guyana,GUY,1993,94.44131,603.084316652805,Latin America & Caribbean,High income,4,6.4020570155636936
Guyana,GUY,1994,94.422035,715.611525201717,Latin America & Caribbean,High income,4,6.573137457152881
Guyana,GUY,1995,94.40277,819.668541584905,Latin America & Caribbean,High income,4,6.708900040960967
Guyana,GUY,1996,94.3835,927.523847211669,Latin America & Caribbean,High income,4,6.832518505430488
Guyana,GUY,1997,94.364235,982.804753805587,Latin America & Caribbean,High income,4,6.890410477637348
Guyana,GUY,1998,94.34496,939.685488169724,Latin America & Caribbean,High income,4,6.845545232223827
Guyana,GUY,1999,94.3257,908.790631391797,Latin America & Caribbean,High income,4,6.8121147391459225
Guyana,GUY,2000,94.30643,931.796651718955,Latin America & Caribbean,High income,4,6.837114606028907
Guyana,GUY,2001,94.283875,931.574723847673,Latin America & Caribbean,High income,4,6.836876405662366
Guyana,GUY,2002,94.26131,950.866932470993,Latin America & Caribbean,High income,4,6.857374128960183
Guyana,GUY,2003,94.23875,973.742598054188,Latin America & Caribbean,High income,4,6.881146995671279
Guyana,GUY,2004,94.21619,1033.31030902188,Latin America & Caribbean,High income,4,6.94052281996516
Guyana,GUY,2005,94.19363,1084.06541388904,Latin America & Caribbean,High income,4,6.9884735250949985
Guyana,GUY,2006,94.17107,3135.60553528326,Latin America & Caribbean,High income,4,8.050577587615745
Guyana,GUY,2007,94.148506,3608.28685240188,Latin America & Caribbean,High income,4,8.190988382568172
Guyana,GUY,2008,94.125946,4008.9628671603,Latin America & Caribbean,High income,4,8.296287850230017
Guyana,GUY,2009,94.103386,4209.13230624565,Latin America & Caribbean,High income,4,8.345011802404743
Guyana,GUY,2010,94.080826,4581.76179693492,Latin America & Caribbean,High income,4,8.429838874960845
Guyana,GUY,2011,94.02144,4947.22170589917,Latin America & Caribbean,High income,4,8.506581426455384
Guyana,GUY,2012,93.96205,5444.39751913913,Latin America & Caribbean,High income,4,8.602342380785771
Guyana,GUY,2013,93.902664,5556.91231156932,Latin America & Caribbean,High income,4,8.622797893340648
Guyana,GUY,2014,93.843285,5472.68820452237,Latin America & Caribbean,High income,4,8.607525219764524
Guyana,GUY,2015,93.7839,5640.41560569466,Latin America & Caribbean,High income,4,8.637713030730161
Guyana,GUY,2016,93.73714,5870.87823759835,Latin America & Caribbean,High income,4,8.677759516213339
Guyana,GUY,2017,93.690384,6178.6650437298,Latin America & Caribbean,High income,4,8.728857514776253
Guyana,GUY,2018,93.64362,6048.38697180418,Latin America & Caribbean,High income,4,8.707546899245747
Guyana,GUY,2019,93.59687,6405.82443444562,Latin America & Caribbean,High income,4,8.764962923369191
Guyana,GUY,2020,93.55012,6775.70939096303,Latin America & Caribbean,High income,4,8.821099347419706
Guyana,GUY,2021,93.51135,9860.87014834386,Latin America & Caribbean,High income,4,9.196329694041983
Guyana,GUY,2022,93.472595,17913.4928066879,Latin America & Caribbean,High income,4,9.793309495956418
Guyana,GUY,2023,93.43383,20473.7002190617,Latin America & Caribbean,High income,4,9.926896425341734
Guyana,GUY,2024,93.39507,29675.2443873316,Latin America & Caribbean,High income,4,10.298068454905849
Guyana,GUY,2025,93.356316,,Latin America & Caribbean,High income,4,
Haiti,HTI,1990,13.396227,451.720249689216,Latin America & Caribbean,Lower middle income,2,6.1130630716075
Haiti,HTI,1991,13.450653,496.545987433864,Latin America & Caribbean,Lower middle income,2,6.207676102426301
Haiti,HTI,1992,13.50508,316.276513134354,Latin America & Caribbean,Lower middle income,2,5.756616872525647
Haiti,HTI,1993,13.559506,258.066372258817,Latin America & Caribbean,Lower middle income,2,5.553216808653877
Haiti,HTI,1994,13.613934,292.134224374091,Latin America & Caribbean,Lower middle income,2,5.677213369165247
Haiti,HTI,1995,13.66836,372.006104665125,Latin America & Caribbean,Lower middle income,2,5.918910264528619
Haiti,HTI,1996,13.722787,377.229465025972,Latin America & Caribbean,Lower middle income,2,5.932853662835654
Haiti,HTI,1997,13.777213,425.111085879256,Latin America & Caribbean,Lower middle income,2,6.052350513310423
Haiti,HTI,1998,13.83164,465.363306259051,Latin America & Caribbean,Lower middle income,2,6.142818404311346
Haiti,HTI,1999,13.886066,509.578585275375,Latin America & Caribbean,Lower middle income,2,6.233584080759938
Haiti,HTI,2000,13.940494,820.600046761464,Latin America & Caribbean,Lower middle income,2,6.710035836992564
Haiti,HTI,2001,13.92598,748.821159844528,Latin America & Caribbean,Lower middle income,2,6.618500183103503
Haiti,HTI,2002,13.911466,720.969568042522,Latin America & Caribbean,Lower middle income,2,6.58059692840876
Haiti,HTI,2003,13.896952,578.995291079709,Latin America & Caribbean,Lower middle income,2,6.3612943446896795
Haiti,HTI,2004,13.882439,683.185298155273,Latin America & Caribbean,Lower middle income,2,6.526766123149251
Haiti,HTI,2005,13.867925,775.845704056916,Latin America & Caribbean,Lower middle income,2,6.653953665434723
Haiti,HTI,2006,13.853411,828.805700289589,Latin America & Caribbean,Lower middle income,2,6.719985749244102
Haiti,HTI,2007,13.838897,984.566983448521,Latin America & Caribbean,Lower middle income,2,6.892201933802809
Haiti,HTI,2008,13.824383,1094.66058421644,Latin America & Caribbean,Lower middle income,2,6.998199625448248
Haiti,HTI,2009,13.80987,1196.8528706018,Latin America & Caribbean,Lower middle income,2,7.087450782883659
Haiti,HTI,2010,13.795356,1209.72733503094,Latin America & Caribbean,Lower middle income,2,7.098150270247613
Haiti,HTI,2011,13.679971,1312.03953552013,Latin America & Caribbean,Lower middle income,2,7.179338102830608
Haiti,HTI,2012,13.564587,1361.39396587374,Latin America & Caribbean,Lower middle income,2,7.216264428709141
Haiti,HTI,2013,13.449202,1457.83221179626,Latin America & Caribbean,Lower middle income,2,7.284705824873745
Haiti,HTI,2014,13.3338175,1460.18898613914,Latin America & Caribbean,Lower middle income,2,7.286321148886471
Haiti,HTI,2015,13.218432,1411.12684746796,Latin America & Caribbean,Lower middle income,2,7.252143846797231
Haiti,HTI,2016,13.224238,1318.40268167953,Latin America & Caribbean,Lower middle income,2,7.184176193194044
Haiti,HTI,2017,13.230043,1395.23945184461,Latin America & Caribbean,Lower middle income,2,7.2408213295931
Haiti,HTI,2018,13.235849,1496.38048970156,Latin America & Caribbean,Lower middle income,2,7.31080446423179
Haiti,HTI,2019,13.241654,1352.17204191532,Latin America & Caribbean,Lower middle income,2,7.20946749844469
Haiti,HTI,2020,13.24746,1290.32538667383,Latin America & Caribbean,Lower middle income,2,7.162649703280781
Haiti,HTI,2021,13.298259,1841.33189337222,Latin America & Caribbean,Lower middle income,2,7.518244443839888
Haiti,HTI,2022,13.349056,1760.62635668777,Latin America & Caribbean,Lower middle income,2,7.4734249092020235
Haiti,HTI,2023,13.399855,1705.75808460999,Latin America & Caribbean,Lower middle income,2,7.4417649153061625
Haiti,HTI,2024,13.450653,2142.62330526788,Latin America & Caribbean,Lower middle income,2,7.669786200866231
Haiti,HTI,2025,13.5014515,,Latin America & Caribbean,Lower middle income,2,
Honduras,HND,1990,68.31898,749.818113552631,Latin America & Caribbean,Lower middle income,2,6.619830661855616
Honduras,HND,1991,67.85893,722.000657931123,Latin America & Caribbean,Lower middle income,2,6.582026050154354
Honduras,HND,1992,67.398895,782.111518709432,Latin America & Caribbean,Lower middle income,2,6.661997337423203
Honduras,HND,1993,66.93885,772.74224772986,Latin America & Caribbean,Lower middle income,2,6.649945548907372
Honduras,HND,1994,66.47881,735.886147157389,Latin America & Caribbean,Lower middle income,2,6.6010754154006905
Honduras,HND,1995,66.01877,814.049075569071,Latin America & Caribbean,Lower middle income,2,6.7020206535821005
Honduras,HND,1996,65.55873,812.817047602244,Latin America & Caribbean,Lower middle income,2,6.700506050524352
Honduras,HND,1997,65.09869,917.272651200904,Latin America & Caribbean,Lower middle income,2,6.821404757616668
Honduras,HND,1998,64.63864,988.655986927253,Latin America & Caribbean,Lower middle income,2,6.896346431807486
Honduras,HND,1999,64.178604,999.004383328908,Latin America & Caribbean,Lower middle income,2,6.9067591663555525
Honduras,HND,2000,63.718563,1092.56400746252,Latin America & Caribbean,Lower middle income,2,6.996282513319912
Honduras,HND,2001,63.374672,1132.1648753329,Latin America & Caribbean,Lower middle income,2,7.0318868977446245
Honduras,HND,2002,63.03078,1132.49965345317,Latin America & Caribbean,Lower middle income,2,7.032182551355526
Honduras,HND,2003,62.68689,1156.08162681357,Latin America & Caribbean,Lower middle income,2,7.052791658169877
Honduras,HND,2004,62.343,1215.13995412761,Latin America & Caribbean,Lower middle income,2,7.1026145377233485
Honduras,HND,2005,61.999107,1304.70039153826,Latin America & Caribbean,Lower middle income,2,7.173728708369963
Honduras,HND,2006,61.655216,1425.84780051892,Latin America & Caribbean,Lower middle income,2,7.262521863524089
Honduras,HND,2007,61.311325,1577.73789197407,Latin America & Caribbean,Lower middle income,2,7.363747386198851
Honduras,HND,2008,60.967434,1732.49062702803,Latin America & Caribbean,Lower middle income,2,7.457315320964593
Honduras,HND,2009,60.623543,1781.15703614674,Latin America & Caribbean,Lower middle income,2,7.485018452421594
Honduras,HND,2010,60.279648,1893.32722662035,Latin America & Caribbean,Lower middle income,2,7.54609099766531
Honduras,HND,2011,59.890533,2073.66121088074,Latin America & Caribbean,Lower middle income,2,7.637071024858434
Honduras,HND,2012,59.501423,2126.03474686503,Latin America & Caribbean,Lower middle income,2,7.662013902543044
Honduras,HND,2013,59.11231,2081.12843527945,Latin America & Caribbean,Lower middle income,2,7.640665542547515
Honduras,HND,2014,58.723194,2179.88171977271,Latin America & Caribbean,Lower middle income,2,7.687025897326175
Honduras,HND,2015,58.33408,2271.20265980349,Latin America & Caribbean,Lower middle income,2,7.728064776258591
Honduras,HND,2016,57.59305,2307.34468351082,Latin America & Caribbean,Lower middle income,2,7.74385265469053
Honduras,HND,2017,56.852016,2413.0076562942,Latin America & Caribbean,Lower middle income,2,7.7886292385558455
Honduras,HND,2018,56.110985,2464.64241531918,Latin America & Caribbean,Lower middle income,2,7.80980201117464
Honduras,HND,2019,55.369953,2502.32744328073,Latin America & Caribbean,Lower middle income,2,7.824976555077984
Honduras,HND,2020,54.62892,2307.61494319511,Latin America & Caribbean,Lower middle income,2,7.743969778005341
Honduras,HND,2021,54.180088,2735.14751503977,Latin America & Caribbean,Lower middle income,2,7.913940649430753
Honduras,HND,2022,53.731255,3003.28996826399,Latin America & Caribbean,Lower middle income,2,8.007463622850228
Honduras,HND,2023,53.28242,3227.45762509776,Latin America & Caribbean,Lower middle income,2,8.07944999330781
Honduras,HND,2024,52.833588,3426.43483328923,Latin America & Caribbean,Lower middle income,2,8.139275592397405
Honduras,HND,2025,52.384754,,Latin America & Caribbean,Lower middle income,2,
Hungary,HUN,1990,19.876179,3323.53967237633,Europe & Central Asia,High income,4,8.108785660337226
Hungary,HUN,1991,19.993721,3361.22268037924,Europe & Central Asia,High income,4,8.120060079734273
Hungary,HUN,1992,20.111265,3747.32966394956,Europe & Central Asia,High income,4,8.228798775694772
Hungary,HUN,1993,20.228807,3886.66608419616,Europe & Central Asia,High income,4,8.265307021372596
Hungary,HUN,1994,20.346352,4187.0311799663,Europe & Central Asia,High income,4,8.339747212842694
Hungary,HUN,1995,20.463894,4509.41740910077,Europe & Central Asia,High income,4,8.413923246569604
Hungary,HUN,1996,20.581438,4542.0120380978,Europe & Central Asia,High income,4,8.421125373057809
Hungary,HUN,1997,20.69898,4606.0569733295,Europe & Central Asia,High income,4,8.43512744967658
Hungary,HUN,1998,20.816525,4751.7732430202,Europe & Central Asia,High income,4,8.466273141684276
Hungary,HUN,1999,20.934067,4801.95949584162,Europe & Central Asia,High income,4,8.476779341893817
Hungary,HUN,2000,21.05161,4629.91760812548,Europe & Central Asia,High income,4,8.440294351700665
Hungary,HUN,2001,21.188824,5280.94887987063,Europe & Central Asia,High income,4,8.571861072650734
Hungary,HUN,2002,21.326036,6658.04494326809,Europe & Central Asia,High income,4,8.803581168377747
Hungary,HUN,2003,21.463247,8410.09248198479,Europe & Central Asia,High income,4,9.037187749575352
Hungary,HUN,2004,21.60046,10291.2694721409,Europe & Central Asia,High income,4,9.239051190717335
Hungary,HUN,2005,21.737673,11212.2046968994,Europe & Central Asia,High income,4,9.324758169065882
Hungary,HUN,2006,21.874886,11478.4891640501,Europe & Central Asia,High income,4,9.348230055293758
Hungary,HUN,2007,22.012096,13934.605460375,Europe & Central Asia,High income,4,9.542130626660908
Hungary,HUN,2008,22.14931,15762.6322515113,Europe & Central Asia,High income,4,9.665397370500392
Hungary,HUN,2009,22.286522,13051.1831777184,Europe & Central Asia,High income,4,9.476634073600286
Hungary,HUN,2010,22.423735,13189.8433874768,Europe & Central Asia,High income,4,9.487202372060642
Hungary,HUN,2011,22.455359,14211.460557822,Europe & Central Asia,High income,4,9.561803999610943
Hungary,HUN,2012,22.486982,12950.1594488143,Europe & Central Asia,High income,4,9.468863379701636
Hungary,HUN,2013,22.518606,13739.4620151401,Europe & Central Asia,High income,4,9.528027410362041
Hungary,HUN,2014,22.55023,14352.501883174,Europe & Central Asia,High income,4,9.571679553250561
Hungary,HUN,2015,22.581856,12782.9412577973,Europe & Central Asia,High income,4,9.455866846819694
Hungary,HUN,2016,22.573483,13215.8605277789,Europe & Central Asia,High income,4,9.489172942419579
Hungary,HUN,2017,22.565111,14736.1668157258,Europe & Central Asia,High income,4,9.598060078716424
Hungary,HUN,2018,22.55674,16605.0570511887,Europe & Central Asia,High income,4,9.717462569588667
Hungary,HUN,2019,22.548367,17012.8598553199,Europe & Central Asia,High income,4,9.741724799142766
Hungary,HUN,2020,22.539995,16386.9308821258,Europe & Central Asia,High income,4,9.704239398689388
Hungary,HUN,2021,22.606552,19030.628130329,Europe & Central Asia,High income,4,9.853804967119558
Hungary,HUN,2022,22.67311,18428.028825614,Europe & Central Asia,High income,4,9.821628090283692
Hungary,HUN,2023,22.739668,22230.6277875187,Europe & Central Asia,High income,4,10.009226247113633
Hungary,HUN,2024,22.806225,23292.3263882478,Europe & Central Asia,High income,4,10.055879245749429
Hungary,HUN,2025,22.872782,,Europe & Central Asia,High income,4,
Iceland,ISL,1990,0.17782407,26272.2452156659,Europe & Central Asia,High income,4,10.17626834593522
Iceland,ISL,1991,0.19199643,27739.8886025504,Europe & Central Asia,High income,4,10.230626678091127
Iceland,ISL,1992,0.2061688,28072.4041083276,Europe & Central Asia,High income,4,10.242542312582906
Iceland,ISL,1993,0.22034116,24404.0275812365,Europe & Central Asia,High income,4,10.102503462464371
Iceland,ISL,1994,0.23451354,24858.2031335605,Europe & Central Asia,High income,4,10.120943083030074
Iceland,ISL,1995,0.24868591,27564.569102386,Europe & Central Asia,High income,4,10.224286498845952
Iceland,ISL,1996,0.26285827,28583.5208959793,Europe & Central Asia,High income,4,10.260585638297007
Iceland,ISL,1997,0.27703065,28461.7664095122,Europe & Central Asia,High income,4,10.256316936109659
Iceland,ISL,1998,0.29120302,31519.1647473126,Europe & Central Asia,High income,4,10.358351044487224
Iceland,ISL,1999,0.3053754,32834.4215745364,Europe & Central Asia,High income,4,10.39923268234493
Iceland,ISL,2000,0.31954777,32503.578963236,Europe & Central Asia,High income,4,10.389105484200575
Iceland,ISL,2001,0.33593178,29208.1981853568,Europe & Central Asia,High income,4,10.282204708623217
Iceland,ISL,2002,0.35231578,32749.379004627,Europe & Central Asia,High income,4,10.396639279192843
Iceland,ISL,2003,0.3686998,39944.2104095591,Europe & Central Asia,High income,4,10.595239019780207
Iceland,ISL,2004,0.3850838,47809.6073050042,Europe & Central Asia,High income,4,10.774981887928273
Iceland,ISL,2005,0.40146783,57783.7745608117,Europe & Central Asia,High income,4,10.964463298311118
Iceland,ISL,2006,0.41785184,58172.1426656622,Europe & Central Asia,High income,4,10.971161870774518
Iceland,ISL,2007,0.43423584,70483.0117228535,Europe & Central Asia,High income,4,11.16312699129263
Iceland,ISL,2008,0.45061985,57489.3399795216,Europe & Central Asia,High income,4,10.95935481793779
Iceland,ISL,2009,0.46700388,41483.7843682814,Europe & Central Asia,High income,4,10.633057891747061
Iceland,ISL,2010,0.4833879,43776.4677400475,Europe & Central Asia,High income,4,10.686851685776372
Iceland,ISL,2011,0.49229395,48254.953927254,Europe & Central Asia,High income,4,10.784253773564156
Iceland,ISL,2012,0.5012,46594.9869146614,Europe & Central Asia,High income,4,10.749248237388327
Iceland,ISL,2013,0.51010615,50173.3360061057,Europe & Central Asia,High income,4,10.823239009310038
Iceland,ISL,2014,0.5190122,55140.364935793,Europe & Central Asia,High income,4,10.917637302905415
Iceland,ISL,2015,0.5279183,53505.6964079339,Europe & Central Asia,High income,4,10.8875434021307
Iceland,ISL,2016,0.5347218,62854.0906407932,Europe & Central Asia,High income,4,11.048571297672773
Iceland,ISL,2017,0.54152536,72976.3729990975,Europe & Central Asia,High income,4,11.19789101019551
Iceland,ISL,2018,0.5483289,75633.8651351915,Europe & Central Asia,High income,4,11.23365941339099
Iceland,ISL,2019,0.5551324,69296.3144361601,Europe & Central Asia,High income,4,11.14614700102435
Iceland,ISL,2020,0.56193596,60127.9393575616,Europe & Central Asia,High income,4,11.004229893656962
Iceland,ISL,2021,0.5714966,70425.4064277273,Europe & Central Asia,High income,4,11.162309363799661
Iceland,ISL,2022,0.58105725,76350.4550416502,Europe & Central Asia,High income,4,11.243089270572046
Iceland,ISL,2023,0.5906179,82138.7892973557,Europe & Central Asia,High income,4,11.316165647900531
Iceland,ISL,2024,0.60017854,86040.5309851288,Europe & Central Asia,High income,4,11.3625737547379
Iceland,ISL,2025,0.6097392,,Europe & Central Asia,High income,4,
India,IND,1990,21.504848,371.085936203765,South Asia,Lower middle income,2,5.916433669756841
India,IND,1991,21.627712,305.574055928592,South Asia,Lower middle income,2,5.722192158166914
India,IND,1992,21.750578,319.182472626315,South Asia,Lower middle income,2,5.765762953749465
India,IND,1993,21.873442,302.884806246174,South Asia,Lower middle income,2,5.713352555818251
India,IND,1994,21.996307,347.73421473994,South Asia,Lower middle income,2,5.8514384372209856
India,IND,1995,22.119171,375.17600537305,South Asia,Lower middle income,2,5.927395263522715
India,IND,1996,22.242037,401.046754673579,South Asia,Lower middle income,2,5.994078015705835
India,IND,1997,22.3649,416.228116203753,South Asia,Lower middle income,2,6.031233466227931
India,IND,1998,22.487766,413.630864056851,South Asia,Lower middle income,2,6.024973943371504
India,IND,1999,22.610628,441.927991436397,South Asia,Lower middle income,2,6.09114695350329
India,IND,2000,22.733496,442.750218937263,South Asia,Lower middle income,2,6.093005771156921
India,IND,2001,22.79757,450.357900514128,South Asia,Lower middle income,2,6.110042601129339
India,IND,2002,22.86164,469.149928973927,South Asia,Lower middle income,2,6.150922395342947
India,IND,2003,22.92571,544.143133545002,South Asia,Lower middle income,2,6.299212325381947
India,IND,2004,22.989786,624.258826510066,South Asia,Lower middle income,2,6.436565068443288
India,IND,2005,23.05386,710.488080408949,South Asia,Lower middle income,2,6.565952171054347
India,IND,2006,23.117931,801.668353659022,South Asia,Lower middle income,2,6.6866949982259065
India,IND,2007,23.182001,1021.88707706826,South Asia,Lower middle income,2,6.929406272553527
India,IND,2008,23.246077,992.519584923828,South Asia,Lower middle income,2,6.9002467452873875
India,IND,2009,23.31015,1094.94974598436,South Asia,Lower middle income,2,6.998463747119226
India,IND,2010,23.374222,1347.51939071367,South Asia,Lower middle income,2,7.20602069281963
India,IND,2011,23.463821,1445.46127486037,South Asia,Lower middle income,2,7.276183770962893
India,IND,2012,23.553423,1429.32199520032,South Asia,Lower middle income,2,7.264955481588603
India,IND,2013,23.643023,1432.84397512195,South Asia,Lower middle income,2,7.267416542013342
India,IND,2014,23.732624,1553.88396075118,South Asia,Lower middle income,2,7.348512856808263
India,IND,2015,23.822224,1583.99815907985,South Asia,Lower middle income,2,7.3677074101766316
India,IND,2016,23.921848,1707.50892912243,South Asia,Lower middle income,2,7.44279082078555
India,IND,2017,24.021471,1950.10468280866,South Asia,Lower middle income,2,7.575638333608506
India,IND,2018,24.121096,1966.25455171679,South Asia,Lower middle income,2,7.583885769292524
India,IND,2019,24.220718,2041.42863698585,South Asia,Lower middle income,2,7.621405153982032
India,IND,2020,24.320343,1907.04251637669,South Asia,Lower middle income,2,7.553308900253144
India,IND,2021,24.349268,2239.61384367482,South Asia,Lower middle income,2,7.7140587387714135
India,IND,2022,24.378193,2347.44829434623,South Asia,Lower middle income,2,7.761084185002244
India,IND,2023,24.407118,2530.12031278204,South Asia,Lower middle income,2,7.836022135050193
India,IND,2024,24.436043,2694.73780859961,South Asia,Lower middle income,2,7.899056190521106
India,IND,2025,24.464968,,South Asia,Lower middle income,2,
Indonesia,IDN,1990,61.46953,578.420121135382,East Asia & Pacific,Upper middle income,3,6.360300457817942
Indonesia,IDN,1991,60.181545,624.387495384411,East Asia & Pacific,Upper middle income,3,6.436771161830253
Indonesia,IDN,1992,58.893555,673.67103954742,East Asia & Pacific,Upper middle income,3,6.512741919878353
Indonesia,IDN,1993,57.605564,817.395116417856,East Asia & Pacific,Upper middle income,3,6.706122596580712
Indonesia,IDN,1994,56.317577,899.793982949817,East Asia & Pacific,Upper middle income,3,6.802165829287377
Indonesia,IDN,1995,55.02959,1011.22614205568,East Asia & Pacific,Upper middle income,3,6.918918875566018
Indonesia,IDN,1996,53.7416,1118.92133024129,East Asia & Pacific,Upper middle income,3,7.020120402213423
Indonesia,IDN,1997,52.45361,1044.60674832472,East Asia & Pacific,Upper middle income,3,6.95139577618114
Indonesia,IDN,1998,51.165623,454.877800792123,East Asia & Pacific,Upper middle income,3,6.120028813192012
Indonesia,IDN,1999,49.877636,657.268934667018,East Asia & Pacific,Upper middle income,3,6.488093272121637
Indonesia,IDN,2000,48.589645,763.711124950924,East Asia & Pacific,Upper middle income,3,6.6381896089624215
Indonesia,IDN,2001,48.819317,732.307093405708,East Asia & Pacific,Upper middle income,3,6.5961999524951995
Indonesia,IDN,2002,49.04898,881.002913569131,East Asia & Pacific,Upper middle income,3,6.781060933046637
Indonesia,IDN,2003,49.278652,1043.2105838671,East Asia & Pacific,Upper middle income,3,6.950058336699048
Indonesia,IDN,2004,49.50832,1126.84004447173,East Asia & Pacific,Upper middle income,3,7.027172573595572
Indonesia,IDN,2005,49.737988,1238.21447629488,East Asia & Pacific,Upper middle income,3,7.121425682419534
Indonesia,IDN,2006,49.967655,1558.31562847163,East Asia & Pacific,Upper middle income,3,7.351360791581556
Indonesia,IDN,2007,50.197327,1823.21976255073,East Asia & Pacific,Upper middle income,3,7.508359317358648
Indonesia,IDN,2008,50.42699,2124.55483920618,East Asia & Pacific,Upper middle income,3,7.661317571980574
Indonesia,IDN,2009,50.656662,2218.48541852977,East Asia & Pacific,Upper middle income,3,7.704579998126537
Indonesia,IDN,2010,50.88633,3065.68348377765,East Asia & Pacific,Upper middle income,3,8.028025819848873
Indonesia,IDN,2011,50.75135,3579.46442466152,East Asia & Pacific,Upper middle income,3,8.182968466153389
Indonesia,IDN,2012,50.616364,3632.27254030331,East Asia & Pacific,Upper middle income,3,8.197613775535693
Indonesia,IDN,2013,50.481384,3566.60284506078,East Asia & Pacific,Upper middle income,3,8.179368837713598
Indonesia,IDN,2014,50.3464,3441.06808464008,East Asia & Pacific,Upper middle income,3,8.143537191896439
Indonesia,IDN,2015,50.21142,3288.22269725538,East Asia & Pacific,Upper middle income,3,8.09810248419129
Indonesia,IDN,2016,50.26785,3521.46943457574,East Asia & Pacific,Upper middle income,3,8.16663363448735
Indonesia,IDN,2017,50.32428,3798.88326174526,East Asia & Pacific,Upper middle income,3,8.242462424035642
Indonesia,IDN,2018,50.380714,3860.95353090726,East Asia & Pacific,Upper middle income,3,8.258669460684754
Indonesia,IDN,2019,50.437145,4106.94856160358,East Asia & Pacific,Upper middle income,3,8.320435589311186
Indonesia,IDN,2020,50.493576,3853.70288774146,East Asia & Pacific,Upper middle income,3,8.256789754082872
Indonesia,IDN,2021,50.53663,4287.17313995098,East Asia & Pacific,Upper middle income,3,8.363382852988169
Indonesia,IDN,2022,50.57968,4730.83484836107,East Asia & Pacific,Upper middle income,3,8.461856966622147
Indonesia,IDN,2023,50.622734,4876.30774512252,East Asia & Pacific,Upper middle income,3,8.492143602867646
Indonesia,IDN,2024,50.665787,4925.43048751861,East Asia & Pacific,Upper middle income,3,8.502166958419497
Indonesia,IDN,2025,50.70884,,East Asia & Pacific,Upper middle income,3,
Iran,IRN,1990,6.626194,2137.94222739877,Middle East & North Africa,Upper middle income,3,7.6675990694232485
Iran,IRN,1991,6.626194,2194.43906803657,Middle East & North Africa,Upper middle income,3,7.693681742981395
Iran,IRN,1992,6.626194,1957.48507794252,Middle East & North Africa,Upper middle income,3,7.579415804818034
Iran,IRN,1993,6.626194,1038.10985682067,Middle East & North Africa,Upper middle income,3,6.9451568932130465
Iran,IRN,1994,6.626194,1167.76272513795,Middle East & North Africa,Upper middle income,3,7.062844996465169
Iran,IRN,1995,6.626194,1550.0095955025,Middle East & North Africa,Upper middle income,3,7.346016400540904
Iran,IRN,1996,6.626194,1914.78121294313,Middle East & North Africa,Upper middle income,3,7.55735864597196
Iran,IRN,1997,6.626194,1790.06617575598,Middle East & North Africa,Upper middle income,3,7.490007867847517
Iran,IRN,1998,6.626194,1709.19334096046,Middle East & North Africa,Upper middle income,3,7.443776807764422
Iran,IRN,1999,6.626194,1739.59462001458,Middle East & North Africa,Upper middle income,3,7.461407388062102
Iran,IRN,2000,6.626194,1650.01385833785,Middle East & North Africa,Upper middle income,3,7.408538965851991
Iran,IRN,2001,6.626194,1881.02266635283,Middle East & North Africa,Upper middle income,3,7.539570879389422
Iran,IRN,2002,6.626194,1891.25756091033,Middle East & North Africa,Upper middle income,3,7.544997262932158
Iran,IRN,2003,6.626194,2208.99636552406,Middle East & North Africa,Upper middle income,3,7.700293558115034
Iran,IRN,2004,6.626194,2672.4226651404,Middle East & North Africa,Upper middle income,3,7.890740705208442
Iran,IRN,2005,6.626194,3132.0508192007,Middle East & North Africa,Upper middle income,3,8.049443282777492
Iran,IRN,2006,6.626194,3618.91601364428,Middle East & North Africa,Upper middle income,3,8.193929816232913
Iran,IRN,2007,6.626194,4687.99166260718,Middle East & North Africa,Upper middle income,3,8.452759552801167
Iran,IRN,2008,6.626194,5377.4115072957,Middle East & North Africa,Upper middle income,3,8.589962404901545
Iran,IRN,2009,6.626194,5415.52280553446,Middle East & North Africa,Upper middle income,3,8.59702470242646
Iran,IRN,2010,6.626194,6291.19443655454,Middle East & North Africa,Upper middle income,3,8.746906226190578
Iran,IRN,2011,6.626194,8025.68743364356,Middle East & North Africa,Upper middle income,3,8.990402605842695
Iran,IRN,2012,6.626194,8114.08099831877,Middle East & North Africa,Upper middle income,3,9.001356226255238
Iran,IRN,2013,6.626194,6222.74194840326,Middle East & North Africa,Upper middle income,3,8.735965916314798
Iran,IRN,2014,6.626194,5672.06372896319,Middle East & North Africa,Upper middle income,3,8.643308303861676
Iran,IRN,2015,6.626194,4952.73355532178,Middle East & North Africa,Upper middle income,3,8.507694936536325
Iran,IRN,2016,6.626194,5710.59947089104,Middle East & North Africa,Upper middle income,3,8.650079283284937
Iran,IRN,2017,6.626194,6000.93346404409,Middle East & North Africa,Upper middle income,3,8.699670313449975
Iran,IRN,2018,6.626194,4783.01067340237,Middle East & North Africa,Upper middle income,3,8.472825475206632
Iran,IRN,2019,6.626194,3997.4935449585,Middle East & North Africa,Upper middle income,3,8.2934228299372
Iran,IRN,2020,6.626194,3202.50003502169,Middle East & North Africa,Upper middle income,3,8.071687044706623
Iran,IRN,2021,6.626194,4605.14881318992,Middle East & North Africa,Upper middle income,3,8.434930263735113
Iran,IRN,2022,6.626194,4721.20437099984,Middle East & North Africa,Upper middle income,3,8.459819209378395
Iran,IRN,2023,6.626194,5049.29931642754,Middle East & North Africa,Upper middle income,3,8.527004763420573
Iran,IRN,2024,6.626194,5190.16959024821,Middle East & North Africa,Upper middle income,3,8.554521651974477
Iran,IRN,2025,6.626194,,Middle East & North Africa,Upper middle income,3,
Iraq,IRQ,1990,1.8508366,10261.4157706888,Middle East & North Africa,Upper middle income,3,9.236146098550993
Iraq,IRQ,1991,1.8540891,22.9521327615352,Middle East & North Africa,Upper middle income,3,3.133410862974604
Iraq,IRQ,1992,1.8573416,30.2539012636825,Middle East & North Africa,Upper middle income,3,3.4096251435557337
Iraq,IRQ,1993,1.8605942,53.7437842348819,Middle East & North Africa,Upper middle income,3,3.984228018178972
Iraq,IRQ,1994,1.8638467,198.182101881974,Middle East & North Africa,Upper middle income,3,5.289186314498287
Iraq,IRQ,1995,1.867099,619.135530927038,Middle East & North Africa,Upper middle income,3,6.428324200135095
Iraq,IRQ,1996,1.8703516,485.258492784825,Middle East & North Africa,Upper middle income,3,6.184681723770925
Iraq,IRQ,1997,1.873604,936.341170908421,Middle East & North Africa,Upper middle income,3,6.841979908897813
Iraq,IRQ,1998,1.8768566,900.937142559106,Middle East & North Africa,Upper middle income,3,6.803435491089368
Iraq,IRQ,1999,1.8801091,1560.36466710272,Middle East & North Africa,Upper middle income,3,7.3526748338890275
Iraq,IRQ,2000,1.8833616,1980.18916038782,Middle East & North Africa,Upper middle income,3,7.590947654674755
Iraq,IRQ,2001,1.8802934,1435.695683789,Middle East & North Africa,Upper middle income,3,7.269404807783096
Iraq,IRQ,2002,1.8772252,1266.15961275094,Middle East & North Africa,Upper middle income,3,7.143743671179701
Iraq,IRQ,2003,1.874157,817.887862499622,Middle East & North Africa,Upper middle income,3,6.706725239796635
Iraq,IRQ,2004,1.8710887,1328.37157628292,Middle East & North Africa,Upper middle income,3,7.191709092317124
Iraq,IRQ,2005,1.8680205,1762.39360423421,Middle East & North Africa,Upper middle income,3,7.474428166472362
Iraq,IRQ,2006,1.8649523,2276.55435744086,Middle East & North Africa,Upper middle income,3,7.730418332126871
Iraq,IRQ,2007,1.861884,3128.99010329066,Middle East & North Africa,Upper middle income,3,8.048465580765402
Iraq,IRQ,2008,1.8588158,4542.96609046032,Middle East & North Africa,Upper middle income,3,8.421335401602187
Iraq,IRQ,2009,1.8557476,3714.71205987194,Middle East & North Africa,Upper middle income,3,8.220056446711109
Iraq,IRQ,2010,1.8526794,4461.75196161555,Middle East & North Africa,Upper middle income,3,8.403296784387633
Iraq,IRQ,2011,1.8316303,5775.54229080293,Middle East & North Africa,Upper middle income,3,8.661387434150706
Iraq,IRQ,2012,1.8105812,6477.59618450955,Middle East & North Africa,Upper middle income,3,8.776104761343317
Iraq,IRQ,2013,1.7895321,6650.35282247395,Middle East & North Africa,Upper middle income,3,8.8024251882536
Iraq,IRQ,2014,1.768483,6249.39226978969,Middle East & North Africa,Upper middle income,3,8.74023950116899
Iraq,IRQ,2015,1.7474339,4440.14189252367,Middle East & North Africa,Upper middle income,3,8.398441612691233
Iraq,IRQ,2016,1.7322127,4334.42096404188,Middle East & North Africa,Upper middle income,3,8.37434330798439
Iraq,IRQ,2017,1.7169913,4759.2846435467,Middle East & North Africa,Upper middle income,3,8.467852650962367
Iraq,IRQ,2018,1.70177,5646.68932074742,Middle East & North Africa,Upper middle income,3,8.638824691468628
Iraq,IRQ,2019,1.6865487,5671.8568632942,Middle East & North Africa,Upper middle income,3,8.643271832226084
Iraq,IRQ,2020,1.6713274,4295.18945121228,Middle East & North Africa,Upper middle income,3,8.365250943157374
Iraq,IRQ,2021,1.6561153,4868.49431080783,Middle East & North Africa,Upper middle income,3,8.490539991846253
Iraq,IRQ,2022,1.6409031,6520.73154560584,Middle East & North Africa,Upper middle income,3,8.782741848873016
Iraq,IRQ,2023,1.625691,5965.31835077761,Middle East & North Africa,Upper middle income,3,8.69371770289459
Iraq,IRQ,2024,1.6104789,6073.61032342708,Middle East & North Africa,Upper middle income,3,8.711708488695376
Iraq,IRQ,2025,1.5952668,,Middle East & North Africa,Upper middle income,3,
Ireland,IRL,1990,6.7011175,14031.3025675469,Europe & Central Asia,High income,4,9.549046010379787
Ireland,IRL,1991,6.94603,14087.2074393708,Europe & Central Asia,High income,4,9.553022390740784
Ireland,IRL,1992,7.1909423,15714.3847487231,Europe & Central Asia,High income,4,9.662331797890852
Ireland,IRL,1993,7.4358544,14657.0615549805,Europe & Central Asia,High income,4,9.592677515716954
Ireland,IRL,1994,7.6807666,15902.9296755168,Europe & Central Asia,High income,4,9.674258627557023
Ireland,IRL,1995,7.9256787,19158.4564773907,Europe & Central Asia,High income,4,9.860499488644608
Ireland,IRL,1996,8.17059,20835.8977130847,Europe & Central Asia,High income,4,9.944432629709468
Ireland,IRL,1997,8.415503,22551.1139134126,Europe & Central Asia,High income,4,10.02353974120139
Ireland,IRL,1998,8.660415,24294.8547674007,Europe & Central Asia,High income,4,10.098019868941943
Ireland,IRL,1999,8.905328,26338.1077543817,Europe & Central Asia,High income,4,10.178772133475317
Ireland,IRL,2000,9.15024,26334.5672050501,Europe & Central Asia,High income,4,10.178637697571325
Ireland,IRL,2001,9.280911,28282.409882073,Europe & Central Asia,High income,4,10.249995331446142
Ireland,IRL,2002,9.411584,32705.4345565698,Europe & Central Asia,High income,4,10.3952965374671
Ireland,IRL,2003,9.542255,41203.5295847568,Europe & Central Asia,High income,4,10.626279201201125
Ireland,IRL,2004,9.672928,47754.2023194244,Europe & Central Asia,High income,4,10.77382234872603
Ireland,IRL,2005,9.8036,50933.0216095589,Europe & Central Asia,High income,4,10.838266746796545
Ireland,IRL,2006,9.934272,54329.1618599624,Europe & Central Asia,High income,4,10.90281641258988
Ireland,IRL,2007,10.064944,61396.417461176,Europe & Central Asia,High income,4,11.0251067648951
Ireland,IRL,2008,10.195616,61353.1065629523,Europe & Central Asia,High income,4,11.024401085580001
Ireland,IRL,2009,10.326288,52133.0906162544,Europe & Central Asia,High income,4,10.861555162715955
Ireland,IRL,2010,10.456961,48623.9666422487,Europe & Central Asia,High income,4,10.791871829121638
Ireland,IRL,2011,10.55651,52613.8540355689,Europe & Central Asia,High income,4,10.870734748752772
Ireland,IRL,2012,10.65606,49335.8408099555,Europe & Central Asia,High income,4,10.80640609001531
Ireland,IRL,2013,10.75561,52537.6108648692,Europe & Central Asia,High income,4,10.869284589515651
Ireland,IRL,2014,10.855161,57214.5379785709,Europe & Central Asia,High income,4,10.954563305539116
Ireland,IRL,2015,10.95471,64250.1385181257,Europe & Central Asia,High income,4,11.070539158679278
Ireland,IRL,2016,11.066918,64129.5571542383,Europe & Central Asia,High income,4,11.06866064668071
Ireland,IRL,2017,11.179126,72161.4047531385,Europe & Central Asia,High income,4,11.186660621746835
Ireland,IRL,2018,11.291334,80804.1123164826,Europe & Central Asia,High income,4,11.299783138220052
Ireland,IRL,2019,11.403542,81827.6688873996,Europe & Central Asia,High income,4,11.312370715854257
Ireland,IRL,2020,11.51575,86514.0706108754,Europe & Central Asia,High income,4,11.36806234571297
Ireland,IRL,2021,11.630512,103783.446284479,Europe & Central Asia,High income,4,11.55006175996797
Ireland,IRL,2022,11.7452755,105190.685952731,Europe & Central Asia,High income,4,11.563530038795156
Ireland,IRL,2023,11.860038,106818.917130804,Europe & Central Asia,High income,4,11.578890316516071
Ireland,IRL,2024,11.9748,112894.953240805,Europe & Central Asia,High income,4,11.634213047994296
Ireland,IRL,2025,12.089563,,Europe & Central Asia,High income,4,
Isle of Man,IMN,1990,6.368421,11049.8949396235,Europe & Central Asia,High income,4,9.31017619917432
Isle of Man,IMN,1991,6.368421,11768.1058977186,Europe & Central Asia,High income,4,9.373148261027206
Isle of Man,IMN,1992,6.368421,12150.8545456352,Europe & Central Asia,High income,4,9.405154779269537
Isle of Man,IMN,1993,6.368421,10818.5139663414,Europe & Central Asia,High income,4,9.289014201595029
Isle of Man,IMN,1994,6.368421,11708.2857474351,Europe & Central Asia,High income,4,9.368052053683673
Isle of Man,IMN,1995,6.368421,12896.5252829716,Europe & Central Asia,High income,4,9.464713196157227
Isle of Man,IMN,1996,6.368421,13979.8454930411,Europe & Central Asia,High income,4,9.545371963726806
Isle of Man,IMN,1997,6.368421,16160.7112518361,Europe & Central Asia,High income,4,9.690338344215208
Isle of Man,IMN,1998,6.368421,18753.1202301034,Europe & Central Asia,High income,4,9.839115429825751
Isle of Man,IMN,1999,6.368421,21042.1461816648,Europe & Central Asia,High income,4,9.954282666481484
Isle of Man,IMN,2000,6.368421,21161.3963073772,Europe & Central Asia,High income,4,9.959933871856423
Isle of Man,IMN,2001,6.368421,21819.7123825606,Europe & Central Asia,High income,4,9.990569077932662
Isle of Man,IMN,2002,6.368421,24471.0798814847,Europe & Central Asia,High income,4,10.105247286296029
Isle of Man,IMN,2003,6.368421,28861.6178062918,Europe & Central Asia,High income,4,10.270267887800792
Isle of Man,IMN,2004,6.368421,35564.6023910146,Europe & Central Asia,High income,4,10.479106107322037
Isle of Man,IMN,2005,6.368421,38135.8597885858,Europe & Central Asia,High income,4,10.548910320262259
Isle of Man,IMN,2006,6.368421,42627.5089352891,Europe & Central Asia,High income,4,10.66025507350554
Isle of Man,IMN,2007,6.368421,55040.2437046236,Europe & Central Asia,High income,4,10.91581990037038
Isle of Man,IMN,2008,6.368421,72276.7741329461,Europe & Central Asia,High income,4,11.188258113562812
Isle of Man,IMN,2009,6.368421,66156.105656847,Europe & Central Asia,High income,4,11.099772465462795
Isle of Man,IMN,2010,6.368421,70587.3140283741,Europe & Central Asia,High income,4,11.164605719352144
Isle of Man,IMN,2011,6.368421,77808.8579649376,Europe & Central Asia,High income,4,11.262010559275884
Isle of Man,IMN,2012,6.368421,79329.2034347434,Europe & Central Asia,High income,4,11.281361605085209
Isle of Man,IMN,2013,6.368421,83207.6588430451,Europe & Central Asia,High income,4,11.32909467597463
Isle of Man,IMN,2014,6.368421,91885.4528718026,Europe & Central Asia,High income,4,11.428298002797822
Isle of Man,IMN,2015,6.368421,84753.5187422732,Europe & Central Asia,High income,4,11.347502543463673
Isle of Man,IMN,2016,6.3824563,82025.9454509241,Europe & Central Asia,High income,4,11.314790884138054
Isle of Man,IMN,2017,6.396491,83481.3038489014,Europe & Central Asia,High income,4,11.332377979767076
Isle of Man,IMN,2018,6.4105263,89393.8244248812,Europe & Central Asia,High income,4,11.400806880754146
Isle of Man,IMN,2019,6.4245615,87127.5517977404,Europe & Central Asia,High income,4,11.375128436560631
Isle of Man,IMN,2020,6.4385967,79513.5330346598,Europe & Central Asia,High income,4,11.283682513006543
Isle of Man,IMN,2021,6.4385967,94299.969348965,Europe & Central Asia,High income,4,11.454236143584009
Isle of Man,IMN,2022,6.4385967,88328.548125887,Europe & Central Asia,High income,4,11.388818642673115
Isle of Man,IMN,2023,6.4385967,,Europe & Central Asia,High income,4,
Isle of Man,IMN,2024,6.4385967,,Europe & Central Asia,High income,4,
Isle of Man,IMN,2025,6.4385967,,Europe & Central Asia,High income,4,
Italy,ITA,1990,25.665325,20873.7834092719,Europe & Central Asia,High income,4,9.946249268225365
Italy,ITA,1991,25.928919,22007.1350964074,Europe & Central Asia,High income,4,9.999122002323231
Italy,ITA,1992,26.192513,23297.0460325456,Europe & Central Asia,High income,4,10.056081851797492
Italy,ITA,1993,26.456106,18781.9529427137,Europe & Central Asia,High income,4,9.840651737915445
Italy,ITA,1994,26.719702,19382.2002150155,Europe & Central Asia,High income,4,9.872110409187252
Italy,ITA,1995,26.983295,20712.1798690324,Europe & Central Asia,High income,4,9.93847720568453
Italy,ITA,1996,27.24689,23122.9337219116,Europe & Central Asia,High income,4,10.048580205822462
Italy,ITA,1997,27.510483,21883.9872666651,Europe & Central Asia,High income,4,9.99351047332763
Italy,ITA,1998,27.774076,22365.1837644545,Europe & Central Asia,High income,4,10.015260732441934
Italy,ITA,1999,28.03767,22049.9990620261,Europe & Central Asia,High income,4,10.001067838336493
Italy,ITA,2000,28.301264,20190.0035636084,Europe & Central Asia,High income,4,9.912942887810503
Italy,ITA,2001,28.52404,20570.4385917862,Europe & Central Asia,High income,4,9.931610304334434
Italy,ITA,2002,28.746815,22451.3964379368,Europe & Central Asia,High income,4,10.019108093371198
Italy,ITA,2003,28.96959,27577.5700319855,Europe & Central Asia,High income,4,10.224758041301303
Italy,ITA,2004,29.192364,31348.1901841445,Europe & Central Asia,High income,4,10.352911815021281
Italy,ITA,2005,29.41514,32062.723833669,Europe & Central Asia,High income,4,10.375449383055821
Italy,ITA,2006,29.637915,33537.1286994269,Europe & Central Asia,High income,4,10.420408423466538
Italy,ITA,2007,29.86069,37826.1754554823,Europe & Central Asia,High income,4,10.540756614326574
Italy,ITA,2008,30.083464,40828.5795580937,Europe & Central Asia,High income,4,10.617137594536132
Italy,ITA,2009,30.306238,37099.6133958219,Europe & Central Asia,High income,4,10.521361827943439
Italy,ITA,2010,30.529015,35856.8625485539,Europe & Central Asia,High income,4,10.487290251657045
Italy,ITA,2011,30.447153,38432.3742820019,Europe & Central Asia,High income,4,10.556655463643745
Italy,ITA,2012,30.365292,34854.3949441965,Europe & Central Asia,High income,4,10.458934518544364
Italy,ITA,2013,30.28343,35701.6746002376,Europe & Central Asia,High income,4,10.482952874237286
Italy,ITA,2014,30.201569,36028.3494022349,Europe & Central Asia,High income,4,10.492061390931296
Italy,ITA,2015,30.119707,30639.8829751432,Europe & Central Asia,High income,4,10.330057804498121
Italy,ITA,2016,30.425747,31391.5692898108,Europe & Central Asia,High income,4,10.35429464189032
Italy,ITA,2017,30.731787,32844.115660604,Europe & Central Asia,High income,4,10.399527880336423
Italy,ITA,2018,31.037827,34904.1081923834,Europe & Central Asia,High income,4,10.460359814511666
Italy,ITA,2019,31.343866,33812.788724868,Europe & Central Asia,High income,4,10.428594374550325
Italy,ITA,2020,31.649906,32091.4866621366,Europe & Central Asia,High income,4,10.376346060925364
Italy,ITA,2021,31.69214,36852.5425414951,Europe & Central Asia,High income,4,10.514679892292794
Italy,ITA,2022,31.734377,35653.9042103495,Europe & Central Asia,High income,4,10.481613934862926
Italy,ITA,2023,31.776613,39277.0838783918,Europe & Central Asia,High income,4,10.578396520364048
Italy,ITA,2024,31.81885,40385.3413957669,Europe & Central Asia,High income,4,10.606222161369622
Italy,ITA,2025,31.861084,,Europe & Central Asia,High income,4,
Jamaica,JAM,1990,48.132965,1929.59891905857,Latin America & Caribbean,Upper middle income,3,7.5650674463433285
Jamaica,JAM,1991,48.130474,1710.30058243722,Latin America & Caribbean,Upper middle income,3,7.4444244132524044
Jamaica,JAM,1992,48.12798,1458.10146892635,Latin America & Caribbean,Upper middle income,3,7.284890504746703
Jamaica,JAM,1993,48.12549,2220.51518327186,Latin America & Caribbean,Upper middle income,3,7.7054945124803895
Jamaica,JAM,1994,48.122993,2202.85831038471,Latin America & Caribbean,Upper middle income,3,7.697511028067896
Jamaica,JAM,1995,48.120502,2630.84935382822,Latin America & Caribbean,Upper middle income,3,7.875062021258915
Jamaica,JAM,1996,48.118008,2928.89692611996,Latin America & Caribbean,Upper middle income,3,7.982381155399358
Jamaica,JAM,1997,48.115513,3296.91634805083,Latin America & Caribbean,Upper middle income,3,8.100742870608764
Jamaica,JAM,1998,48.113018,3419.49352868739,Latin America & Caribbean,Upper middle income,3,8.137247728063013
Jamaica,JAM,1999,48.110527,3431.56813468335,Latin America & Caribbean,Upper middle income,3,8.140772617807507
Jamaica,JAM,2000,48.108032,3453.09252800226,Latin America & Caribbean,Upper middle income,3,8.14702549344055
Jamaica,JAM,2001,48.45374,3503.55026688858,Latin America & Caribbean,Upper middle income,3,8.161532095328207
Jamaica,JAM,2002,48.799446,3680.64551727724,Latin America & Caribbean,Upper middle income,3,8.210843428083635
Jamaica,JAM,2003,49.145153,3549.70758394618,Latin America & Caribbean,Upper middle income,3,8.174620508357421
Jamaica,JAM,2004,49.49086,3807.56293124552,Latin America & Caribbean,Upper middle income,3,8.244744612865299
Jamaica,JAM,2005,49.836567,4184.43974867497,Latin America & Caribbean,Upper middle income,3,8.339128102677659
Jamaica,JAM,2006,50.18227,4417.00127135363,Latin America & Caribbean,Upper middle income,3,8.393216299428413
Jamaica,JAM,2007,50.527977,4716.48612542727,Latin America & Caribbean,Upper middle income,3,8.458819336376108
Jamaica,JAM,2008,50.873684,5029.80095281745,Latin America & Caribbean,Upper middle income,3,8.52313569030631
Jamaica,JAM,2009,51.21939,4428.38153333557,Latin America & Caribbean,Upper middle income,3,8.395789453923227
Jamaica,JAM,2010,51.565098,4809.977380312,Latin America & Caribbean,Upper middle income,3,8.478447660450911
Jamaica,JAM,2011,51.915974,5232.63644918132,Latin America & Caribbean,Upper middle income,3,8.56267053122455
Jamaica,JAM,2012,52.26685,5340.83333232158,Latin America & Caribbean,Upper middle income,3,8.583136974520835
Jamaica,JAM,2013,52.61773,5124.21301411137,Latin America & Caribbean,Upper middle income,3,8.541732233993166
Jamaica,JAM,2014,52.968605,4975.11325459872,Latin America & Caribbean,Upper middle income,3,8.512203414077042
Jamaica,JAM,2015,53.319485,5339.30718256806,Latin America & Caribbean,Upper middle income,3,8.582851182445014
Jamaica,JAM,2016,53.678303,5302.29553353854,Latin America & Caribbean,Upper middle income,3,8.575895125306594
Jamaica,JAM,2017,54.03712,5605.43541173019,Latin America & Caribbean,Upper middle income,3,8.631492015224206
Jamaica,JAM,2018,54.39594,5976.90362644337,Latin America & Caribbean,Upper middle income,3,8.695657924625893
Jamaica,JAM,2019,54.754757,6030.68896415921,Latin America & Caribbean,Upper middle income,3,8.704616539273973
Jamaica,JAM,2020,55.113575,5299.04530804283,Latin America & Caribbean,Upper middle income,3,8.575281952756798
Jamaica,JAM,2021,55.472393,5625.67806271236,Latin America & Caribbean,Upper middle income,3,8.635096764289916
Jamaica,JAM,2022,55.83121,6626.47502388538,Latin America & Caribbean,Upper middle income,3,8.798828271187451
Jamaica,JAM,2023,56.19003,7542.40084275345,Latin America & Caribbean,Upper middle income,3,8.928295824477255
Jamaica,JAM,2024,56.548847,7753.8006955432,Latin America & Caribbean,Upper middle income,3,8.955938414462723
Jamaica,JAM,2025,56.907665,,Latin America & Caribbean,Upper middle income,3,
Japan,JPN,1600,71.4,,East Asia & Pacific,High income,4,
Japan,JPN,1850,67.5,,East Asia & Pacific,High income,4,
Japan,JPN,1900,64.3,,East Asia & Pacific,High income,4,
Japan,JPN,1939,62.5,,East Asia & Pacific,High income,4,
Japan,JPN,1945,51.5,,East Asia & Pacific,High income,4,
Japan,JPN,1950,65.9,,East Asia & Pacific,High income,4,
Japan,JPN,1963,67.5,775.592123080162,East Asia & Pacific,High income,4,6.653626767412028
Japan,JPN,1970,66.5,2100.74807036009,East Asia & Pacific,High income,4,7.650048784259811
Japan,JPN,1980,66.8,9668.74626395709,East Asia & Pacific,High income,4,9.17665392791738
Japan,JPN,1985,65.6,11809.4603450715,East Asia & Pacific,High income,4,9.376656213403214
Japan,JPN,1990,68.44993,25801.3950393094,East Asia & Pacific,High income,4,10.158183840738971
Japan,JPN,1991,68.42963,29428.4289039469,East Asia & Pacific,High income,4,10.289716455634911
Japan,JPN,1992,68.409325,31992.7902119161,East Asia & Pacific,High income,4,10.37326585051906
Japan,JPN,1993,68.38902,36345.2441262708,East Asia & Pacific,High income,4,10.500818638811044
Japan,JPN,1994,68.36872,39933.5150564874,East Asia & Pacific,High income,4,10.594971226648312
Japan,JPN,1995,68.34842,44197.6191013908,East Asia & Pacific,High income,4,10.696426200130567
Japan,JPN,1996,68.32812,39150.0396308089,East Asia & Pacific,High income,4,10.575156713699634
Japan,JPN,1997,68.307816,35638.2319556941,East Asia & Pacific,High income,4,10.481174271928115
Japan,JPN,1998,68.28751,32423.7556133801,East Asia & Pacific,High income,4,10.38664663106595
Japan,JPN,1999,68.26721,36610.1683163197,East Asia & Pacific,High income,4,10.508081303654102
Japan,JPN,2000,68.24691,39169.3595701504,East Asia & Pacific,High income,4,10.57565007651729
Japan,JPN,2001,68.27161,34406.1824638092,East Asia & Pacific,High income,4,10.445991549998435
Japan,JPN,2002,68.296295,32820.7936433254,East Asia & Pacific,High income,4,10.398817546049619
Japan,JPN,2003,68.320984,35387.0374203599,East Asia & Pacific,High income,4,10.474100857497485
Japan,JPN,2004,68.34568,38298.9801712303,East Asia & Pacific,High income,4,10.553178547431202
Japan,JPN,2005,68.37037,37812.8950199948,East Asia & Pacific,High income,4,10.54040546152841
Japan,JPN,2006,68.395065,35991.546002862,East Asia & Pacific,High income,4,10.491039356606768
Japan,JPN,2007,68.419754,35779.0245416427,East Asia & Pacific,High income,4,10.485117094020387
Japan,JPN,2008,68.44444,39876.3039685725,East Asia & Pacific,High income,4,10.593537540958673
Japan,JPN,2009,68.46914,41308.9968370512,East Asia & Pacific,High income,4,10.628835596316026
Japan,JPN,2010,68.49383,44968.1562349739,East Asia & Pacific,High income,4,10.71370987903484
Japan,JPN,2011,68.48176,48760.0789494211,East Asia & Pacific,High income,4,10.79466720273707
Japan,JPN,2012,68.46968,49145.2804308193,East Asia & Pacific,High income,4,10.802536097176723
Japan,JPN,2013,68.45761,40898.6478964744,East Asia & Pacific,High income,4,10.618852282718533
Japan,JPN,2014,68.44554,38475.3952461838,East Asia & Pacific,High income,4,10.557774231459613
Japan,JPN,2015,68.43347,34960.6393843385,East Asia & Pacific,High income,4,10.46197811862793
Japan,JPN,2016,68.419754,39375.4731620781,East Asia & Pacific,High income,4,10.580898392870415
Japan,JPN,2017,68.40604,38834.0529341227,East Asia & Pacific,High income,4,10.567052793640526
Japan,JPN,2018,68.39232,39751.1330982711,East Asia & Pacific,High income,4,10.590393625293084
Japan,JPN,2019,68.3786,40415.9567649547,East Asia & Pacific,High income,4,10.60697995539892
Japan,JPN,2020,68.36488,40028.7341726762,East Asia & Pacific,High income,4,10.597352829520014
Japan,JPN,2021,68.35885,40094.5599795288,East Asia & Pacific,High income,4,10.598995942733442
Japan,JPN,2022,68.35281,34065.6438962526,East Asia & Pacific,High income,4,10.436044645018049
Japan,JPN,2023,68.34678,33836.1756271617,East Asia & Pacific,High income,4,10.42928579395192
Japan,JPN,2024,68.340744,32487.0778047567,East Asia & Pacific,High income,4,10.388597683244114
Japan,JPN,2025,68.3347,,East Asia & Pacific,High income,4,
Jordan,JOR,1990,0.79622495,1148.59005469899,Middle East & North Africa,Lower middle income,2,7.0462904297639355
Jordan,JOR,1991,0.79622495,1109.65564611997,Middle East & North Africa,Lower middle income,2,7.011805017454748
Jordan,JOR,1992,0.79622495,1286.6347360596,Middle East & North Africa,Lower middle income,2,7.159785356948842
Jordan,JOR,1993,0.79622495,1289.4145431007,Middle East & North Africa,Lower middle income,2,7.161943551780417
Jordan,JOR,1994,0.79622495,1367.18721776691,Middle East & North Africa,Lower middle income,2,7.220510782552667
Jordan,JOR,1995,0.79622495,1415.71151592128,Middle East & North Africa,Lower middle income,2,7.255387521803533
Jordan,JOR,1996,0.79622495,1410.17424189419,Middle East & North Africa,Lower middle income,2,7.251468551548834
Jordan,JOR,1997,0.79622495,1435.87593846863,Middle East & North Africa,Lower middle income,2,7.269530352051934
Jordan,JOR,1998,0.79622495,1532.11380395602,Middle East & North Africa,Lower middle income,2,7.334403632108168
Jordan,JOR,1999,0.79622495,1544.58750592979,Middle East & North Africa,Lower middle income,2,7.3425121672314075
Jordan,JOR,2000,0.79622495,1570.61002940477,Middle East & North Africa,Lower middle income,2,7.359219376635889
Jordan,JOR,2001,0.79622495,1632.29454010563,Middle East & North Africa,Lower middle income,2,7.397741997245757
Jordan,JOR,2002,0.79622495,1706.26744384401,Middle East & North Africa,Lower middle income,2,7.442063482379331
Jordan,JOR,2003,0.79622495,1775.67625581432,Middle East & North Africa,Lower middle income,2,7.481936618542729
Jordan,JOR,2004,0.79622495,1940.08641342805,Middle East & North Africa,Lower middle income,2,7.570487794069513
Jordan,JOR,2005,0.79622495,2087.87079273635,Middle East & North Africa,Lower middle income,2,7.643900066214433
Jordan,JOR,2006,0.79622495,2342.63459574933,Middle East & North Africa,Lower middle income,2,7.759031470625988
Jordan,JOR,2007,0.79622495,2506.20599484139,Middle East & North Africa,Lower middle income,2,7.826525332732709
Jordan,JOR,2008,0.79622495,3241.6524135556,Middle East & North Africa,Lower middle income,2,8.08383848296227
Jordan,JOR,2009,0.79622495,3435.8337590698,Middle East & North Africa,Lower middle income,2,8.142014899823625
Jordan,JOR,2010,0.79622495,3718.46571622945,Middle East & North Africa,Lower middle income,2,8.221066420315845
Jordan,JOR,2011,0.79622495,3946.85503855525,Middle East & North Africa,Lower middle income,2,8.28067434799454
Jordan,JOR,2012,0.79622495,4169.50470054618,Middle East & North Africa,Lower middle income,2,8.33555253089088
Jordan,JOR,2013,0.79622495,4311.21916713038,Middle East & North Africa,Lower middle income,2,8.368976012501587
Jordan,JOR,2014,0.79622495,4191.18050084986,Middle East & North Africa,Lower middle income,2,8.3407377156805
Jordan,JOR,2015,0.79622495,4042.75678097555,Middle East & North Africa,Lower middle income,2,8.304682109774202
Jordan,JOR,2016,0.79622495,3986.71677010853,Middle East & North Africa,Lower middle income,2,8.290723306510515
Jordan,JOR,2017,0.79622495,4065.61628749384,Middle East & North Africa,Lower middle income,2,8.31032061873011
Jordan,JOR,2018,0.79622495,4145.43989673265,Middle East & North Africa,Lower middle income,2,8.32976418901495
Jordan,JOR,2019,0.79622495,4170.1144003465,Middle East & North Africa,Lower middle income,2,8.335698748552389
Jordan,JOR,2020,0.79622495,4022.0401356135,Middle East & North Africa,Lower middle income,2,8.29954454930158
Jordan,JOR,2021,0.79622495,4183.49998326866,Middle East & North Africa,Lower middle income,2,8.33890349173629
Jordan,JOR,2022,0.79622495,4332.25159897931,Middle East & North Africa,Lower middle income,2,8.373842685607784
Jordan,JOR,2023,0.79622495,4466.08314208575,Middle East & North Africa,Lower middle income,2,8.404267048905218
Jordan,JOR,2024,0.79622495,4618.09592498567,Middle East & North Africa,Lower middle income,2,8.437737761674814
Jordan,JOR,2025,0.79622495,,Middle East & North Africa,Lower middle income,2,
Kazakhstan,KAZ,1990,1.1713301,1570.00883112591,Europe & Central Asia,Upper middle income,3,7.358836523247496
Kazakhstan,KAZ,1991,1.1711335,1442.42455540825,Europe & Central Asia,Upper middle income,3,7.274080695737719
Kazakhstan,KAZ,1992,1.1709368,1437.59848100913,Europe & Central Asia,Upper middle income,3,7.270729278852994
Kazakhstan,KAZ,1993,1.1707401,1355.13493859139,Europe & Central Asia,Upper middle income,3,7.21165631403178
Kazakhstan,KAZ,1994,1.1705434,1246.83633018218,Europe & Central Asia,Upper middle income,3,7.1283646862095775
Kazakhstan,KAZ,1995,1.1703467,1217.79138769863,Europe & Central Asia,Upper middle income,3,7.104794159133233
Kazakhstan,KAZ,1996,1.17015,1281.39152895397,Europe & Central Asia,Upper middle income,3,7.155701898408894
Kazakhstan,KAZ,1997,1.1699533,1381.63593295187,Europe & Central Asia,Upper middle income,3,7.231023534710728
Kazakhstan,KAZ,1998,1.1697567,1414.59289652597,Europe & Central Asia,Upper middle income,3,7.254597063046774
Kazakhstan,KAZ,1999,1.16956,1091.54727722159,Europe & Central Asia,Upper middle income,3,6.995351489043354
Kazakhstan,KAZ,2000,1.1693633,1180.0444563226,Europe & Central Asia,Upper middle income,3,7.073307391599692
Kazakhstan,KAZ,2001,1.1665944,1422.27331810957,Europe & Central Asia,Upper middle income,3,7.260011798721929
Kazakhstan,KAZ,2002,1.1638256,1573.55219932325,Europe & Central Asia,Upper middle income,3,7.361090889975983
Kazakhstan,KAZ,2003,1.1610568,1958.02050246511,Europe & Central Asia,Upper middle income,3,7.579689294161839
Kazakhstan,KAZ,2004,1.158288,2722.47407755402,Europe & Central Asia,Upper middle income,3,7.909296333202197
Kazakhstan,KAZ,2005,1.1555191,3577.35804001782,Europe & Central Asia,Upper middle income,3,8.182379829306543
Kazakhstan,KAZ,2006,1.1527503,5030.13494711519,Europe & Central Asia,Upper middle income,3,8.523202091186233
Kazakhstan,KAZ,2007,1.1499815,6449.43931096532,Europe & Central Asia,Upper middle income,3,8.771748477478805
Kazakhstan,KAZ,2008,1.1472126,8123.54705891736,Europe & Central Asia,Upper middle income,3,9.002522167689243
Kazakhstan,KAZ,2009,1.1444439,6938.01175663001,Europe & Central Asia,Upper middle income,3,8.844770522055502
Kazakhstan,KAZ,2010,1.141675,8793.07589980782,Europe & Central Asia,Upper middle income,3,9.08171986118615
Kazakhstan,KAZ,2011,1.1584383,11287.1464926039,Europe & Central Asia,Upper middle income,3,9.331419878750102
Kazakhstan,KAZ,2012,1.1752017,12018.7966527993,Europe & Central Asia,Upper middle income,3,9.394227090997724
Kazakhstan,KAZ,2013,1.191965,13478.459627612,Europe & Central Asia,Upper middle income,3,9.50884810698821
Kazakhstan,KAZ,2014,1.2087284,12427.7094576939,Europe & Central Asia,Upper middle income,3,9.427683892197658
Kazakhstan,KAZ,2015,1.2254918,10196.1226255982,Europe & Central Asia,Upper middle income,3,9.22976279225756
Kazakhstan,KAZ,2016,1.2360522,7475.56688689424,Europe & Central Asia,Upper middle income,3,8.919395233094958
Kazakhstan,KAZ,2017,1.2466125,8943.08416791984,Europe & Central Asia,Upper middle income,3,9.098635793899772
Kazakhstan,KAZ,2018,1.2571731,9472.48527327758,Europe & Central Asia,Upper middle income,3,9.156146588209845
Kazakhstan,KAZ,2019,1.2677335,9457.12614657136,Europe & Central Asia,Upper middle income,3,9.154523825889365
Kazakhstan,KAZ,2020,1.2782938,8781.50797787648,Europe & Central Asia,Upper middle income,3,9.080403423348137
Kazakhstan,KAZ,2021,1.2834426,9983.60103576902,Europe & Central Asia,Upper middle income,3,9.208699129451098
Kazakhstan,KAZ,2022,1.2885913,11255.3396437881,Europe & Central Asia,Upper middle income,3,9.32859793003239
Kazakhstan,KAZ,2023,1.29374,12879.4275257974,Europe & Central Asia,Upper middle income,3,9.463386551915699
Kazakhstan,KAZ,2024,1.2988888,14154.6324958076,Europe & Central Asia,Upper middle income,3,9.55779723435538
Kazakhstan,KAZ,2025,1.3040375,,Europe & Central Asia,Upper middle income,3,
Kenya,KEN,1990,6.5723724,374.458992895562,Sub-Saharan Africa,Lower middle income,2,5.925482298685697
Kenya,KEN,1991,6.585657,344.722642127742,Sub-Saharan Africa,Lower middle income,2,5.842740157840005
Kenya,KEN,1992,6.5989423,336.68139978696,Sub-Saharan Africa,Lower middle income,2,5.819137081953124
Kenya,KEN,1993,6.6122274,228.998032843434,Sub-Saharan Africa,Lower middle income,2,5.433713413313999
Kenya,KEN,1994,6.625512,276.447871981244,Sub-Saharan Africa,Lower middle income,2,5.622022275091967
Kenya,KEN,1995,6.6387973,340.064842175429,Sub-Saharan Africa,Lower middle income,2,5.829136311707606
Kenya,KEN,1996,6.652082,440.527078880876,Sub-Saharan Africa,Lower middle income,2,6.08797191654218
Kenya,KEN,1997,6.665367,466.723814611399,Sub-Saharan Africa,Lower middle income,2,6.14573767931921
Kenya,KEN,1998,6.678652,487.883239905452,Sub-Saharan Africa,Lower middle income,2,6.190076114736484
Kenya,KEN,1999,6.691937,433.721235701305,Sub-Saharan Africa,Lower middle income,2,6.072402013676066
Kenya,KEN,2000,6.705222,414.626365130846,Sub-Saharan Africa,Lower middle income,2,6.027377789708817
Kenya,KEN,2001,6.7161613,410.700452474814,Sub-Saharan Africa,Lower middle income,2,6.017864122678034
Kenya,KEN,2002,6.7271004,402.936385605382,Sub-Saharan Africa,Lower middle income,2,5.998778697390903
Kenya,KEN,2003,6.73804,442.898457253405,Sub-Saharan Africa,Lower middle income,2,6.093340527638834
Kenya,KEN,2004,6.748979,463.662781300121,Sub-Saharan Africa,Lower middle income,2,6.139157523565561
Kenya,KEN,2005,6.7599187,523.456312433863,Sub-Saharan Africa,Lower middle income,2,6.2604535739798095
Kenya,KEN,2006,6.770858,699.80237063381,Sub-Saharan Africa,Lower middle income,2,6.550797967515461
Kenya,KEN,2007,6.781797,840.201439476765,Sub-Saharan Africa,Lower middle income,2,6.733641671988711
Kenya,KEN,2008,6.7927365,915.54435473604,Sub-Saharan Africa,Lower middle income,2,6.819518811587653
Kenya,KEN,2009,6.8036757,1047.9678324485,Sub-Saharan Africa,Lower middle income,2,6.95460817018138
Kenya,KEN,2010,6.8146152,1091.51873101194,Sub-Saharan Africa,Lower middle income,2,6.995325336641599
Kenya,KEN,2011,6.6408124,1096.14499807675,Sub-Saharan Africa,Lower middle income,2,6.999554756272699
Kenya,KEN,2012,6.46701,1285.00536171512,Sub-Saharan Africa,Lower middle income,2,7.158518169861565
Kenya,KEN,2013,6.293207,1370.87885214659,Sub-Saharan Africa,Lower middle income,2,7.223207311067554
Kenya,KEN,2014,6.119405,1482.81566253497,Sub-Saharan Africa,Lower middle income,2,7.301698034030995
Kenya,KEN,2015,5.945602,1489.11959777284,Sub-Saharan Africa,Lower middle income,2,7.305940350326721
Kenya,KEN,2016,6.018547,1554.12610314423,Sub-Saharan Africa,Lower middle income,2,7.348668675089776
Kenya,KEN,2017,6.0914927,1667.48447230835,Sub-Saharan Africa,Lower middle income,2,7.419071465787412
Kenya,KEN,2018,6.164438,1836.45275528993,Sub-Saharan Africa,Lower middle income,2,7.515591139521756
Kenya,KEN,2019,6.237383,1960.40808854893,Sub-Saharan Africa,Lower middle income,2,7.580907938995525
Kenya,KEN,2020,6.310328,1927.66459027849,Sub-Saharan Africa,Lower middle income,2,7.564064492338477
Kenya,KEN,2021,6.423604,2061.35622089594,Sub-Saharan Africa,Lower middle income,2,7.631119404818203
Kenya,KEN,2022,6.53688,2109.56288513137,Sub-Saharan Africa,Lower middle income,2,7.654236041563953
Kenya,KEN,2023,6.6501565,1942.58802756191,Sub-Saharan Africa,Lower middle income,2,7.571776397849223
Kenya,KEN,2024,6.7634325,2132.43452097647,Sub-Saharan Africa,Lower middle income,2,7.665019573607885
Kenya,KEN,2025,6.8767085,,Sub-Saharan Africa,Lower middle income,2,
Kiribati,KIR,1990,1.3209877,488.067527876014,East Asia & Pacific,Lower middle income,2,6.190453773075072
Kiribati,KIR,1991,1.3209877,540.125861123481,East Asia & Pacific,Lower middle income,2,6.291802188554887
Kiribati,KIR,1992,1.3209877,791.99610105394,East Asia & Pacific,Lower middle income,2,6.674556468890616
Kiribati,KIR,1993,1.3209877,747.75302075115,East Asia & Pacific,Lower middle income,2,6.61707273728946
Kiribati,KIR,1994,1.3209877,837.971706204,East Asia & Pacific,Lower middle income,2,6.73098433643237
Kiribati,KIR,1995,1.3209877,844.429605862723,East Asia & Pacific,Lower middle income,2,6.7386613767791435
Kiribati,KIR,1996,1.3209877,985.885941426854,East Asia & Pacific,Lower middle income,2,6.893540669845341
Kiribati,KIR,1997,1.3209877,953.162998384941,East Asia & Pacific,Lower middle income,2,6.8597859261590735
Kiribati,KIR,1998,1.3209877,874.484349123221,East Asia & Pacific,Lower middle income,2,6.773634397355361
Kiribati,KIR,1999,1.3209877,887.496019475758,East Asia & Pacific,Lower middle income,2,6.788404036241776
Kiribati,KIR,2000,1.3209877,845.367240231973,East Asia & Pacific,Lower middle income,2,6.7397711367691056
Kiribati,KIR,2001,1.3209877,718.833787096781,East Asia & Pacific,Lower middle income,2,6.577630158669458
Kiribati,KIR,2002,1.3209877,810.10870037444,East Asia & Pacific,Lower middle income,2,6.6971684366558755
Kiribati,KIR,2003,1.3209877,1020.50033851394,East Asia & Pacific,Lower middle income,2,6.928048313963651
Kiribati,KIR,2004,1.3209877,1083.2688987175,East Asia & Pacific,Lower middle income,2,6.987738506779857
Kiribati,KIR,2005,1.3209877,1161.78341739977,East Asia & Pacific,Lower middle income,2,7.057711532259607
Kiribati,KIR,2006,1.3209877,1123.19258990684,East Asia & Pacific,Lower middle income,2,7.023930435944621
Kiribati,KIR,2007,1.3209877,1352.57814048911,East Asia & Pacific,Lower middle income,2,7.2097677839050505
Kiribati,KIR,2008,1.3209877,1410.62246914058,East Asia & Pacific,Lower middle income,2,7.251786353429707
Kiribati,KIR,2009,1.3209877,1316.62753853678,East Asia & Pacific,Lower middle income,2,7.1828288512184795
Kiribati,KIR,2010,1.3209877,1522.10068744154,East Asia & Pacific,Lower middle income,2,7.327846690925714
Kiribati,KIR,2011,1.3209877,1771.12926848792,East Asia & Pacific,Lower middle income,2,7.479372626924776
Kiribati,KIR,2012,1.3209877,1843.55336349889,East Asia & Pacific,Lower middle income,2,7.519450164094895
Kiribati,KIR,2013,1.3209877,1772.08718317132,East Asia & Pacific,Lower middle income,2,7.479913330390007
Kiribati,KIR,2014,1.3209877,1736.70535682101,East Asia & Pacific,Lower middle income,2,7.459745124230957
Kiribati,KIR,2015,1.3209877,1639.85274740652,East Asia & Pacific,Lower middle income,2,7.402361728620289
Kiribati,KIR,2016,1.3209877,1742.66799324117,East Asia & Pacific,Lower middle income,2,7.463172547308213
Kiribati,KIR,2017,1.3209877,1853.05122713319,East Asia & Pacific,Lower middle income,2,7.524588871414935
Kiribati,KIR,2018,1.3209877,1912.73809378187,East Asia & Pacific,Lower middle income,2,7.556291051432737
Kiribati,KIR,2019,1.3209877,1750.9977188915,East Asia & Pacific,Lower middle income,2,7.467941029538858
Kiribati,KIR,2020,1.3209877,1751.78249168214,East Asia & Pacific,Lower middle income,2,7.46838911520601
Kiribati,KIR,2021,1.3209877,2222.04819501897,East Asia & Pacific,Lower middle income,2,7.706184659891882
Kiribati,KIR,2022,1.3209877,2069.7671726925,East Asia & Pacific,Lower middle income,2,7.635191402973263
Kiribati,KIR,2023,1.3209877,2177.70125812262,East Asia & Pacific,Lower middle income,2,7.686025130688737
Kiribati,KIR,2024,1.3209877,2288.63471423684,East Asia & Pacific,Lower middle income,2,7.735710724097179
Kiribati,KIR,2025,1.3209877,,East Asia & Pacific,Lower middle income,2,
Kuwait,KWT,1990,0.1936027,10937.5415268808,Middle East & North Africa,High income,4,9.29995632740205
Kuwait,KWT,1991,0.20224467,8147.10807329839,Middle East & North Africa,High income,4,9.00541830563304
Kuwait,KWT,1992,0.21088664,12146.19505586,Middle East & North Africa,High income,4,9.40477123559582
Kuwait,KWT,1993,0.21952862,14317.7209419057,Middle East & North Africa,High income,4,9.56925327574704
Kuwait,KWT,1994,0.22817059,14929.7441110335,Middle East & North Africa,High income,4,9.611110751138769
Kuwait,KWT,1995,0.23681258,16168.165602374,Middle East & North Africa,High income,4,9.690799501632066
Kuwait,KWT,1996,0.24545455,18201.0958607918,Middle East & North Africa,High income,4,9.809237083383627
Kuwait,KWT,1997,0.2540965,16977.3895620399,Middle East & North Africa,High income,4,9.739637712006688
Kuwait,KWT,1998,0.2627385,14066.9509572183,Middle East & North Africa,High income,4,9.551583421380558
Kuwait,KWT,1999,0.27138048,15853.6264423466,Middle East & North Africa,High income,4,9.671153550759634
Kuwait,KWT,2000,0.28002244,19296.3471698729,Middle East & North Africa,High income,4,9.86767109117025
Kuwait,KWT,2001,0.28226712,17374.2318664227,Middle East & North Africa,High income,4,9.76274346032899
Kuwait,KWT,2002,0.28451177,18512.7523035862,Middle East & North Africa,High income,4,9.826215087306204
Kuwait,KWT,2003,0.28675646,22690.655175144,Middle East & North Africa,High income,4,10.029708452418447
Kuwait,KWT,2004,0.28900114,27552.2827399787,Middle East & North Africa,High income,4,10.223840669223971
Kuwait,KWT,2005,0.2912458,36122.6142741227,Middle East & North Africa,High income,4,10.494674382379205
Kuwait,KWT,2006,0.29349047,42946.6374104066,Middle East & North Africa,High income,4,10.667713633553724
Kuwait,KWT,2007,0.29573512,45709.4132876371,Middle East & North Africa,High income,4,10.730059535707143
Kuwait,KWT,2008,0.2979798,55585.1889344442,Middle East & North Africa,High income,4,10.925672058680455
Kuwait,KWT,2009,0.30022445,37907.1001320042,Middle East & North Africa,High income,4,10.542893712100147
Kuwait,KWT,2010,0.30246913,39212.252220155,Middle East & North Africa,High income,4,10.576744533579511
Kuwait,KWT,2011,0.31032547,49169.6063813095,Middle East & North Africa,High income,4,10.803030955112797
Kuwait,KWT,2012,0.3181818,52155.2225833921,Middle East & North Africa,High income,4,10.861979600829699
Kuwait,KWT,2013,0.32603815,49651.0439275077,Middle East & North Africa,High income,4,10.812774694982547
Kuwait,KWT,2014,0.3338945,44368.7813457751,Middle East & North Africa,High income,4,10.700291378270615
Kuwait,KWT,2015,0.34175083,29882.2126495698,Middle East & North Africa,High income,4,10.30501868769552
Kuwait,KWT,2016,0.34410775,27323.6890735517,Middle East & North Africa,High income,4,10.215509336543535
Kuwait,KWT,2017,0.34646463,29047.6536135703,Middle East & North Africa,High income,4,10.276692988400734
Kuwait,KWT,2018,0.34882155,32067.9623756889,Middle East & North Africa,High income,4,10.375612753895624
Kuwait,KWT,2019,0.35117844,31707.8737443551,Middle East & North Africa,High income,4,10.36432031212608
Kuwait,KWT,2020,0.35353535,25236.0755848941,Middle East & North Africa,High income,4,10.136029820608028
Kuwait,KWT,2021,0.35353535,34018.6342592913,Middle East & North Africa,High income,4,10.434663719914479
Kuwait,KWT,2022,0.35353535,39981.7691035833,Middle East & North Africa,High income,4,10.596178856789841
Kuwait,KWT,2023,0.35353535,34075.849012909,Middle East & North Africa,High income,4,10.436344172260469
Kuwait,KWT,2024,0.35353535,32717.7186631255,Middle East & North Africa,High income,4,10.39567206527631
Kuwait,KWT,2025,0.35353535,,Middle East & North Africa,High income,4,
Kyrgyzstan,KGZ,1990,5.925026,605.798144966488,Europe & Central Asia,Lower middle income,2,6.4065468364664415
Kyrgyzstan,KGZ,1991,5.948217,569.548584035047,Europe & Central Asia,Lower middle income,2,6.344844089231071
Kyrgyzstan,KGZ,1992,5.971408,512.766741120388,Europe & Central Asia,Lower middle income,2,6.239821046093588
Kyrgyzstan,KGZ,1993,5.9945984,448.554190878232,Europe & Central Asia,Lower middle income,2,6.106029501130148
Kyrgyzstan,KGZ,1994,6.0177894,372.481759948941,Europe & Central Asia,Lower middle income,2,5.9201880700406875
Kyrgyzstan,KGZ,1995,6.0409803,364.250365258345,Europe & Central Asia,Lower middle income,2,5.8978414478430885
Kyrgyzstan,KGZ,1996,6.064171,394.856879614212,Europe & Central Asia,Lower middle income,2,5.978523369153112
Kyrgyzstan,KGZ,1997,6.087362,376.427930059811,Europe & Central Asia,Lower middle income,2,5.930726608092769
Kyrgyzstan,KGZ,1998,6.110553,345.137046084246,Europe & Central Asia,Lower middle income,2,5.8439415731812145
Kyrgyzstan,KGZ,1999,6.1337433,258.048055936976,Europe & Central Asia,Lower middle income,2,5.553145830898371
Kyrgyzstan,KGZ,2000,6.1569343,279.621738464365,Europe & Central Asia,Lower middle income,2,5.633437755779337
Kyrgyzstan,KGZ,2001,6.1808863,308.41129550148,Europe & Central Asia,Lower middle income,2,5.731434267158143
Kyrgyzstan,KGZ,2002,6.2048383,321.726775366804,Europe & Central Asia,Lower middle income,2,5.773702661638818
Kyrgyzstan,KGZ,2003,6.2287903,380.505828812441,Europe & Central Asia,Lower middle income,2,5.941501496008169
Kyrgyzstan,KGZ,2004,6.2527423,433.233873286,Europe & Central Asia,Lower middle income,2,6.071277705250887
Kyrgyzstan,KGZ,2005,6.2766943,476.548193640077,Europe & Central Asia,Lower middle income,2,6.166568858882435
Kyrgyzstan,KGZ,2006,6.3006463,543.113512472219,Europe & Central Asia,Lower middle income,2,6.297318344996839
Kyrgyzstan,KGZ,2007,6.3245983,721.771577544361,Europe & Central Asia,Lower middle income,2,6.581708714243529
Kyrgyzstan,KGZ,2008,6.348551,966.388569370494,Europe & Central Asia,Lower middle income,2,6.873565999058544
Kyrgyzstan,KGZ,2009,6.372503,870.198894546917,Europe & Central Asia,Lower middle income,2,6.768721799942078
Kyrgyzstan,KGZ,2010,6.396455,876.954476440354,Europe & Central Asia,Lower middle income,2,6.776455082747084
Kyrgyzstan,KGZ,2011,6.417414,1117.40174350185,Europe & Central Asia,Lower middle income,2,7.018761397344083
Kyrgyzstan,KGZ,2012,6.438373,1168.62244675446,Europe & Central Asia,Lower middle income,2,7.063580938180307
Kyrgyzstan,KGZ,2013,6.4593325,1269.66303464348,Europe & Central Asia,Lower middle income,2,7.146506817194809
Kyrgyzstan,KGZ,2014,6.480292,1264.52668823891,Europe & Central Asia,Lower middle income,2,7.142453171651559
Kyrgyzstan,KGZ,2015,6.501251,1105.65193844261,Europe & Central Asia,Lower middle income,2,7.008190429517273
Kyrgyzstan,KGZ,2016,6.509823,1103.27489428412,Europe & Central Asia,Lower middle income,2,7.006038212394624
Kyrgyzstan,KGZ,2017,6.518394,1221.39046807082,Europe & Central Asia,Lower middle income,2,7.1077452166574036
Kyrgyzstan,KGZ,2018,6.5269656,1283.5203037417,Europe & Central Asia,Lower middle income,2,7.157361819229083
Kyrgyzstan,KGZ,2019,6.5355372,1421.99927504102,Europe & Central Asia,Lower middle income,2,7.259819100546615
Kyrgyzstan,KGZ,2020,6.5441084,1229.51766602907,Europe & Central Asia,Lower middle income,2,7.114377230019122
Kyrgyzstan,KGZ,2021,6.544442,1349.99730650542,Europe & Central Asia,Lower middle income,2,7.207857876249315
Kyrgyzstan,KGZ,2022,6.544776,1739.72018344174,Europe & Central Asia,Lower middle income,2,7.461479565162656
Kyrgyzstan,KGZ,2023,6.5451093,2138.22210211478,Europe & Central Asia,Lower middle income,2,7.667729969311487
Kyrgyzstan,KGZ,2024,6.545443,2420.18542283831,Europe & Central Asia,Lower middle income,2,7.791599437223058
Kyrgyzstan,KGZ,2025,6.545777,,Europe & Central Asia,Lower middle income,2,
Laos,LAO,1990,62.38856,200.7349054896,East Asia & Pacific,Lower middle income,2,5.301985159412619
Laos,LAO,1991,62.237244,231.806227548139,East Asia & Pacific,Lower middle income,2,5.445901796585055
Laos,LAO,1992,62.085926,247.345286150532,East Asia & Pacific,Lower middle income,2,5.510785280085743
Laos,LAO,1993,61.93461,283.400573286349,East Asia & Pacific,Lower middle income,2,5.646861350142145
Laos,LAO,1994,61.783295,320.968128951646,East Asia & Pacific,Lower middle income,2,5.7713418314457625
Laos,LAO,1995,61.631977,357.758162193406,East Asia & Pacific,Lower middle income,2,5.879857233531727
Laos,LAO,1996,61.48066,371.341879197673,East Asia & Pacific,Lower middle income,2,5.917123145551626
Laos,LAO,1997,61.32934,339.09319241187,East Asia & Pacific,Lower middle income,2,5.826274973471128
Laos,LAO,1998,61.178024,243.923962451418,East Asia & Pacific,Lower middle income,2,5.496856547429235
Laos,LAO,1999,61.026707,272.325307005412,East Asia & Pacific,Lower middle income,2,5.606997333317225
Laos,LAO,2000,60.87539,318.749852236965,East Asia & Pacific,Lower middle income,2,5.764406632902222
Laos,LAO,2001,60.70665,320.316005439568,East Asia & Pacific,Lower middle income,2,5.769308025518279
Laos,LAO,2002,60.53791,313.350817148131,East Asia & Pacific,Lower middle income,2,5.74732338444814
Laos,LAO,2003,60.36917,355.097216151461,East Asia & Pacific,Lower middle income,2,5.872391600299785
Laos,LAO,2004,60.20043,409.296298284117,East Asia & Pacific,Lower middle income,2,6.014439339441132
Laos,LAO,2005,60.031693,466.061506997741,East Asia & Pacific,Lower middle income,2,6.144317614681368
Laos,LAO,2006,59.862953,579.391947440719,East Asia & Pacific,Lower middle income,2,6.361979187138427
Laos,LAO,2007,59.694214,697.323013673925,East Asia & Pacific,Lower middle income,2,6.54724873766044
Laos,LAO,2008,59.52548,885.747376088762,East Asia & Pacific,Lower middle income,2,6.786431781380213
Laos,LAO,2009,59.35674,935.03237283283,East Asia & Pacific,Lower middle income,2,6.840581152039933
Laos,LAO,2010,59.188,1125.91610151261,East Asia & Pacific,Lower middle income,2,7.026352295721668
Laos,LAO,2011,58.93567,1361.54704394913,East Asia & Pacific,Lower middle income,2,7.21637686454598
Laos,LAO,2012,58.683334,1563.5650771337,East Asia & Pacific,Lower middle income,2,7.354723798758717
Laos,LAO,2013,58.431004,1812.51774424651,East Asia & Pacific,Lower middle income,2,7.502472176610017
Laos,LAO,2014,58.178673,1981.03910900473,East Asia & Pacific,Lower middle income,2,7.591376788555537
Laos,LAO,2015,57.926342,2121.01339097363,East Asia & Pacific,Lower middle income,2,7.6596492680636725
Laos,LAO,2016,57.79056,2303.22156035363,East Asia & Pacific,Lower middle income,2,7.742064100296888
Laos,LAO,2017,57.654785,2432.43059478511,East Asia & Pacific,Lower middle income,2,7.79664628119066
Laos,LAO,2018,57.519005,2545.1075420815,East Asia & Pacific,Lower middle income,2,7.841928184312483
Laos,LAO,2019,57.383224,2589.32081035237,East Asia & Pacific,Lower middle income,2,7.859150884918687
Laos,LAO,2020,57.247444,2583.77730696131,East Asia & Pacific,Lower middle income,2,7.857007679672131
Laos,LAO,2021,57.09435,2526.05105018529,East Asia & Pacific,Lower middle income,2,7.834412512597466
Laos,LAO,2022,56.941257,2046.40440255621,East Asia & Pacific,Lower middle income,2,7.623839582188668
Laos,LAO,2023,56.788162,2066.94979776957,East Asia & Pacific,Lower middle income,2,7.6338292719023375
Laos,LAO,2024,56.63507,2123.97909415109,East Asia & Pacific,Lower middle income,2,7.661046539634995
Laos,LAO,2025,56.481976,,East Asia & Pacific,Lower middle income,2,
Latvia,LVA,1990,50.98827,,Europe & Central Asia,High income,4,
Latvia,LVA,1991,51.09754,,Europe & Central Asia,High income,4,
Latvia,LVA,1992,51.206814,,Europe & Central Asia,High income,4,
Latvia,LVA,1993,51.316086,,Europe & Central Asia,High income,4,
Latvia,LVA,1994,51.425358,,Europe & Central Asia,High income,4,
Latvia,LVA,1995,51.53463,2256.77360387054,Europe & Central Asia,High income,4,7.721691463355001
Latvia,LVA,1996,51.6439,2360.1714816213,Europe & Central Asia,High income,4,7.766489557083863
Latvia,LVA,1997,51.753174,2609.89308697195,Europe & Central Asia,High income,4,7.867064536631743
Latvia,LVA,1998,51.862446,2893.79998716563,Europe & Central Asia,High income,4,7.970325791867854
Latvia,LVA,1999,51.971718,3063.89794599707,Europe & Central Asia,High income,4,8.027443222863567
Latvia,LVA,2000,52.08099,3278.17896440803,Europe & Central Asia,High income,4,8.095043353423016
Latvia,LVA,2001,52.29169,3504.61829462397,Europe & Central Asia,High income,4,8.161836890435312
Latvia,LVA,2002,52.502396,4003.60935783538,Europe & Central Asia,High income,4,8.294951572697357
Latvia,LVA,2003,52.713097,4914.57992829302,Europe & Central Asia,High income,4,8.499961561643484
Latvia,LVA,2004,52.923798,6109.73265186817,Europe & Central Asia,High income,4,8.717638295376604
Latvia,LVA,2005,53.134502,7283.78738127622,Europe & Central Asia,High income,4,8.893406250591184
Latvia,LVA,2006,53.345203,9211.7374468148,Europe & Central Asia,High income,4,9.12823375932021
Latvia,LVA,2007,53.555904,13370.9789452508,Europe & Central Asia,High income,4,9.500841886955644
Latvia,LVA,2008,53.76661,15677.6080864506,Europe & Central Asia,High income,4,9.659988736761173
Latvia,LVA,2009,53.97731,11996.0322729773,Europe & Central Asia,High income,4,9.392331230176826
Latvia,LVA,2010,54.18801,11188.4191700977,Europe & Central Asia,High income,4,9.322634519663787
Latvia,LVA,2011,54.273182,12902.574053337,Europe & Central Asia,High income,4,9.465182109462873
Latvia,LVA,2012,54.35835,13329.3499931271,Europe & Central Asia,High income,4,9.49772364927767
Latvia,LVA,2013,54.443516,14484.4715282132,Europe & Central Asia,High income,4,9.580832425465623
Latvia,LVA,2014,54.528683,15185.814581236,Europe & Central Asia,High income,4,9.62811701984983
Latvia,LVA,2015,54.613853,13321.9753140616,Europe & Central Asia,High income,4,9.49717022995096
Latvia,LVA,2016,54.727978,13838.5266823272,Europe & Central Asia,High income,4,9.535211769916
Latvia,LVA,2017,54.842102,15132.4958333982,Europe & Central Asia,High income,4,9.624599752424531
Latvia,LVA,2018,54.956226,17252.1710428626,Europe & Central Asia,High income,4,9.75569327209736
Latvia,LVA,2019,55.07035,17294.9751600969,Europe & Central Asia,High income,4,9.758171285122588
Latvia,LVA,2020,55.18448,17564.2321549354,Europe & Central Asia,High income,4,9.773619849251702
Latvia,LVA,2021,55.28999,20261.8887788916,Europe & Central Asia,High income,4,9.91649700045097
Latvia,LVA,2022,55.3955,20221.103686109,Europe & Central Asia,High income,4,9.914482074967557
Latvia,LVA,2023,55.50101,22710.2637544197,Europe & Central Asia,High income,4,10.030572249053284
Latvia,LVA,2024,55.606525,23409.0845154775,Europe & Central Asia,High income,4,10.060879453162286
Latvia,LVA,2025,55.712036,,Europe & Central Asia,High income,4,
Lebanon,LBN,1990,13.481915,789.526338484738,Middle East & North Africa,Lower middle income,2,6.671433194107868
Lebanon,LBN,1991,13.491398,1278.42125745633,Middle East & North Africa,Lower middle income,2,7.153381203046738
Lebanon,LBN,1992,13.50088,1559.38100628446,Middle East & North Africa,Lower middle income,2,7.352044230657971
Lebanon,LBN,1993,13.510362,2078.63864215562,Middle East & North Africa,Lower middle income,2,7.639468459453771
Lebanon,LBN,1994,13.519844,2467.76942720577,Middle East & North Africa,Lower middle income,2,7.8110699557037515
Lebanon,LBN,1995,13.5293255,2958.74263957462,Middle East & North Africa,Lower middle income,2,7.992519673144363
Lebanon,LBN,1996,13.538808,3393.05090749359,Middle East & North Africa,Lower middle income,2,8.129484768353842
Lebanon,LBN,1997,13.548289,3834.0590787531,Middle East & North Africa,Lower middle income,2,8.25167933265565
Lebanon,LBN,1998,13.557772,4124.85527892575,Middle East & North Africa,Lower middle income,2,8.32478621425654
Lebanon,LBN,1999,13.567253,4086.93872789633,Middle East & North Africa,Lower middle income,2,8.315551491500914
Lebanon,LBN,2000,13.5767355,3986.83513941026,Middle East & North Africa,Lower middle income,2,8.290752996993021
Lebanon,LBN,2001,13.586315,4009.55929751102,Middle East & North Africa,Lower middle income,2,8.296436613391002
Lebanon,LBN,2002,13.595895,4290.85283803266,Middle East & North Africa,Lower middle income,2,8.364240788908818
Lebanon,LBN,2003,13.605474,4437.71588507526,Middle East & North Africa,Lower middle income,2,8.397895082758096
Lebanon,LBN,2004,13.615054,4600.68371412993,Middle East & North Africa,Lower middle income,2,8.433960204938828
Lebanon,LBN,2005,13.624634,4602.19804637945,Middle East & North Africa,Lower middle income,2,8.434289304519284
Lebanon,LBN,2006,13.634213,4635.2514117486,Middle East & North Africa,Lower middle income,2,8.441445718545868
Lebanon,LBN,2007,13.643793,5125.25809960149,Middle East & North Africa,Lower middle income,2,8.541936163636393
Lebanon,LBN,2008,13.653373,5912.04532820842,Middle East & North Africa,Lower middle income,2,8.684747129751626
Lebanon,LBN,2009,13.662952,7090.85493856621,Middle East & North Africa,Lower middle income,2,8.86656119597533
Lebanon,LBN,2010,13.672532,7625.81051551165,Middle East & North Africa,Lower middle income,2,8.939293892942755
Lebanon,LBN,2011,13.682112,7834.96257108993,Middle East & North Africa,Lower middle income,2,8.966351377636391
Lebanon,LBN,2012,13.691691,8406.98405608118,Middle East & North Africa,Lower middle income,2,9.036818074628346
Lebanon,LBN,2013,13.701271,8162.37929361396,Middle East & North Africa,Lower middle income,2,9.007290985556686
Lebanon,LBN,2014,13.710851,7577.6413302369,Middle East & North Africa,Lower middle income,2,8.932957260059496
Lebanon,LBN,2015,13.72043,7714.1099998804,Middle East & North Africa,Lower middle income,2,8.950806398438399
Lebanon,LBN,2016,13.729815,8089.012088155,Middle East & North Africa,Lower middle income,2,8.998261887411076
Lebanon,LBN,2017,13.739199,8608.21084982387,Middle East & North Africa,Lower middle income,2,9.06047177673725
Lebanon,LBN,2018,13.748583,9174.53666204759,Middle East & North Africa,Lower middle income,2,9.124187171598292
Lebanon,LBN,2019,13.757967,8905.88005497437,Middle East & North Africa,Lower middle income,2,9.094467017901259
Lebanon,LBN,2020,13.767351,5561.19166950397,Middle East & North Africa,Lower middle income,2,8.623567693326915
Lebanon,LBN,2021,13.776735,4045.37391066234,Middle East & North Africa,Lower middle income,2,8.305329262961486
Lebanon,LBN,2022,13.786119,3654.35845534878,Middle East & North Africa,Lower middle income,2,8.203675831565153
Lebanon,LBN,2023,13.795504,3477.72489842684,Middle East & North Africa,Lower middle income,2,8.15413359415124
Lebanon,LBN,2024,13.804888,,Middle East & North Africa,Lower middle income,2,
Lebanon,LBN,2025,13.814272,,Middle East & North Africa,Lower middle income,2,
Lesotho,LSO,1990,1.1370224,329.563785157203,Sub-Saharan Africa,Lower middle income,2,5.797769916868757
Lesotho,LSO,1991,1.1370224,382.291247739142,Sub-Saharan Africa,Lower middle income,2,5.946182746742008
Lesotho,LSO,1992,1.1370224,443.624297195576,Sub-Saharan Africa,Lower middle income,2,6.094978026734526
Lesotho,LSO,1993,1.1370224,439.365410681482,Sub-Saharan Africa,Lower middle income,2,6.085331437419751
Lesotho,LSO,1994,1.1370224,455.593586203956,Sub-Saharan Africa,Lower middle income,2,6.121601153782882
Lesotho,LSO,1995,1.1370224,513.413448796175,Sub-Saharan Africa,Lower middle income,2,6.241081463645511
Lesotho,LSO,1996,1.1370224,479.671394625707,Sub-Saharan Africa,Lower middle income,2,6.17310127493032
Lesotho,LSO,1997,1.1370224,501.981388900965,Sub-Saharan Africa,Lower middle income,2,6.218563045102015
Lesotho,LSO,1998,1.1370224,464.683745548265,Sub-Saharan Africa,Lower middle income,2,6.141357057102297
Lesotho,LSO,1999,1.1370224,455.650054387377,Sub-Saharan Africa,Lower middle income,2,6.121725090304308
Lesotho,LSO,2000,1.1370224,442.779545779081,Sub-Saharan Africa,Lower middle income,2,6.093072006856719
Lesotho,LSO,2001,1.1370224,412.677473676821,Sub-Saharan Africa,Lower middle income,2,6.022666352464918
Lesotho,LSO,2002,1.1370224,388.92334985135,Sub-Saharan Africa,Lower middle income,2,5.963382280118777
Lesotho,LSO,2003,1.1370224,583.270036200288,Sub-Saharan Africa,Lower middle income,2,6.368650262990948
Lesotho,LSO,2004,1.1370224,766.685820928242,Sub-Saharan Africa,Lower middle income,2,6.642077096756487
Lesotho,LSO,2005,1.1370224,861.381496414995,Sub-Saharan Africa,Lower middle income,2,6.758537491561566
Lesotho,LSO,2006,1.1370224,925.467485502842,Sub-Saharan Africa,Lower middle income,2,6.830298999578849
Lesotho,LSO,2007,1.1370224,861.188420899563,Sub-Saharan Africa,Lower middle income,2,6.758313320090441
Lesotho,LSO,2008,1.1370224,898.482517882593,Sub-Saharan Africa,Lower middle income,2,6.800707249031088
Lesotho,LSO,2009,1.1370224,878.847950537772,Sub-Saharan Africa,Lower middle income,2,6.778611902674362
Lesotho,LSO,2010,1.1370224,1119.47557793042,Sub-Saharan Africa,Lower middle income,2,7.020615620642678
Lesotho,LSO,2011,1.1370224,1280.73390931581,Sub-Saharan Africa,Lower middle income,2,7.155188559254785
Lesotho,LSO,2012,1.1370224,1217.93071228944,Sub-Saharan Africa,Lower middle income,2,7.104908560189874
Lesotho,LSO,2013,1.1370224,1151.03735837227,Sub-Saharan Africa,Lower middle income,2,7.048418865512506
Lesotho,LSO,2014,1.1370224,1173.5377928819,Sub-Saharan Africa,Lower middle income,2,7.067778220040416
Lesotho,LSO,2015,1.1370224,1121.19851342518,Sub-Saharan Africa,Lower middle income,2,7.022153493411392
Lesotho,LSO,2016,1.1370224,992.491840678465,Sub-Saharan Africa,Lower middle income,2,6.900218791548676
Lesotho,LSO,2017,1.1370224,1069.36673247542,Sub-Saharan Africa,Lower middle income,2,6.974821913442213
Lesotho,LSO,2018,1.1370224,1170.65569702819,Sub-Saharan Africa,Lower middle income,2,7.065319295622884
Lesotho,LSO,2019,1.1370224,1082.05706777516,Sub-Saharan Africa,Lower middle income,2,6.986619200876163
Lesotho,LSO,2020,1.1370224,918.582574704447,Sub-Saharan Africa,Lower middle income,2,6.8228318023066405
Lesotho,LSO,2021,1.1370224,1066.58645143823,Sub-Saharan Africa,Lower middle income,2,6.972218595515254
Lesotho,LSO,2022,1.1370224,1030.12582947757,Sub-Saharan Africa,Lower middle income,2,6.9374362383035315
Lesotho,LSO,2023,1.1370224,916.282976983803,Sub-Saharan Africa,Lower middle income,2,6.820325243804273
Lesotho,LSO,2024,1.1370224,971.90771824829,Sub-Saharan Africa,Lower middle income,2,6.87926085987957
Lesotho,LSO,2025,1.1370224,,Sub-Saharan Africa,Lower middle income,2,
Liberia,LBR,1990,83.14742,172.867610123278,Sub-Saharan Africa,Low income,1,5.152526042134315
Liberia,LBR,1991,83.14742,177.867006590279,Sub-Saharan Africa,Low income,1,5.18103611704624
Liberia,LBR,1992,83.14742,107.842801384441,Sub-Saharan Africa,Low income,1,4.680674624056203
Liberia,LBR,1993,83.14742,74.4272028642409,Sub-Saharan Africa,Low income,1,4.309821504908435
Liberia,LBR,1994,83.14742,61.490431307467,Sub-Saharan Africa,Low income,1,4.118881574210855
Liberia,LBR,1995,83.14742,62.1438140627579,Sub-Saharan Africa,Low income,1,4.129451280625858
Liberia,LBR,1996,83.14742,71.4065248720036,Sub-Saharan Africa,Low income,1,4.268389249932161
Liberia,LBR,1997,83.14742,122.627993745516,Sub-Saharan Africa,Low income,1,4.8091553314143525
Liberia,LBR,1998,83.14742,134.675393352518,Sub-Saharan Africa,Low income,1,4.902867389316132
Liberia,LBR,1999,83.14742,156.573166945696,Sub-Saharan Africa,Low income,1,5.05352342114637
Liberia,LBR,2000,83.14742,298.485340578945,Sub-Saharan Africa,Low income,1,5.698720821338416
Liberia,LBR,2001,82.74358,300.463828598983,Sub-Saharan Africa,Low income,1,5.705327376011267
Liberia,LBR,2002,82.339745,299.536445539621,Sub-Saharan Africa,Low income,1,5.702236098097439
Liberia,LBR,2003,81.9359,239.779556677091,Sub-Saharan Africa,Low income,1,5.47971998740421
Liberia,LBR,2004,81.53206,284.140223992458,Sub-Saharan Africa,Low income,1,5.649467862760852
Liberia,LBR,2005,81.12822,287.487333441381,Sub-Saharan Africa,Low income,1,5.661178801671644
Liberia,LBR,2006,80.72438,320.55808618515,Sub-Saharan Africa,Low income,1,5.770063496086552
Liberia,LBR,2007,80.32053,374.211308104278,Sub-Saharan Africa,Low income,1,5.924820632796214
Liberia,LBR,2008,79.916695,451.713856283285,Sub-Saharan Africa,Low income,1,6.113048918044138
Liberia,LBR,2009,79.512856,448.386367025545,Sub-Saharan Africa,Low income,1,6.105655287135327
Liberia,LBR,2010,79.10901,492.252808033724,Sub-Saharan Africa,Low income,1,6.198992421989961
Liberia,LBR,2011,77.898026,568.087865520004,Sub-Saharan Africa,Low income,1,6.3422760995743594
Liberia,LBR,2012,76.68704,638.368751462083,Sub-Saharan Africa,Low income,1,6.458916096726574
Liberia,LBR,2013,75.47606,710.744570927863,Sub-Saharan Africa,Low income,1,6.566313111990311
Liberia,LBR,2014,74.265076,706.714490064507,Sub-Saharan Africa,Low income,1,6.56062675132771
Liberia,LBR,2015,73.05409,692.590082351257,Sub-Saharan Africa,Low income,1,6.540438312419157
Liberia,LBR,2016,72.00104,714.613063145659,Sub-Saharan Africa,Low income,1,6.571741225782789
Liberia,LBR,2017,70.94798,699.269095727404,Sub-Saharan Africa,Low income,1,6.550035640579269
Liberia,LBR,2018,69.894936,692.203127129794,Sub-Saharan Africa,Low income,1,6.539879448859046
Liberia,LBR,2019,68.84188,658.164180770507,Sub-Saharan Africa,Low income,1,6.489454415050459
Liberia,LBR,2020,67.788826,616.787867006715,Sub-Saharan Africa,Low income,1,6.424525151184561
Liberia,LBR,2021,67.36752,667.96610514319,Sub-Saharan Africa,Low income,1,6.50423743144568
Liberia,LBR,2022,66.94622,744.617175237387,Sub-Saharan Africa,Low income,1,6.612870227567148
Liberia,LBR,2023,66.52492,799.194470229642,Sub-Saharan Africa,Low income,1,6.683604308178327
Liberia,LBR,2024,66.103615,851.497723870206,Sub-Saharan Africa,Low income,1,6.746996827016617
Liberia,LBR,2025,65.68231,,Sub-Saharan Africa,Low income,1,
Libya,LBY,1990,0.12332769,6502.27886565421,Middle East & North Africa,Upper middle income,3,8.779907989155793
Libya,LBY,1991,0.123138435,7039.83391970596,Middle East & North Africa,Upper middle income,3,8.85933985792296
Libya,LBY,1992,0.12294918,7302.68908679226,Middle East & North Africa,Upper middle income,3,8.895997927359362
Libya,LBY,1993,0.12275992,6477.87035840641,Middle East & North Africa,Upper middle income,3,8.776147086935529
Libya,LBY,1994,0.12257067,5933.29121354077,Middle East & North Africa,Upper middle income,3,8.688334348745427
Libya,LBY,1995,0.12238142,5205.25706378741,Middle East & North Africa,Upper middle income,3,8.55742436768494
Libya,LBY,1996,0.12219217,5591.02027544558,Middle East & North Africa,Upper middle income,3,8.628917067463565
Libya,LBY,1997,0.12200291,6061.81366033598,Middle East & North Africa,Upper middle income,3,8.709764318170697
Libya,LBY,1998,0.121813655,5301.08354775559,Middle East & North Africa,Upper middle income,3,8.57566652161735
Libya,LBY,1999,0.1216244,6894.51875534758,Middle East & North Africa,Upper middle income,3,8.838481991612795
Libya,LBY,2000,0.12143515,7214.10040377084,Middle East & North Africa,Upper middle income,3,8.88379277927221
Libya,LBY,2001,0.12124589,6312.80030498965,Middle East & North Africa,Upper middle income,3,8.75033464551972
Libya,LBY,2002,0.12105664,3718.29434696755,Middle East & North Africa,Upper middle income,3,8.221020333240164
Libya,LBY,2003,0.12086739,4674.09943200321,Middle East & North Africa,Upper middle income,3,8.449791788300685
Libya,LBY,2004,0.120678134,5773.76333234281,Middle East & North Africa,Upper middle income,3,8.66107937087275
Libya,LBY,2005,0.120488875,8079.24957329001,Middle East & North Africa,Upper middle income,3,8.997054272609208
Libya,LBY,2006,0.12029962,10048.8480434289,Middle East & North Africa,Upper middle income,3,9.215213284373167
Libya,LBY,2007,0.12011037,11144.9448413435,Middle East & North Africa,Upper middle income,3,9.318741296623648
Libya,LBY,2008,0.11992112,13906.1407818125,Middle East & North Africa,Upper middle income,3,9.540085804425674
Libya,LBY,2009,0.11973186,9551.05403869755,Middle East & North Africa,Upper middle income,3,9.164406797928642
Libya,LBY,2010,0.119542606,11600.9068649472,Middle East & North Africa,Upper middle income,3,9.358838552051404
Libya,LBY,2011,0.11935279,7593.8391525702,Middle East & North Africa,Upper middle income,3,8.9350925597102
Libya,LBY,2012,0.11916296,14975.8902795144,Middle East & North Africa,Upper middle income,3,9.61419687226922
Libya,LBY,2013,0.11897314,11951.7134126011,Middle East & North Africa,Upper middle income,3,9.388629928889092
Libya,LBY,2014,0.11878332,8926.42074591474,Middle East & North Africa,Upper middle income,3,9.096770781196238
Libya,LBY,2015,0.1185935,7458.48917756374,Middle East & North Africa,Upper middle income,3,8.917108149572451
Libya,LBY,2016,0.11840367,7525.80299308216,Middle East & North Africa,Upper middle income,3,8.926092793968106
Libya,LBY,2017,0.118213855,9965.83236729757,Middle East & North Africa,Upper middle income,3,9.206917758240078
Libya,LBY,2018,0.11802403,11196.5854810844,Middle East & North Africa,Upper middle income,3,9.32336414304124
Libya,LBY,2019,0.1178342,9963.19489084483,Middle East & North Africa,Upper middle income,3,9.206653071315426
Libya,LBY,2020,0.117644385,6650.33810585348,Middle East & North Africa,Upper middle income,3,8.802422975342925
Libya,LBY,2021,0.11745456,4935.82787349801,Middle East & North Africa,Upper middle income,3,8.504275693319578
Libya,LBY,2022,0.11726474,5986.63694851258,Middle East & North Africa,Upper middle income,3,8.697285089118841
Libya,LBY,2023,0.117074914,6026.51518708812,Middle East & North Africa,Upper middle income,3,8.70392421007635
Libya,LBY,2024,0.116885096,6569.16408678648,Middle East & North Africa,Upper middle income,3,8.790141871540236
Libya,LBY,2025,0.11669527,,Middle East & North Africa,Upper middle income,3,
Liechtenstein,LIE,1990,32.5,49457.5609343203,Europe & Central Asia,High income,4,10.808870225955681
Liechtenstein,LIE,1991,32.6125,50811.7464531317,Europe & Central Asia,High income,4,10.835882836229533
Liechtenstein,LIE,1992,32.725,55057.1110625654,Europe & Central Asia,High income,4,10.91612630842368
Liechtenstein,LIE,1993,32.8375,55604.5479972049,Europe & Central Asia,High income,4,10.926020275404237
Liechtenstein,LIE,1994,32.95,63935.9902445462,Europe & Central Asia,High income,4,11.065637709426667
Liechtenstein,LIE,1995,33.0625,78909.7043377718,Europe & Central Asia,High income,4,11.276059494679672
Liechtenstein,LIE,1996,33.175,80688.7182490376,Europe & Central Asia,High income,4,11.298354045836446
Liechtenstein,LIE,1997,33.2875,73590.8620289713,Europe & Central Asia,High income,4,11.20627613979376
Liechtenstein,LIE,1998,33.4,78302.9905905848,Europe & Central Asia,High income,4,11.268341075254437
Liechtenstein,LIE,1999,33.5125,82682.284882177,Europe & Central Asia,High income,4,11.322760648660314
Liechtenstein,LIE,2000,33.625,76087.911114202,Europe & Central Asia,High income,4,11.239644675964215
Liechtenstein,LIE,2001,33.73125,75067.8001680043,Europe & Central Asia,High income,4,11.22614698639457
Liechtenstein,LIE,2002,33.8375,79795.1785891101,Europe & Central Asia,High income,4,11.287218362929787
Liechtenstein,LIE,2003,33.94375,90108.3673647008,Europe & Central Asia,High income,4,11.408768306817256
Liechtenstein,LIE,2004,34.05,100280.831356705,Europe & Central Asia,High income,4,11.515729842591924
Liechtenstein,LIE,2005,34.15625,105295.057027611,Europe & Central Asia,High income,4,11.564521755212203
Liechtenstein,LIE,2006,34.2625,114167.939211301,Europe & Central Asia,High income,4,11.645425794330546
Liechtenstein,LIE,2007,34.36875,130492.595349517,Europe & Central Asia,High income,4,11.779071763518347
Liechtenstein,LIE,2008,34.475,143249.227302093,Europe & Central Asia,High income,4,11.872341240510732
Liechtenstein,LIE,2009,34.58125,126024.714567466,Europe & Central Asia,High income,4,11.744233314060079
Liechtenstein,LIE,2010,34.6875,141089.812849014,Europe & Central Asia,High income,4,11.857151937141046
Liechtenstein,LIE,2011,34.6875,158066.369379163,Europe & Central Asia,High income,4,11.97077028317066
Liechtenstein,LIE,2012,34.6875,148842.035144342,Europe & Central Asia,High income,4,11.910640855736752
Liechtenstein,LIE,2013,34.6875,172823.607794648,Europe & Central Asia,High income,4,12.060026745202533
Liechtenstein,LIE,2014,34.6875,178735.153020908,Europe & Central Asia,High income,4,12.093660397083687
Liechtenstein,LIE,2015,34.6875,167187.15730982,Europe & Central Asia,High income,4,12.026869166334706
Liechtenstein,LIE,2016,34.6875,165375.491396259,Europe & Central Asia,High income,4,12.015973872818792
Liechtenstein,LIE,2017,34.6875,170547.092298954,Europe & Central Asia,High income,4,12.046766738736073
Liechtenstein,LIE,2018,34.6875,174988.775083446,Europe & Central Asia,High income,4,12.072477108468131
Liechtenstein,LIE,2019,34.6875,166907.839305016,Europe & Central Asia,High income,4,12.025197078618863
Liechtenstein,LIE,2020,34.6875,164671.093553454,Europe & Central Asia,High income,4,12.011705391068443
Liechtenstein,LIE,2021,35.225,201944.830335076,Europe & Central Asia,High income,4,12.215749821926972
Liechtenstein,LIE,2022,35.7625,188055.003235348,Europe & Central Asia,High income,4,12.1444897694225
Liechtenstein,LIE,2023,36.3,206780.590353385,Europe & Central Asia,High income,4,12.23941356011961
Liechtenstein,LIE,2024,36.8375,,Europe & Central Asia,High income,4,
Liechtenstein,LIE,2025,37.375,,Europe & Central Asia,High income,4,
Lithuania,LTU,1990,31.068302,,Europe & Central Asia,High income,4,
Lithuania,LTU,1991,31.188103,,Europe & Central Asia,High income,4,
Lithuania,LTU,1992,31.307903,,Europe & Central Asia,High income,4,
Lithuania,LTU,1993,31.427704,,Europe & Central Asia,High income,4,
Lithuania,LTU,1994,31.547504,,Europe & Central Asia,High income,4,
Lithuania,LTU,1995,31.667305,2182.69156931505,Europe & Central Asia,High income,4,7.688314059034732
Lithuania,LTU,1996,31.787106,2340.67545970008,Europe & Central Asia,High income,4,7.758194824689532
Lithuania,LTU,1997,31.906906,2844.16286797492,Europe & Central Asia,High income,4,7.953024056503863
Lithuania,LTU,1998,32.026707,3180.64498555255,Europe & Central Asia,High income,4,8.064839280853338
Lithuania,LTU,1999,32.146507,3127.51176667183,Europe & Central Asia,High income,4,8.047993004659114
Lithuania,LTU,2000,32.266308,3300.63634928559,Europe & Central Asia,High income,4,8.101870561981501
Lithuania,LTU,2001,32.50591,3532.52787363242,Europe & Central Asia,High income,4,8.16976900515244
Lithuania,LTU,2002,32.74551,4148.13091485015,Europe & Central Asia,High income,4,8.330413129808505
Lithuania,LTU,2003,32.98511,5507.47434187652,Europe & Central Asia,High income,4,8.613861419905142
Lithuania,LTU,2004,33.224712,6734.57487061946,Europe & Central Asia,High income,4,8.815009964449706
Lithuania,LTU,2005,33.464314,7857.03148786492,Europe & Central Asia,High income,4,8.969164140787102
Lithuania,LTU,2006,33.70392,9210.10118229413,Europe & Central Asia,High income,4,9.128056115323004
Lithuania,LTU,2007,33.94352,12295.1212779366,Europe & Central Asia,High income,4,9.416957818606248
Lithuania,LTU,2008,34.18312,14955.5345462921,Europe & Central Asia,High income,4,9.612836714075684
Lithuania,LTU,2009,34.42272,11854.3711053096,Europe & Central Asia,High income,4,9.380451948193974
Lithuania,LTU,2010,34.662323,11829.122609457,Europe & Central Asia,High income,4,9.378319787650273
Lithuania,LTU,2011,34.716633,14261.8433787325,Europe & Central Asia,High income,4,9.565342954809571
Lithuania,LTU,2012,34.770943,14288.1853493139,Europe & Central Asia,High income,4,9.567188275408533
Lithuania,LTU,2013,34.825253,15636.5252586048,Europe & Central Asia,High income,4,9.65736481924992
Lithuania,LTU,2014,34.87956,16446.1647181663,Europe & Central Asia,High income,4,9.707847581178502
Lithuania,LTU,2015,34.93387,14269.8039878287,Europe & Central Asia,High income,4,9.565900974414994
Lithuania,LTU,2016,34.9824,14934.2702840428,Europe & Central Asia,High income,4,9.611413870001764
Lithuania,LTU,2017,35.030926,16800.1510246099,Europe & Central Asia,High income,4,9.729143154911057
Lithuania,LTU,2018,35.079453,19247.2315367967,Europe & Central Asia,High income,4,9.865122513103078
Lithuania,LTU,2019,35.12798,19608.7943945553,Europe & Central Asia,High income,4,9.883733438185496
Lithuania,LTU,2020,35.176506,20428.6478157394,Europe & Central Asia,High income,4,9.924693499411738
Lithuania,LTU,2021,35.22171,23870.4594851722,Europe & Central Asia,High income,4,10.08039696863115
Lithuania,LTU,2022,35.266914,25085.784063499,Europe & Central Asia,High income,4,10.130056592698534
Lithuania,LTU,2023,35.312122,27786.0057829276,Europe & Central Asia,High income,4,10.232287783832573
Lithuania,LTU,2024,35.357327,29384.0189598663,Europe & Central Asia,High income,4,10.28820623274386
Lithuania,LTU,2025,35.40253,,Europe & Central Asia,High income,4,
Luxembourg,LUX,1990,33.327377,33465.478207919,Europe & Central Asia,High income,4,10.418269685225532
Luxembourg,LUX,1991,33.362335,35747.3377992066,Europe & Central Asia,High income,4,10.484231078194277
Luxembourg,LUX,1992,33.397297,39570.8615665986,Europe & Central Asia,High income,4,10.585848307369593
Luxembourg,LUX,1993,33.432255,40066.7242518773,Europe & Central Asia,High income,4,10.598301449648977
Luxembourg,LUX,1994,33.467213,43933.235442736,Europe & Central Asia,High income,4,10.690426384217645
Luxembourg,LUX,1995,33.50217,51032.349635318,Europe & Central Asia,High income,4,10.84021501719394
Luxembourg,LUX,1996,33.537132,50444.3591236175,Europe & Central Asia,High income,4,10.828626208303803
Luxembourg,LUX,1997,33.57209,46641.6408754876,Europe & Central Asia,High income,4,10.750249002126944
Luxembourg,LUX,1998,33.607048,47445.3810812051,Europe & Central Asia,High income,4,10.767334456438098
Luxembourg,LUX,1999,33.642006,50872.4492684624,Europe & Central Asia,High income,4,10.837076784258743
Luxembourg,LUX,2000,33.676968,48659.5988753233,Europe & Central Asia,High income,4,10.792604372886425
Luxembourg,LUX,2001,33.75465,48440.1420151355,Europe & Central Asia,High income,4,10.788084129436792
Luxembourg,LUX,2002,33.832336,53005.7339209179,Europe & Central Asia,High income,4,10.878155373869577
Luxembourg,LUX,2003,33.910023,65689.3214536911,Europe & Central Asia,High income,4,11.092691656311036
Luxembourg,LUX,2004,33.98771,76544.9170868473,Europe & Central Asia,High income,4,11.245632998970708
Luxembourg,LUX,2005,34.065395,80988.1376230858,Europe & Central Asia,High income,4,11.302057973832154
Luxembourg,LUX,2006,34.14308,90788.8004876145,Europe & Central Asia,High income,4,11.416291214334638
Luxembourg,LUX,2007,34.220768,107475.320297978,Europe & Central Asia,High income,4,11.585016521569187
Luxembourg,LUX,2008,34.298454,120422.137934157,Europe & Central Asia,High income,4,11.698758664839888
Luxembourg,LUX,2009,34.37614,109419.746953106,Europe & Central Asia,High income,4,11.60294665499502
Luxembourg,LUX,2010,34.453827,110885.991378721,Europe & Central Asia,High income,4,11.616257847764778
Luxembourg,LUX,2011,34.453827,119025.057203467,Europe & Central Asia,High income,4,11.68708931466304
Luxembourg,LUX,2012,34.453827,112584.676270958,Europe & Central Asia,High income,4,11.631460895470681
Luxembourg,LUX,2013,34.453827,120000.140729859,Europe & Central Asia,High income,4,11.69524819451232
Luxembourg,LUX,2014,34.453827,123678.702143275,Europe & Central Asia,High income,4,11.725442370099268
Luxembourg,LUX,2015,34.453827,105462.012584423,Europe & Central Asia,High income,4,11.566106096767557
Luxembourg,LUX,2016,34.453827,106899.293549552,Europe & Central Asia,High income,4,11.57964248847448
Luxembourg,LUX,2017,34.453827,110193.213797228,Europe & Central Asia,High income,4,11.609990593017372
Luxembourg,LUX,2018,34.453827,116926.759593905,Europe & Central Asia,High income,4,11.669303031391737
Luxembourg,LUX,2019,34.453827,112696.649059674,Europe & Central Asia,High income,4,11.632454966308753
Luxembourg,LUX,2020,34.453827,116860.02817236,Europe & Central Asia,High income,4,11.66873215718627
Luxembourg,LUX,2021,34.453827,134965.815442152,Europe & Central Asia,High income,4,11.812776806408214
Luxembourg,LUX,2022,34.453827,123719.658915996,Europe & Central Asia,High income,4,11.72577346989249
Luxembourg,LUX,2023,34.453827,133230.619178899,Europe & Central Asia,High income,4,11.79983688438697
Luxembourg,LUX,2024,34.453827,137781.681659123,Europe & Central Asia,High income,4,11.83342569446625
Luxembourg,LUX,2025,34.453827,,Europe & Central Asia,High income,4,
Madagascar,MDG,1990,23.50832,326.099253221978,Sub-Saharan Africa,Low income,1,5.787201792764985
Madagascar,MDG,1991,23.3944,262.024402380479,Sub-Saharan Africa,Low income,1,5.568437638280733
Madagascar,MDG,1992,23.280481,290.2120463948,Sub-Saharan Africa,Low income,1,5.670611850252913
Madagascar,MDG,1993,23.166563,307.887603096441,Sub-Saharan Africa,Low income,1,5.729734791360684
Madagascar,MDG,1994,23.052643,258.723806434505,Sub-Saharan Africa,Low income,1,5.555761108284363
Madagascar,MDG,1995,22.938725,273.149653945976,Sub-Saharan Africa,Low income,1,5.610019827939866
Madagascar,MDG,1996,22.824806,339.877283663608,Sub-Saharan Africa,Low income,1,5.828584622058
Madagascar,MDG,1997,22.710886,284.371843967244,Sub-Saharan Africa,Low income,1,5.650282691506466
Madagascar,MDG,1998,22.596968,284.192923139852,Sub-Saharan Africa,Low income,1,5.649653314367223
Madagascar,MDG,1999,22.48305,267.360530991414,Sub-Saharan Africa,Low income,1,5.588598050899173
Madagascar,MDG,2000,22.369131,280.282905559649,Sub-Saharan Africa,Low income,1,5.635799470080714
Madagascar,MDG,2001,22.185545,319.283278235657,Sub-Saharan Africa,Low income,1,5.76607872827627
Madagascar,MDG,2002,22.001959,304.941777398445,Sub-Saharan Africa,Low income,1,5.720120864609286
Madagascar,MDG,2003,21.818375,352.620095849925,Sub-Saharan Africa,Low income,1,5.865391261674723
Madagascar,MDG,2004,21.634789,272.20074858856,Sub-Saharan Africa,Low income,1,5.606539840355245
Madagascar,MDG,2005,21.451202,305.812074924388,Sub-Saharan Africa,Low income,1,5.722970779060681
Madagascar,MDG,2006,21.267618,324.146874882604,Sub-Saharan Africa,Low income,1,5.7811967306138765
Madagascar,MDG,2007,21.084032,419.548001431865,Sub-Saharan Africa,Low income,1,6.039177944705316
Madagascar,MDG,2008,20.900446,512.579800058444,Sub-Saharan Africa,Low income,1,6.23945640632253
Madagascar,MDG,2009,20.716862,446.315238370592,Sub-Saharan Africa,Low income,1,6.101025514835874
Madagascar,MDG,2010,20.533276,450.009391645726,Sub-Saharan Africa,Low income,1,6.109268452870419
Madagascar,MDG,2011,20.258041,506.163691559309,Sub-Saharan Africa,Low income,1,6.226860118077619
Madagascar,MDG,2012,19.982805,493.511162904211,Sub-Saharan Africa,Low income,1,6.2015454784844
Madagascar,MDG,2013,19.70757,515.301589361832,Sub-Saharan Africa,Low income,1,6.244752339672197
Madagascar,MDG,2014,19.432335,505.684922503435,Sub-Saharan Africa,Low income,1,6.22591379254048
Madagascar,MDG,2015,19.157099,445.320069480568,Sub-Saharan Africa,Low income,1,6.098793280884405
Madagascar,MDG,2016,18.95011,453.970714522463,Sub-Saharan Africa,Low income,1,6.118032690503652
Madagascar,MDG,2017,18.743122,491.866848718929,Sub-Saharan Africa,Low income,1,6.198208047179571
Madagascar,MDG,2018,18.536133,500.45718552916,Sub-Saharan Africa,Low income,1,6.215522051697948
Madagascar,MDG,2019,18.329144,499.818837622534,Sub-Saharan Africa,Low income,1,6.214245708011786
Madagascar,MDG,2020,18.122156,450.771615201509,Sub-Saharan Africa,Low income,1,6.110960814791712
Madagascar,MDG,2021,17.908546,483.469463351195,Sub-Saharan Africa,Low income,1,6.180988155403887
Madagascar,MDG,2022,17.694937,503.51453347296,Sub-Saharan Africa,Low income,1,6.221612576633713
Madagascar,MDG,2023,17.481327,508.718427705591,Sub-Saharan Africa,Low income,1,6.231894676267143
Madagascar,MDG,2024,17.267717,544.987501003384,Sub-Saharan Africa,Low income,1,6.3007628604615125
Madagascar,MDG,2025,17.054108,,Sub-Saharan Africa,Low income,1,
Malawi,MWI,1990,37.142128,286.730598968269,Sub-Saharan Africa,Low income,1,5.65854309537101
Malawi,MWI,1991,36.696583,325.75273105931,Sub-Saharan Africa,Low income,1,5.786138599881736
Malawi,MWI,1992,36.251038,258.393430877557,Sub-Saharan Africa,Low income,1,5.554483349284819
Malawi,MWI,1993,35.805492,293.016883079922,Sub-Saharan Africa,Low income,1,5.680230228790197
Malawi,MWI,1994,35.359947,169.196526919639,Sub-Saharan Africa,Low income,1,5.131060920481777
Malawi,MWI,1995,34.914402,200.362370007247,Sub-Saharan Africa,Low income,1,5.300127577163952
Malawi,MWI,1996,34.468857,320.662735559137,Sub-Saharan Africa,Low income,1,5.770389902751362
Malawi,MWI,1997,34.023315,366.954461274104,Sub-Saharan Africa,Low income,1,5.905237756633761
Malawi,MWI,1998,33.57777,236.045479450504,Sub-Saharan Africa,Low income,1,5.464024495995546
Malawi,MWI,1999,33.132225,233.935986197873,Sub-Saharan Africa,Low income,1,5.455047514675495
Malawi,MWI,2000,32.68668,224.22415918428,Sub-Saharan Africa,Low income,1,5.412646262122045
Malawi,MWI,2001,32.241196,215.474524898357,Sub-Saharan Africa,Low income,1,5.372842688627247
Malawi,MWI,2002,31.795715,428.210439838398,Sub-Saharan Africa,Low income,1,6.059614756611291
Malawi,MWI,2003,31.350233,383.348596852642,Sub-Saharan Africa,Low income,1,5.948944749772933
Malawi,MWI,2004,30.904753,404.674248445428,Sub-Saharan Africa,Low income,1,6.003082418637669
Malawi,MWI,2005,30.45927,414.361121984475,Sub-Saharan Africa,Low income,1,6.026737868939096
Malawi,MWI,2006,30.013788,440.822149023873,Sub-Saharan Africa,Low income,1,6.088641503908185
Malawi,MWI,2007,29.568308,475.180261659331,Sub-Saharan Africa,Low income,1,6.163694230273571
Malawi,MWI,2008,29.122826,554.048820396119,Sub-Saharan Africa,Low income,1,6.317252806323339
Malawi,MWI,2009,28.677343,625.869729869625,Sub-Saharan Africa,Low income,1,6.439142250194645
Malawi,MWI,2010,28.231863,683.124694716799,Sub-Saharan Africa,Low income,1,6.526677412038552
Malawi,MWI,2011,27.78638,763.061000394572,Sub-Saharan Africa,Low income,1,6.637337976181271
Malawi,MWI,2012,27.340899,558.46208832772,Sub-Saharan Africa,Low income,1,6.325186734965685
Malawi,MWI,2013,26.895418,496.947368267313,Sub-Saharan Africa,Low income,1,6.208484121630423
Malawi,MWI,2014,26.449936,529.5133440206,Sub-Saharan Africa,Low income,1,6.271958365895966
Malawi,MWI,2015,26.004456,539.605363240686,Sub-Saharan Africa,Low income,1,6.2908380635738395
Malawi,MWI,2016,25.558973,450.506105510719,Sub-Saharan Africa,Low income,1,6.110371629699549
Malawi,MWI,2017,25.113491,495.769683367165,Sub-Saharan Africa,Low income,1,6.206111470831916
Malawi,MWI,2018,24.66801,533.202567189331,Sub-Saharan Africa,Low income,1,6.278901402976629
Malawi,MWI,2019,24.222528,580.889139762475,Sub-Saharan Africa,Low income,1,6.364559929286583
Malawi,MWI,2020,23.777046,602.507478176106,Sub-Saharan Africa,Low income,1,6.401100077198333
Malawi,MWI,2021,23.331566,617.446994451007,Sub-Saharan Africa,Low income,1,6.425593225872022
Malawi,MWI,2022,22.886084,604.269740360317,Sub-Saharan Africa,Low income,1,6.404020688243706
Malawi,MWI,2023,22.440603,633.214767978695,Sub-Saharan Africa,Low income,1,6.45080965050604
Malawi,MWI,2024,21.995121,522.570393642547,Sub-Saharan Africa,Low income,1,6.2587596994391435
Malawi,MWI,2025,21.549639,,Sub-Saharan Africa,Low income,1,
Malaysia,MYS,1990,62.75605,2468.69080320116,East Asia & Pacific,Upper middle income,3,7.811443249911782
Malaysia,MYS,1991,62.47385,2679.20101106745,East Asia & Pacific,Upper middle income,3,7.893273898856547
Malaysia,MYS,1992,62.19166,3141.43321987651,East Asia & Pacific,Upper middle income,3,8.052434414216618
Malaysia,MYS,1993,61.909462,3461.99504214189,East Asia & Pacific,Upper middle income,3,8.149600303655951
Malaysia,MYS,1994,61.62727,3757.65292858601,East Asia & Pacific,Upper middle income,3,8.23154982035608
Malaysia,MYS,1995,61.345074,4363.14458333034,East Asia & Pacific,Upper middle income,3,8.38094831108711
Malaysia,MYS,1996,61.06288,4837.16897250768,East Asia & Pacific,Upper middle income,3,8.48408490554086
Malaysia,MYS,1997,60.780685,4678.56390058182,East Asia & Pacific,Upper middle income,3,8.450746482970843
Malaysia,MYS,1998,60.498493,3294.30978444095,East Asia & Pacific,Upper middle income,3,8.099951951379666
Malaysia,MYS,1999,60.216297,3527.81581379249,East Asia & Pacific,Upper middle income,3,8.168434208788932
Malaysia,MYS,2000,59.934105,4083.52874483605,East Asia & Pacific,Upper middle income,3,8.314716782037923
Malaysia,MYS,2001,59.707745,3943.79943910239,East Asia & Pacific,Upper middle income,3,8.279899862274945
Malaysia,MYS,2002,59.481388,4184.03163773539,East Asia & Pacific,Upper middle income,3,8.339030567316406
Malaysia,MYS,2003,59.255028,4465.32194567208,East Asia & Pacific,Upper middle income,3,8.404096595005068
Malaysia,MYS,2004,59.02867,4939.24851854427,East Asia & Pacific,Upper middle income,3,8.504968476858108
Malaysia,MYS,2005,58.802315,5555.58179951206,East Asia & Pacific,Upper middle income,3,8.622558430975078
Malaysia,MYS,2006,58.575954,6158.40785533236,East Asia & Pacific,Upper middle income,3,8.725573558076272
Malaysia,MYS,2007,58.349598,7168.93031942508,East Asia & Pacific,Upper middle income,3,8.877511734099272
Malaysia,MYS,2008,58.123238,8371.82156086005,East Asia & Pacific,Upper middle income,3,9.03262676953799
Malaysia,MYS,2009,57.89688,7191.43287234626,East Asia & Pacific,Upper middle income,3,8.880645717695472
Malaysia,MYS,2010,57.67052,8899.34505544675,East Asia & Pacific,Upper middle income,3,9.09373296373676
Malaysia,MYS,2011,57.984978,10217.1068585031,East Asia & Pacific,Upper middle income,3,9.231818737429077
Malaysia,MYS,2012,58.29943,10600.5744240026,East Asia & Pacific,Upper middle income,3,9.268663469575523
Malaysia,MYS,2013,58.613884,10713.6407638899,East Asia & Pacific,Upper middle income,3,9.279273046281045
Malaysia,MYS,2014,58.92834,11013.3107334403,East Asia & Pacific,Upper middle income,3,9.3068598869163
Malaysia,MYS,2015,59.242794,9648.6797937523,East Asia & Pacific,Upper middle income,3,9.17457637603625
Malaysia,MYS,2016,59.072666,9476.53409809923,East Asia & Pacific,Upper middle income,3,9.156573926934232
Malaysia,MYS,2017,58.902534,9862.54806612235,East Asia & Pacific,Upper middle income,3,9.196499838766826
Malaysia,MYS,2018,58.732407,10901.8019954421,East Asia & Pacific,Upper middle income,3,9.296683375236038
Malaysia,MYS,2019,58.562275,10920.191763972,East Asia & Pacific,Upper middle income,3,9.298368809948004
Malaysia,MYS,2020,58.392147,9957.52626697613,East Asia & Pacific,Upper middle income,3,9.206083952961045
Malaysia,MYS,2021,58.209526,10903.1037480772,East Asia & Pacific,Upper middle income,3,9.29680277521437
Malaysia,MYS,2022,58.026905,11754.5678336248,East Asia & Pacific,Upper middle income,3,9.371997195825758
Malaysia,MYS,2023,57.844284,11386.0395636528,East Asia & Pacific,Upper middle income,3,9.340143284268104
Malaysia,MYS,2024,57.661663,11874.4273684245,East Asia & Pacific,Upper middle income,3,9.382142406133784
Malaysia,MYS,2025,57.479046,,East Asia & Pacific,Upper middle income,3,
Maldives,MDV,1990,12.4,956.763019768672,South Asia,Upper middle income,3,6.863555732542116
Maldives,MDV,1991,12.4,1054.33413828759,South Asia,Upper middle income,3,6.960664698109511
Maldives,MDV,1992,12.4,1194.2325242813,South Asia,Upper middle income,3,7.0852590189465925
Maldives,MDV,1993,12.4,1316.614548774,South Asia,Upper middle income,3,7.182818985234002
Maldives,MDV,1994,12.4,1419.39276513408,South Asia,Upper middle income,3,7.257984428948175
Maldives,MDV,1995,12.4,1554.60942754604,South Asia,Upper middle income,3,7.34897962106825
Maldives,MDV,1996,12.4,1716.74281753716,South Asia,Upper middle income,3,7.448184063736193
Maldives,MDV,1997,12.4,1898.43225010526,South Asia,Upper middle income,3,7.548783693022592
Maldives,MDV,1998,12.4,1980.38448396751,South Asia,Upper middle income,3,7.591046288659317
Maldives,MDV,1999,12.4,2124.06007530631,South Asia,Upper middle income,3,7.6610846660043626
Maldives,MDV,2000,12.4,2213.81235053178,South Asia,Upper middle income,3,7.70247135381923
Maldives,MDV,2001,12.4,3033.93234507036,South Asia,Upper middle income,3,8.017614860737757
Maldives,MDV,2002,12.4,3076.07007160101,South Asia,Upper middle income,3,8.031408110470432
Maldives,MDV,2003,12.4,3548.5767011056,South Asia,Upper middle income,3,8.174301872809806
Maldives,MDV,2004,12.4,4070.2609459446,South Asia,Upper middle income,3,8.311462390864097
Maldives,MDV,2005,12.4,3796.51546524644,South Asia,Upper middle income,3,8.241838942198644
Maldives,MDV,2006,12.4,5018.94335409159,South Asia,Upper middle income,3,8.520974703297478
Maldives,MDV,2007,12.4,5758.10286933053,South Asia,Upper middle income,3,8.658363336474594
Maldives,MDV,2008,12.4,6757.43280929292,South Asia,Upper middle income,3,8.818398334970267
Maldives,MDV,2009,12.4,6734.03165601895,South Asia,Upper middle income,3,8.814929300633485
Maldives,MDV,2010,12.4,7173.59601844692,South Asia,Upper middle income,3,8.878162344609096
Maldives,MDV,2011,12.4,7424.520410971,South Asia,Upper middle income,3,8.912543370469788
Maldives,MDV,2012,12.4,7461.29703686309,South Asia,Upper middle income,3,8.917484543616192
Maldives,MDV,2013,12.4,8236.08177944126,South Asia,Upper middle income,3,9.016279997608006
Maldives,MDV,2014,12.4,8939.07416571472,South Asia,Upper middle income,3,9.098187301922739
Maldives,MDV,2015,12.4,9644.90655028145,South Asia,Upper middle income,3,9.174185236364064
Maldives,MDV,2016,12.4,9947.80744731739,South Asia,Upper middle income,3,9.205107448816927
Maldives,MDV,2017,12.4,10509.628805812,South Asia,Upper middle income,3,9.26004714505624
Maldives,MDV,2018,12.4,11423.2838427029,South Asia,Upper middle income,3,9.343408993775306
Maldives,MDV,2019,12.4,11740.2724029785,South Asia,Upper middle income,3,9.370780296092331
Maldives,MDV,2020,12.4,7393.8886543933,South Asia,Upper middle income,3,8.908409080469653
Maldives,MDV,2021,12.4,10176.143882547,South Asia,Upper middle income,3,9.22780142488118
Maldives,MDV,2022,12.4,11786.0191492983,South Asia,Upper middle income,3,9.374669290146098
Maldives,MDV,2023,12.4,12587.6126038651,South Asia,Upper middle income,3,9.440468482676188
Maldives,MDV,2024,12.4,13379.3513577224,South Asia,Upper middle income,3,9.501467854011015
Maldives,MDV,2025,12.4,,South Asia,Upper middle income,3,
Mali,MLI,1990,11.472279,353.903252431339,Sub-Saharan Africa,Low income,1,5.869023577564454
Mali,MLI,1991,11.389877,381.993534670324,Sub-Saharan Africa,Low income,1,5.945403683516551
Mali,MLI,1992,11.307475,385.278654489301,Sub-Saharan Africa,Low income,1,5.9539668503811685
Mali,MLI,1993,11.225073,372.412257655559,Sub-Saharan Africa,Low income,1,5.9200014601554125
Mali,MLI,1994,11.142672,266.455340167693,Sub-Saharan Africa,Low income,1,5.585206650454857
Mali,MLI,1995,11.060269,331.193112410921,Sub-Saharan Africa,Low income,1,5.802701626434122
Mali,MLI,1996,10.977867,359.662096047648,Sub-Saharan Africa,Low income,1,5.885164968578735
Mali,MLI,1997,10.895466,320.75152297828,Sub-Saharan Africa,Low income,1,5.770666751663055
Mali,MLI,1998,10.813064,356.647044025322,Sub-Saharan Africa,Low income,1,5.8767466205229315
Mali,MLI,1999,10.730661,364.415678427556,Sub-Saharan Africa,Low income,1,5.898295189782842
Mali,MLI,2000,10.64826,304.652870194271,Sub-Saharan Africa,Low income,1,5.719172997934453
Mali,MLI,2001,10.565858,346.224554251022,Sub-Saharan Africa,Low income,1,5.847087565273326
Mali,MLI,2002,10.483456,378.191678628285,Sub-Saharan Africa,Low income,1,5.935401153412982
Mali,MLI,2003,10.401054,441.910358475095,Sub-Saharan Africa,Low income,1,6.0911070526293205
Mali,MLI,2004,10.318652,495.006294680645,Sub-Saharan Africa,Low income,1,6.204570479014391
Mali,MLI,2005,10.23625,548.730382842725,Sub-Saharan Africa,Low income,1,6.307607214944409
Mali,MLI,2006,10.153848,586.985415515264,Sub-Saharan Africa,Low income,1,6.374999973719203
Mali,MLI,2007,10.071446,670.853394973479,Sub-Saharan Africa,Low income,1,6.508550625727975
Mali,MLI,2008,9.989044,767.19483895009,Sub-Saharan Africa,Low income,1,6.6427407964221095
Mali,MLI,2009,9.906642,787.482564287398,Sub-Saharan Africa,Low income,1,6.66884122986725
Mali,MLI,2010,9.824241,797.151541135109,Sub-Saharan Africa,Low income,1,6.681044800157795
Mali,MLI,2011,9.741838,938.292902583696,Sub-Saharan Africa,Low income,1,6.844062163144723
Mali,MLI,2012,9.659436,872.506092465564,Sub-Saharan Africa,Low income,1,6.771369636820758
Mali,MLI,2013,9.577035,901.920957644831,Sub-Saharan Africa,Low income,1,6.804526886117372
Mali,MLI,2014,9.494633,947.915033288325,Sub-Saharan Africa,Low income,1,6.854264870905262
Mali,MLI,2015,9.4122305,838.11986940103,Sub-Saharan Africa,Low income,1,6.731161132497182
Mali,MLI,2016,9.329829,872.468587171653,Sub-Saharan Africa,Low income,1,6.771326650186792
Mali,MLI,2017,9.247427,924.057531692284,Sub-Saharan Africa,Low income,1,6.8287743334396165
Mali,MLI,2018,9.165025,996.379292136901,Sub-Saharan Africa,Low income,1,6.904128000491313
Mali,MLI,2019,9.0826235,971.949318638092,Sub-Saharan Africa,Low income,1,6.879303661782198
Mali,MLI,2020,9.000221,953.242943290974,Sub-Saharan Africa,Low income,1,6.85986979592084
Mali,MLI,2021,8.917819,1027.27345365357,Sub-Saharan Africa,Low income,1,6.934663438998207
Mali,MLI,2022,8.835418,976.914116406452,Sub-Saharan Africa,Low income,1,6.884398742760709
Mali,MLI,2023,8.7530155,1043.9533853528,Sub-Saharan Africa,Low income,1,6.9507701174005305
Mali,MLI,2024,8.670613,1094.61949265799,Sub-Saharan Africa,Low income,1,6.998162086570615
Mali,MLI,2025,8.588212,,Sub-Saharan Africa,Low income,1,
Malta,MLT,1990,1.09375,7192.38994693962,Middle East & North Africa,High income,4,8.880778794222733
Malta,MLT,1991,1.09375,7558.75921583164,Middle East & North Africa,High income,4,8.93046233081362
Malta,MLT,1992,1.09375,8220.33403924666,Middle East & North Africa,High income,4,9.014366124602489
Malta,MLT,1993,1.09375,7296.35111127489,Middle East & North Africa,High income,4,8.895129654400378
Malta,MLT,1994,1.09375,8000.3453286604,Middle East & North Africa,High income,4,8.987239985812895
Malta,MLT,1995,1.09375,9828.32354719517,Middle East & North Africa,High income,4,9.193023654059216
Malta,MLT,1996,1.09375,10061.850192141,Middle East & North Africa,High income,4,9.21650634246309
Malta,MLT,1997,1.09375,9893.18898998688,Middle East & North Africa,High income,4,9.199601818545878
Malta,MLT,1998,1.09375,10408.1157380149,Middle East & North Africa,High income,4,9.250341140231868
Malta,MLT,1999,1.09375,10609.1104477299,Middle East & North Africa,High income,4,9.269468387162918
Malta,MLT,2000,1.09375,10348.4858902403,Middle East & North Africa,High income,4,9.244595497193934
Malta,MLT,2001,1.09375,10357.7025891731,Middle East & North Africa,High income,4,9.245485733419752
Malta,MLT,2002,1.09375,11251.2025296416,Middle East & North Africa,High income,4,9.328230293443772
Malta,MLT,2003,1.09375,13593.9787155682,Middle East & North Africa,High income,4,9.517382232182849
Malta,MLT,2004,1.09375,15212.1313438497,Middle East & North Africa,High income,4,9.629848503237124
Malta,MLT,2005,1.09375,15831.344048672,Middle East & North Africa,High income,4,9.669747054430136
Malta,MLT,2006,1.09375,16653.6036929688,Middle East & North Africa,High income,4,9.720381910005406
Malta,MLT,2007,1.09375,19444.1741958382,Middle East & North Africa,High income,4,9.875302776973097
Malta,MLT,2008,1.09375,22315.3104212988,Middle East & North Africa,High income,4,10.013028287847135
Malta,MLT,2009,1.09375,21176.3218262672,Middle East & North Africa,High income,4,9.960638941480687
Malta,MLT,2010,1.09375,21946.6069636029,Middle East & North Africa,High income,4,9.996367826308678
Malta,MLT,2011,1.09375,23516.9691234302,Middle East & North Africa,High income,4,10.065477529909174
Malta,MLT,2012,1.09375,22878.3130866521,Middle East & North Africa,High income,4,10.037944714045397
Malta,MLT,2013,1.09375,25415.5566867731,Middle East & North Africa,High income,4,10.143116733507853
Malta,MLT,2014,1.09375,27424.5765646694,Middle East & North Africa,High income,4,10.219194845267424
Malta,MLT,2015,1.09375,25529.6813337717,Middle East & North Africa,High income,4,10.147597028127535
Malta,MLT,2016,1.1625,26459.0770929988,Middle East & North Africa,High income,4,10.183354557733317
Malta,MLT,2017,1.23125,30317.2443175543,Middle East & North Africa,High income,4,10.31947194900167
Malta,MLT,2018,1.3,33382.2677499267,Middle East & North Africa,High income,4,10.415780132293648
Malta,MLT,2019,1.36875,32421.9179752262,Middle East & North Africa,High income,4,10.386589953787338
Malta,MLT,2020,1.4375,31823.4363934505,Middle East & North Africa,High income,4,10.36795829082665
Malta,MLT,2021,1.44375,38096.8360735119,Middle East & North Africa,High income,4,10.54788651497658
Malta,MLT,2022,1.45,35638.8869457406,Middle East & North Africa,High income,4,10.481192650618405
Malta,MLT,2023,1.45625,40905.8059585057,Middle East & North Africa,High income,4,10.619027286931928
Malta,MLT,2024,1.4625,43898.5781808597,Middle East & North Africa,High income,4,10.689637210859036
Malta,MLT,2025,1.46875,,Middle East & North Africa,High income,4,
Marshall Islands,MHL,1990,52.22222,1758.40820990836,East Asia & Pacific,Upper middle income,3,7.47216425260363
Marshall Islands,MHL,1991,52.22222,1810.63465589888,East Asia & Pacific,Upper middle income,3,7.5014327014186835
Marshall Islands,MHL,1992,52.22222,1963.07234629646,East Asia & Pacific,Upper middle income,3,7.582266048562418
Marshall Islands,MHL,1993,52.22222,2112.01240099378,East Asia & Pacific,Upper middle income,3,7.6553965164915745
Marshall Islands,MHL,1994,52.22222,2265.0695841717,East Asia & Pacific,Upper middle income,3,7.725360758933848
Marshall Islands,MHL,1995,52.22222,2490.98744457796,East Asia & Pacific,Upper middle income,3,7.8204344749355315
Marshall Islands,MHL,1996,52.22222,2272.84469502819,East Asia & Pacific,Upper middle income,3,7.728787495529739
Marshall Islands,MHL,1997,52.22222,2230.75377088451,East Asia & Pacific,Upper middle income,3,7.710094821189909
Marshall Islands,MHL,1998,52.22222,2254.16054870567,East Asia & Pacific,Upper middle income,3,7.720532920415219
Marshall Islands,MHL,1999,52.22222,2257.92000318712,East Asia & Pacific,Upper middle income,3,7.7221993159097915
Marshall Islands,MHL,2000,52.22222,2264.79114897645,East Asia & Pacific,Upper middle income,3,7.7252378257083025
Marshall Islands,MHL,2001,52.22222,2394.34501105178,East Asia & Pacific,Upper middle income,3,7.780864990626504
Marshall Islands,MHL,2002,52.22222,2566.06708799222,East Asia & Pacific,Upper middle income,3,7.850129689803496
Marshall Islands,MHL,2003,52.22222,2539.3307383954,East Asia & Pacific,Upper middle income,3,7.839655836472596
Marshall Islands,MHL,2004,52.22222,2566.08291015814,East Asia & Pacific,Upper middle income,3,7.850135855705087
Marshall Islands,MHL,2005,52.22222,2658.65217893885,East Asia & Pacific,Upper middle income,3,7.885574573713049
Marshall Islands,MHL,2006,52.22222,2754.26988767503,East Asia & Pacific,Upper middle income,3,7.920907672916636
Marshall Islands,MHL,2007,52.22222,2892.28403958874,East Asia & Pacific,Upper middle income,3,7.969801794081246
Marshall Islands,MHL,2008,52.22222,2817.60522775322,East Asia & Pacific,Upper middle income,3,7.943642593132476
Marshall Islands,MHL,2009,52.22222,2906.63026970914,East Asia & Pacific,Upper middle income,3,7.974749706267459
Marshall Islands,MHL,2010,52.22222,3095.45768964722,East Asia & Pacific,Upper middle income,3,8.037691054523835
Marshall Islands,MHL,2011,52.22222,3319.39815439151,East Asia & Pacific,Upper middle income,3,8.10753876667981
Marshall Islands,MHL,2012,52.22222,3514.26515490383,East Asia & Pacific,Upper middle income,3,8.16458572261741
Marshall Islands,MHL,2013,52.22222,3677.90690791421,East Asia & Pacific,Upper middle income,3,8.210099094325791
Marshall Islands,MHL,2014,52.22222,3735.23977829545,East Asia & Pacific,Upper middle income,3,8.2255672931758
Marshall Islands,MHL,2015,52.22222,3764.34426229508,East Asia & Pacific,Upper middle income,3,8.233328958344115
Marshall Islands,MHL,2016,52.566666,4229.80988911945,East Asia & Pacific,Upper middle income,3,8.349912327559757
Marshall Islands,MHL,2017,52.91111,4592.83457628576,East Asia & Pacific,Upper middle income,3,8.432252667192481
Marshall Islands,MHL,2018,53.255554,4858.12079054875,East Asia & Pacific,Upper middle income,3,8.488406973507587
Marshall Islands,MHL,2019,53.6,5292.33985502306,East Asia & Pacific,Upper middle income,3,8.574015743698697
Marshall Islands,MHL,2020,53.944443,5661.96787336674,East Asia & Pacific,Upper middle income,3,8.641526791577107
Marshall Islands,MHL,2021,53.944443,6315.31279603534,East Asia & Pacific,Upper middle income,3,8.750732565788368
Marshall Islands,MHL,2022,53.944443,6455.66062185762,East Asia & Pacific,Upper middle income,3,8.772712640702126
Marshall Islands,MHL,2023,53.944443,6793.24495895856,East Asia & Pacific,Upper middle income,3,8.823684009038496
Marshall Islands,MHL,2024,53.944443,7726.33668877794,East Asia & Pacific,Upper middle income,3,8.952390120943276
Marshall Islands,MHL,2025,53.944443,,East Asia & Pacific,Upper middle income,3,
Mauritania,MRT,1990,0.8995343,772.033092140219,Sub-Saharan Africa,Lower middle income,2,6.649027414572683
Mauritania,MRT,1991,0.902084,1061.67704285264,Sub-Saharan Africa,Lower middle income,2,6.967605052777967
Mauritania,MRT,1992,0.90463376,1036.47437808576,Sub-Saharan Africa,Lower middle income,2,6.943580211923178
Mauritania,MRT,1993,0.90718347,849.620301696661,Sub-Saharan Africa,Lower middle income,2,6.744789545796178
Mauritania,MRT,1994,0.9097332,864.599478365453,Sub-Saharan Africa,Lower middle income,2,6.762266368908636
Mauritania,MRT,1995,0.91228294,904.719170071042,Sub-Saharan Africa,Lower middle income,2,6.807624586230263
Mauritania,MRT,1996,0.91483265,904.120879798142,Sub-Saharan Africa,Lower middle income,2,6.806963068043775
Mauritania,MRT,1997,0.91738236,859.28395817576,Sub-Saharan Africa,Lower middle income,2,6.756099435665646
Mauritania,MRT,1998,0.91993207,821.266378551937,Sub-Saharan Africa,Lower middle income,2,6.710847513042189
Mauritania,MRT,1999,0.92248183,781.337033563197,Sub-Saharan Africa,Lower middle income,2,6.661006597806654
Mauritania,MRT,2000,0.92503154,680.911061879778,Sub-Saharan Africa,Lower middle income,2,6.523431698325202
Mauritania,MRT,2001,0.9275803,651.817840199777,Sub-Saharan Africa,Lower middle income,2,6.479765136694398
Mauritania,MRT,2002,0.93012905,648.879643934862,Sub-Saharan Africa,Lower middle income,2,6.475247251023901
Mauritania,MRT,2003,0.9326778,732.017820812675,Sub-Saharan Africa,Lower middle income,2,6.595804859037474
Mauritania,MRT,2004,0.93522656,823.554457141893,Sub-Saharan Africa,Lower middle income,2,6.713629676322464
Mauritania,MRT,2005,0.9377753,998.96583416747,Sub-Saharan Africa,Lower middle income,2,6.906720578031156
Mauritania,MRT,2006,0.94032407,1300.60367988659,Sub-Saharan Africa,Lower middle income,2,7.170583804807175
Mauritania,MRT,2007,0.9428728,1405.15016203368,Sub-Saharan Africa,Lower middle income,2,7.247899452949217
Mauritania,MRT,2008,0.9454216,1635.5630623124,Sub-Saharan Africa,Lower middle income,2,7.399742404665164
Mauritania,MRT,2009,0.94797033,1435.43010811893,Sub-Saharan Africa,Lower middle income,2,7.269219810196731
Mauritania,MRT,2010,0.9505191,1659.96369705455,Sub-Saharan Africa,Lower middle income,2,7.414551011867206
Mauritania,MRT,2011,0.9530688,1931.19975525465,Sub-Saharan Africa,Lower middle income,2,7.565896723610994
Mauritania,MRT,2012,0.9556185,1859.11733247641,Sub-Saharan Africa,Lower middle income,2,7.527857101639568
Mauritania,MRT,2013,0.9581682,1934.24103064714,Sub-Saharan Africa,Lower middle income,2,7.567470296297003
Mauritania,MRT,2014,0.960718,1713.00865264234,Sub-Saharan Africa,Lower middle income,2,7.446006549474434
Mauritania,MRT,2015,0.9632677,1554.94897871782,Sub-Saharan Africa,Lower middle income,2,7.349198012961096
Mauritania,MRT,2016,0.9658174,1565.76575722696,Sub-Saharan Africa,Lower middle income,2,7.356130285047657
Mauritania,MRT,2017,0.9683671,1615.00401327323,Sub-Saharan Africa,Lower middle income,2,7.387092720652573
Mauritania,MRT,2018,0.97091687,1722.93528854073,Sub-Saharan Africa,Lower middle income,2,7.451784678388348
Mauritania,MRT,2019,0.9734666,1767.072710621,Sub-Saharan Africa,Lower middle income,2,7.477079620664377
Mauritania,MRT,2020,0.9760163,1795.76459566714,Sub-Saharan Africa,Lower middle income,2,7.49318616881671
Mauritania,MRT,2021,0.97856796,1947.78918383313,Sub-Saharan Africa,Lower middle income,2,7.574450256494497
Mauritania,MRT,2022,0.98111963,1960.35240077424,Sub-Saharan Africa,Lower middle income,2,7.580879532376531
Mauritania,MRT,2023,0.9836713,2135.78187606359,Sub-Saharan Africa,Lower middle income,2,7.666588076917935
Mauritania,MRT,2024,0.986223,2110.12036938187,Sub-Saharan Africa,Lower middle income,2,7.654500271943401
Mauritania,MRT,2025,0.9887746,,Sub-Saharan Africa,Lower middle income,2,
Mauritius,MUS,1990,20.56585,2539.92846467452,Sub-Saharan Africa,Upper middle income,3,7.839891196102014
Mauritius,MUS,1991,20.608913,2705.26648158805,Sub-Saharan Africa,Upper middle income,3,7.902955700878648
Mauritius,MUS,1992,20.651978,3013.23706337167,Sub-Saharan Africa,Upper middle income,3,8.010770216211638
Mauritius,MUS,1993,20.695042,3013.83313790492,Sub-Saharan Africa,Upper middle income,3,8.01096801531312
Mauritius,MUS,1994,20.738108,3240.38624662702,Sub-Saharan Africa,Upper middle income,3,8.083447813603119
Mauritius,MUS,1995,20.781172,3648.01649622256,Sub-Saharan Africa,Upper middle income,3,8.20193887317483
Mauritius,MUS,1996,20.824236,3951.94494649336,Sub-Saharan Africa,Upper middle income,3,8.281963128227549
Mauritius,MUS,1997,20.8673,3695.73668844327,Sub-Saharan Africa,Upper middle income,3,8.21493518791941
Mauritius,MUS,1998,20.910366,3641.62142564086,Sub-Saharan Africa,Upper middle income,3,8.200184308053531
Mauritius,MUS,1999,20.95343,3745.69625069831,Sub-Saharan Africa,Upper middle income,3,8.228362793410518
Mauritius,MUS,2000,20.996494,3981.98343249582,Sub-Saharan Africa,Upper middle income,3,8.289535324016747
Mauritius,MUS,2001,20.817726,3908.55694927435,Sub-Saharan Africa,Upper middle income,3,8.27092351817579
Mauritius,MUS,2002,20.638958,4073.06053055903,Sub-Saharan Africa,Upper middle income,3,8.312149968956845
Mauritius,MUS,2003,20.46019,4858.26575549747,Sub-Saharan Africa,Upper middle income,3,8.488436812779224
Mauritius,MUS,2004,20.281422,5460.60800184198,Sub-Saharan Africa,Upper middle income,3,8.605315418188084
Mauritius,MUS,2005,20.102654,5354.02974260642,Sub-Saharan Africa,Upper middle income,3,8.585604779277125
Mauritius,MUS,2006,19.923885,5784.22491883026,Sub-Saharan Africa,Upper middle income,3,8.662889649463986
Mauritius,MUS,2007,19.745117,6677.34962448608,Sub-Saharan Africa,Upper middle income,3,8.80647642499802
Mauritius,MUS,2008,19.566349,8140.50808595895,Sub-Saharan Africa,Upper middle income,3,9.004607875471113
Mauritius,MUS,2009,19.38758,7426.88645617593,Sub-Saharan Africa,Upper middle income,3,8.91286199957289
Mauritius,MUS,2010,19.208813,8113.17670740212,Sub-Saharan Africa,Upper middle income,3,9.00124477292973
Mauritius,MUS,2011,19.202805,9324.24232310496,Sub-Saharan Africa,Upper middle income,3,9.140372988996932
Mauritius,MUS,2012,19.196795,9421.52514098225,Sub-Saharan Africa,Upper middle income,3,9.15075225902815
Mauritius,MUS,2013,19.190786,9877.13865958834,Sub-Saharan Africa,Upper middle income,3,9.197978139443618
Mauritius,MUS,2014,19.184776,10490.3315563853,Sub-Saharan Africa,Upper middle income,3,9.258209307791265
Mauritius,MUS,2015,19.178768,9630.5437837507,Sub-Saharan Africa,Upper middle income,3,9.172694970877131
Mauritius,MUS,2016,19.177767,10095.1225574156,Sub-Saharan Africa,Upper middle income,3,9.21980767108093
Mauritius,MUS,2017,19.176765,10986.7034093005,Sub-Saharan Africa,Upper middle income,3,9.304441039642834
Mauritius,MUS,2018,19.175764,11818.7480619272,Sub-Saharan Africa,Upper middle income,3,9.377442368423862
Mauritius,MUS,2019,19.174763,11568.2533399824,Sub-Saharan Africa,Upper middle income,3,9.356019844226378
Mauritius,MUS,2020,19.173761,9135.84773751062,Sub-Saharan Africa,Upper middle income,3,9.119961265547476
Mauritius,MUS,2021,19.173761,9177.71195973013,Sub-Saharan Africa,Upper middle income,3,9.124533210689158
Mauritius,MUS,2022,19.173761,10246.5017455553,Sub-Saharan Africa,Upper middle income,3,9.234691633196247
Mauritius,MUS,2023,19.173761,11269.9684462139,Sub-Saharan Africa,Upper middle income,3,9.329896807226344
Mauritius,MUS,2024,19.173761,11990.7798944837,Sub-Saharan Africa,Upper middle income,3,9.391893291317684
Mauritius,MUS,2025,19.173761,,Sub-Saharan Africa,Upper middle income,3,
Mexico,MEX,1990,36.937126,3154.46920349038,Latin America & Caribbean,Upper middle income,3,8.056575521040235
Mexico,MEX,1991,36.82343,3708.8420548157,Latin America & Caribbean,Upper middle income,3,8.218474992278647
Mexico,MEX,1992,36.709724,4220.56643677057,Latin America & Caribbean,Upper middle income,3,8.347724624745341
Mexico,MEX,1993,36.596027,6048.34840388099,Latin America & Caribbean,Upper middle income,3,8.707540522661985
Mexico,MEX,1994,36.48233,6202.36588372862,Latin America & Caribbean,Upper middle income,3,8.73268609239443
Mexico,MEX,1995,36.368626,4183.87847727479,Latin America & Caribbean,Upper middle income,3,8.338993960694559
Mexico,MEX,1996,36.25493,4674.36792733681,Latin America & Caribbean,Upper middle income,3,8.449849229873374
Mexico,MEX,1997,36.141228,5567.35599516667,Latin America & Caribbean,Upper middle income,3,8.62467553353732
Mexico,MEX,1998,36.027527,5832.69342004468,Latin America & Caribbean,Upper middle income,3,8.671234165805162
Mexico,MEX,1999,35.913826,6499.97182950425,Latin America & Caribbean,Upper middle income,3,8.779553121951913
Mexico,MEX,2000,35.800125,7524.0271380091,Latin America & Caribbean,Upper middle income,3,8.92585679727368
Mexico,MEX,2001,35.726154,7952.76479510706,Latin America & Caribbean,Upper middle income,3,8.981274920158818
Mexico,MEX,2002,35.65218,7983.03398381759,Latin America & Caribbean,Upper middle income,3,8.985073816660112
Mexico,MEX,2003,35.57821,7434.0746485155,Latin America & Caribbean,Upper middle income,3,8.913829392307386
Mexico,MEX,2004,35.504234,7849.66759649565,Latin America & Caribbean,Upper middle income,3,8.968226465484447
Mexico,MEX,2005,35.43026,8671.75891885163,Latin America & Caribbean,Upper middle income,3,9.06782692334508
Mexico,MEX,2006,35.356285,9512.63575346699,Latin America & Caribbean,Upper middle income,3,9.16037627312903
Mexico,MEX,2007,35.28231,10134.3327138119,Latin America & Caribbean,Upper middle income,3,9.22368421693681
Mexico,MEX,2008,35.208336,10523.7685403244,Latin America & Caribbean,Upper middle income,3,9.26139164841057
Mexico,MEX,2009,35.134365,8423.56933214711,Latin America & Caribbean,Upper middle income,3,9.038788928592778
Mexico,MEX,2010,35.06039,9728.80078377082,Latin America & Caribbean,Upper middle income,3,9.182845918228708
Mexico,MEX,2011,34.997387,10664.4944032313,Latin America & Caribbean,Upper middle income,3,9.274675222677272
Mexico,MEX,2012,34.934383,10744.1335242686,Latin America & Caribbean,Upper middle income,3,9.28211516592449
Mexico,MEX,2013,34.87138,11216.8008505428,Latin America & Caribbean,Upper middle income,3,9.325168009234499
Mexico,MEX,2014,34.808372,11391.3773497683,Latin America & Caribbean,Upper middle income,3,9.340611975360996
Mexico,MEX,2015,34.745365,10021.2386118827,Latin America & Caribbean,Upper middle income,3,9.21246198095963
Mexico,MEX,2016,34.67964,9097.92397674769,Latin America & Caribbean,Upper middle income,3,9.115801532054995
Mexico,MEX,2017,34.613914,9649.27816772402,Latin America & Caribbean,Upper middle income,3,9.174638390263155
Mexico,MEX,2018,34.548195,10084.7937562021,Latin America & Caribbean,Upper middle income,3,9.218783999629082
Mexico,MEX,2019,34.482464,10369.5553585271,Latin America & Caribbean,Upper middle income,3,9.246629422630924
Mexico,MEX,2020,34.41674,8841.27075039868,Latin America & Caribbean,Upper middle income,3,9.08718589534574
Mexico,MEX,2021,34.351017,10314.0506722115,Latin America & Caribbean,Upper middle income,3,9.241262387553219
Mexico,MEX,2022,34.28529,11405.7940473759,Latin America & Caribbean,Upper middle income,3,9.341876755037235
Mexico,MEX,2023,34.219566,13860.9597809326,Latin America & Caribbean,Upper middle income,3,9.53683151860988
Mexico,MEX,2024,34.153843,14185.7812248529,Latin America & Caribbean,Upper middle income,3,9.559995419737918
Mexico,MEX,2025,34.088116,,Latin America & Caribbean,Upper middle income,3,
Micronesia (country),FSM,1990,90.828575,1459.04369201491,East Asia & Pacific,Lower middle income,2,7.285536494623341
Micronesia (country),FSM,1991,90.86857,1617.45528154622,East Asia & Pacific,Lower middle income,2,7.3886093793444845
Micronesia (country),FSM,1992,90.90857,1699.3301910196,East Asia & Pacific,Lower middle income,2,7.437989447121243
Micronesia (country),FSM,1993,90.94857,1853.06259690284,East Asia & Pacific,Lower middle income,2,7.524595007097858
Micronesia (country),FSM,1994,90.98857,1856.5207426083,East Asia & Pacific,Lower middle income,2,7.526459446519059
Micronesia (country),FSM,1995,91.02857,1995.19190194111,East Asia & Pacific,Lower middle income,2,7.598495516147041
Micronesia (country),FSM,1996,91.06857,1955.97504197565,East Asia & Pacific,Lower middle income,2,7.578644090787206
Micronesia (country),FSM,1997,91.108574,1840.23883354727,East Asia & Pacific,Lower middle income,2,7.517650643020539
Micronesia (country),FSM,1998,91.148575,1944.03333786902,East Asia & Pacific,Lower middle income,2,7.572520133982918
Micronesia (country),FSM,1999,91.18857,1944.83228089695,East Asia & Pacific,Lower middle income,2,7.572931021433138
Micronesia (country),FSM,2000,91.22857,2049.3453246655,East Asia & Pacific,Lower middle income,2,7.625275667306456
Micronesia (country),FSM,2001,91.26714,2103.74859460914,East Asia & Pacific,Lower middle income,2,7.65147607746398
Micronesia (country),FSM,2002,91.30572,2113.45987332485,East Asia & Pacific,Lower middle income,2,7.656081633938203
Micronesia (country),FSM,2003,91.344284,2145.87755337517,East Asia & Pacific,Lower middle income,2,7.6713038634896895
Micronesia (country),FSM,2004,91.38286,2104.42804750084,East Asia & Pacific,Lower middle income,2,7.651798997795225
Micronesia (country),FSM,2005,91.421425,2207.16844533875,East Asia & Pacific,Lower middle income,2,7.699465726560739
Micronesia (country),FSM,2006,91.46,2244.97227274486,East Asia & Pacific,Lower middle income,2,7.7164484494296435
Micronesia (country),FSM,2007,91.49857,2293.51341684075,East Asia & Pacific,Lower middle income,2,7.737840163961581
Micronesia (country),FSM,2008,91.53714,2369.50811741318,East Asia & Pacific,Lower middle income,2,7.770437667193368
Micronesia (country),FSM,2009,91.57571,2544.11114550961,East Asia & Pacific,Lower middle income,2,7.8415366127783095
Micronesia (country),FSM,2010,91.61428,2702.61165204772,East Asia & Pacific,Lower middle income,2,7.901973863016182
Micronesia (country),FSM,2011,91.65428,2848.70077003105,East Asia & Pacific,Lower middle income,2,7.954618299157759
Micronesia (country),FSM,2012,91.69428,2992.28916099077,East Asia & Pacific,Lower middle income,2,8.003793979140735
Micronesia (country),FSM,2013,91.73428,2893.13437410825,East Asia & Pacific,Lower middle income,2,7.970095751912755
Micronesia (country),FSM,2014,91.77428,2896.73082002714,East Asia & Pacific,Lower middle income,2,7.971338076651191
Micronesia (country),FSM,2015,91.81428,2853.07643587028,East Asia & Pacific,Lower middle income,2,7.956153142256748
Micronesia (country),FSM,2016,91.85714,2979.60119184048,East Asia & Pacific,Lower middle income,2,7.999544742302202
Micronesia (country),FSM,2017,91.899994,3279.10779039285,East Asia & Pacific,Lower middle income,2,8.095326649251234
Micronesia (country),FSM,2018,91.94285,3566.58690371125,East Asia & Pacific,Lower middle income,2,8.179364368086379
Micronesia (country),FSM,2019,91.98571,3572.65918282222,East Asia & Pacific,Lower middle income,2,8.181065466634227
Micronesia (country),FSM,2020,92.02857,3362.02802120524,East Asia & Pacific,Lower middle income,2,8.120299648617124
Micronesia (country),FSM,2021,92.07143,3508.22314197664,East Asia & Pacific,Lower middle income,2,8.1628649609265
Micronesia (country),FSM,2022,92.11429,3710.12451611752,East Asia & Pacific,Lower middle income,2,8.218820717334108
Micronesia (country),FSM,2023,92.15714,3919.64307910859,East Asia & Pacific,Lower middle income,2,8.273755877391283
Micronesia (country),FSM,2024,92.2,4166.00476748564,East Asia & Pacific,Lower middle income,2,8.334712766199917
Micronesia (country),FSM,2025,92.24286,,East Asia & Pacific,Lower middle income,2,
Moldova,MDA,1990,9.893584,1206.50208704977,Europe & Central Asia,Upper middle income,3,7.095480614901775
Moldova,MDA,1991,9.951353,1037.89950336245,Europe & Central Asia,Upper middle income,3,6.944954241468817
Moldova,MDA,1992,10.009121,778.017667420102,Europe & Central Asia,Upper middle income,3,6.6567492326867495
Moldova,MDA,1993,10.06689,796.989388848336,Europe & Central Asia,Upper middle income,3,6.680841364835005
Moldova,MDA,1994,10.124658,573.798647201304,Europe & Central Asia,Upper middle income,3,6.352278545930864
Moldova,MDA,1995,10.182426,593.593177049161,Europe & Central Asia,Upper middle income,3,6.3861941975976935
Moldova,MDA,1996,10.240194,575.145455139019,Europe & Central Asia,Upper middle income,3,6.354622974266147
Moldova,MDA,1997,10.297963,657.29213459795,Europe & Central Asia,Upper middle income,3,6.488128568969348
Moldova,MDA,1998,10.355731,578.734627562193,Europe & Central Asia,Upper middle income,3,6.360844043600068
Moldova,MDA,1999,10.4135,399.499818596336,Europe & Central Asia,Upper middle income,3,5.99021331112947
Moldova,MDA,2000,10.471268,440.538683980372,Europe & Central Asia,Upper middle income,3,6.087998259864066
Moldova,MDA,2001,10.562785,507.404076252819,Europe & Central Asia,Upper middle income,3,6.229307680741148
Moldova,MDA,2002,10.654303,570.799866188293,Europe & Central Asia,Upper middle income,3,6.347038651174295
Moldova,MDA,2003,10.745819,682.319095965299,Europe & Central Asia,Upper middle income,3,6.525497431067572
Moldova,MDA,2004,10.837337,897.178494749468,Europe & Central Asia,Upper middle income,3,6.799254833064835
Moldova,MDA,2005,10.928854,1034.39197746993,Europe & Central Asia,Upper middle income,3,6.941569071694712
Moldova,MDA,2006,11.0203705,1183.02481442894,Europe & Central Asia,Upper middle income,3,7.075829839607036
Moldova,MDA,2007,11.111888,1531.21618590748,Europe & Central Asia,Upper middle income,3,7.333817591376545
Moldova,MDA,2008,11.203405,2110.55305353857,Europe & Central Asia,Upper middle income,3,7.654705302806896
Moldova,MDA,2009,11.294923,1898.43975710988,Europe & Central Asia,Upper middle income,3,7.548787647332669
Moldova,MDA,2010,11.386439,2436.79935102421,Europe & Central Asia,Upper middle income,3,7.798440715817901
Moldova,MDA,2011,11.458802,2941.36224066021,Europe & Central Asia,Upper middle income,3,7.986628100183914
Moldova,MDA,2012,11.531164,3044.8084324815,Europe & Central Asia,Upper middle income,3,8.021193266007801
Moldova,MDA,2013,11.603527,3321.04397795719,Europe & Central Asia,Upper middle income,3,8.108034463673045
Moldova,MDA,2014,11.675889,3289.95758568777,Europe & Central Asia,Upper middle income,3,8.098629951788102
Moldova,MDA,2015,11.748252,2749.55137054338,Europe & Central Asia,Upper middle income,3,7.9191930393679435
Moldova,MDA,2016,11.667984,2847.08794770479,Europe & Central Asia,Upper middle income,3,7.9540519781619174
Moldova,MDA,2017,11.587717,3453.26727720294,Europe & Central Asia,Upper middle income,3,8.147076098739332
Moldova,MDA,2018,11.507449,4156.44981956646,Europe & Central Asia,Upper middle income,3,8.332416580136679
Moldova,MDA,2019,11.427181,4405.33418162155,Europe & Central Asia,Upper middle income,3,8.390571399652002
Moldova,MDA,2020,11.346914,4375.7788930524,Europe & Central Asia,Upper middle income,3,8.383839815643466
Moldova,MDA,2021,11.329279,5274.60582195352,Europe & Central Asia,Upper middle income,3,8.570659229856147
Moldova,MDA,2022,11.311645,5744.29618434435,Europe & Central Asia,Upper middle income,3,8.655962673525478
Moldova,MDA,2023,11.29401,6799.58594644576,Europe & Central Asia,Upper middle income,3,8.824616999081748
Moldova,MDA,2024,11.276376,7576.19589413326,Europe & Central Asia,Upper middle income,3,8.932766491729783
Moldova,MDA,2025,11.258741,,Europe & Central Asia,Upper middle income,3,
Monaco,MCO,1990,0.0,81734.8664968011,Europe & Central Asia,High income,4,11.31123595231762
Monaco,MCO,1991,0.0,80997.2520924871,Europe & Central Asia,High income,4,11.302170508295008
Monaco,MCO,1992,0.0,88614.926367223,Europe & Central Asia,High income,4,11.392055591559853
Monaco,MCO,1993,0.0,82685.4559266948,Europe & Central Asia,High income,4,11.322799000088503
Monaco,MCO,1994,0.0,86703.8130529474,Europe & Central Asia,High income,4,11.370253141650998
Monaco,MCO,1995,0.0,99032.2375054091,Europe & Central Asia,High income,4,11.503200707478108
Monaco,MCO,1996,0.0,98561.0137425657,Europe & Central Asia,High income,4,11.498431064251847
Monaco,MCO,1997,0.0,88581.7044683607,Europe & Central Asia,High income,4,11.39168061942754
Monaco,MCO,1998,0.0,90947.2051224438,Europe & Central Asia,High income,4,11.418034453649401
Monaco,MCO,1999,0.0,89698.1993575302,Europe & Central Asia,High income,4,11.40420597379334
Monaco,MCO,2000,0.0,81789.0206522549,Europe & Central Asia,High income,4,11.311898291727205
Monaco,MCO,2001,0.0,82402.7809570189,Europe & Central Asia,High income,4,11.319374464806447
Monaco,MCO,2002,0.0,90051.4459877468,Europe & Central Asia,High income,4,11.408136408084806
Monaco,MCO,2003,0.0,111110.451312249,Europe & Central Asia,High income,4,11.618280042420665
Monaco,MCO,2004,0.0,125160.228087598,Europe & Central Asia,High income,4,11.73735002014931
Monaco,MCO,2005,0.0,130538.742587117,Europe & Central Asia,High income,4,11.779425339747512
Monaco,MCO,2006,0.0,143083.461107202,Europe & Central Asia,High income,4,11.871183383094372
Monaco,MCO,2007,0.0,184558.556593338,Europe & Central Asia,High income,4,12.12572207201806
Monaco,MCO,2008,0.0,204263.797114294,Europe & Central Asia,High income,4,12.227167560572024
Monaco,MCO,2009,0.0,169150.267344616,Europe & Central Asia,High income,4,12.038542754725583
Monaco,MCO,2010,0.0,161853.920622244,Europe & Central Asia,High income,4,11.994449482862322
Monaco,MCO,2011,0.0,179363.984221513,Europe & Central Asia,High income,4,12.097172451604726
Monaco,MCO,2012,0.0,165444.651378771,Europe & Central Asia,High income,4,12.016391985107479
Monaco,MCO,2013,0.0,184940.663804718,Europe & Central Asia,High income,4,12.127790316422896
Monaco,MCO,2014,0.0,195693.570738894,Europe & Central Asia,High income,4,12.184305300207278
Monaco,MCO,2015,0.0,170437.101188261,Europe & Central Asia,High income,4,12.046121599655677
Monaco,MCO,2016,0.0,173604.753555915,Europe & Central Asia,High income,4,12.064536463068034
Monaco,MCO,2017,0.0,170663.375247872,Europe & Central Asia,High income,4,12.047448329510564
Monaco,MCO,2018,0.0,188298.315668437,Europe & Central Asia,High income,4,12.145782769668632
Monaco,MCO,2019,0.0,193746.785647412,Europe & Central Asia,High income,4,12.174307356871068
Monaco,MCO,2020,0.0,176891.886538492,Europe & Central Asia,High income,4,12.08329401441823
Monaco,MCO,2021,0.0,223823.363960226,Europe & Central Asia,High income,4,12.318612466016136
Monaco,MCO,2022,0.0,226052.001905201,Europe & Central Asia,High income,4,12.328520348711853
Monaco,MCO,2023,0.0,256799.788612806,Europe & Central Asia,High income,4,12.45605202763875
Monaco,MCO,2024,0.0,288001.433369041,Europe & Central Asia,High income,4,12.570720736081535
Monaco,MCO,2025,0.0,,Europe & Central Asia,High income,4,
Mongolia,MNG,1990,9.214727,1220.17127664137,East Asia & Pacific,Upper middle income,3,7.106746518563099
Mongolia,MNG,1991,9.209071,1098.68017445549,East Asia & Pacific,Upper middle income,3,7.001864896996374
Mongolia,MNG,1992,9.203414,607.813424662797,East Asia & Pacific,Upper middle income,3,6.409867967541827
Mongolia,MNG,1993,9.197758,354.898613087701,East Asia & Pacific,Upper middle income,3,5.871832151748791
Mongolia,MNG,1994,9.1921015,422.864349383041,East Asia & Pacific,Upper middle income,3,6.047051440577466
Mongolia,MNG,1995,9.186445,652.67456284915,East Asia & Pacific,Upper middle income,3,6.4810786326880025
Mongolia,MNG,1996,9.180788,595.5810149554,East Asia & Pacific,Upper middle income,3,6.389537424807192
Mongolia,MNG,1997,9.175132,515.298004947316,East Asia & Pacific,Upper middle income,3,6.244745383693298
Mongolia,MNG,1998,9.169476,483.878066074871,East Asia & Pacific,Upper middle income,3,6.181832945379666
Mongolia,MNG,1999,9.163819,448.660368337533,East Asia & Pacific,Upper middle income,3,6.106266183557347
Mongolia,MNG,2000,9.158162,476.02755082717,East Asia & Pacific,Upper middle income,3,6.165475732445456
Mongolia,MNG,2001,9.153027,524.453483552485,East Asia & Pacific,Upper middle income,3,6.262356736682216
Mongolia,MNG,2002,9.14789,570.249213248399,East Asia & Pacific,Upper middle income,3,6.346073481502693
Mongolia,MNG,2003,9.142754,643.168068921658,East Asia & Pacific,Upper middle income,3,6.466406072542986
Mongolia,MNG,2004,9.137617,794.154552001815,East Asia & Pacific,Upper middle income,3,6.6772780921816475
Mongolia,MNG,2005,9.132481,994.90010913241,East Asia & Pacific,Upper middle income,3,6.902642339287146
Mongolia,MNG,2006,9.127344,1329.89179579053,East Asia & Pacific,Upper middle income,3,7.192852861357703
Mongolia,MNG,2007,9.122208,1627.68787743359,East Asia & Pacific,Upper middle income,3,7.394915806703435
Mongolia,MNG,2008,9.117071,2127.42678594737,East Asia & Pacific,Upper middle income,3,7.662668446669657
Mongolia,MNG,2009,9.111935,1703.32756790019,East Asia & Pacific,Upper middle income,3,7.440339009729503
Mongolia,MNG,2010,9.106798,2625.21881402433,East Asia & Pacific,Upper middle income,3,7.872919529275216
Mongolia,MNG,2011,9.106083,3736.04201455077,East Asia & Pacific,Upper middle income,3,8.225782045150266
Mongolia,MNG,2012,9.105368,4328.89001905655,East Asia & Pacific,Upper middle income,3,8.37306644149591
Mongolia,MNG,2013,9.104652,4340.14310544449,East Asia & Pacific,Upper middle income,3,8.375662600155554
Mongolia,MNG,2014,9.103937,4126.23975800524,East Asia & Pacific,Upper middle income,3,8.32512180100867
Mongolia,MNG,2015,9.103222,3838.92126989984,East Asia & Pacific,Upper middle income,3,8.252946686819639
Mongolia,MNG,2016,9.103222,3619.90026383792,East Asia & Pacific,Upper middle income,3,8.19420175301428
Mongolia,MNG,2017,9.103222,3645.96708669551,East Asia & Pacific,Upper middle income,3,8.201376927961304
Mongolia,MNG,2018,9.103222,4107.64288528468,East Asia & Pacific,Upper middle income,3,8.3206046357421
Mongolia,MNG,2019,9.103222,4347.54610314873,East Asia & Pacific,Upper middle income,3,8.377366850691757
Mongolia,MNG,2020,9.103222,4001.25193077703,East Asia & Pacific,Upper middle income,3,8.294362573827419
Mongolia,MNG,2021,9.103222,4517.61578018785,East Asia & Pacific,Upper middle income,3,8.415739651399244
Mongolia,MNG,2022,9.103222,4993.51487463495,East Asia & Pacific,Upper middle income,3,8.515895324478182
Mongolia,MNG,2023,9.103222,5838.63108083902,East Asia & Pacific,Upper middle income,3,8.672251644379449
Mongolia,MNG,2024,9.103222,6750.6301157724,East Asia & Pacific,Upper middle income,3,8.81739112999449
Mongolia,MNG,2025,9.103222,,East Asia & Pacific,Upper middle income,3,
Montenegro,MNE,1990,46.54275,,Europe & Central Asia,Upper middle income,3,
Montenegro,MNE,1991,46.54275,,Europe & Central Asia,Upper middle income,3,
Montenegro,MNE,1992,46.54275,,Europe & Central Asia,Upper middle income,3,
Montenegro,MNE,1993,46.54275,,Europe & Central Asia,Upper middle income,3,
Montenegro,MNE,1994,46.54275,,Europe & Central Asia,Upper middle income,3,
Montenegro,MNE,1995,46.54275,,Europe & Central Asia,Upper middle income,3,
Montenegro,MNE,1996,46.54275,,Europe & Central Asia,Upper middle income,3,
Montenegro,MNE,1997,46.54275,1375.32616813442,Europe & Central Asia,Upper middle income,3,7.226446195158741
Montenegro,MNE,1998,46.54275,1405.81632669854,Europe & Central Asia,Upper middle income,3,7.2483734284875245
Montenegro,MNE,1999,46.54275,1367.90257335097,Europe & Central Asia,Upper middle income,3,7.221033877335657
Montenegro,MNE,2000,46.54275,1627.06511911987,Europe & Central Asia,Upper middle income,3,7.39453313046227
Montenegro,MNE,2001,48.037174,1909.59870186179,Europe & Central Asia,Upper middle income,3,7.554648395228511
Montenegro,MNE,2002,49.531597,2106.6350684523,Europe & Central Asia,Upper middle income,3,7.6528471992079155
Montenegro,MNE,2003,51.026024,2789.15906483509,Europe & Central Asia,Upper middle income,3,7.9334954189287785
Montenegro,MNE,2004,52.520447,3380.16512135859,Europe & Central Asia,Upper middle income,3,8.125679839756778
Montenegro,MNE,2005,54.01487,3674.6179242797,Europe & Central Asia,Upper middle income,3,8.209204440059684
Montenegro,MNE,2006,55.509293,4418.84951521682,Europe & Central Asia,Upper middle income,3,8.393634650515319
Montenegro,MNE,2007,57.00372,5971.84638953467,Europe & Central Asia,Upper middle income,3,8.69481143654908
Montenegro,MNE,2008,58.498142,7359.95118960869,Europe & Central Asia,Upper middle income,3,8.903808579854285
Montenegro,MNE,2009,59.992565,6700.11405052395,Europe & Central Asia,Upper middle income,3,8.809879827700438
Montenegro,MNE,2010,61.486988,6678.63930800758,Europe & Central Asia,Upper middle income,3,8.80666954937571
Montenegro,MNE,2011,61.486988,7265.51668681954,Europe & Central Asia,Upper middle income,3,8.890894693478165
Montenegro,MNE,2012,61.486988,6552.48071710904,Europe & Central Asia,Upper middle income,3,8.78759899236363
Montenegro,MNE,2013,61.486988,7102.77882895852,Europe & Central Asia,Upper middle income,3,8.86824137081888
Montenegro,MNE,2014,61.486988,7342.17339453427,Europe & Central Asia,Upper middle income,3,8.901390180576364
Montenegro,MNE,2015,61.486988,6421.00307345999,Europe & Central Asia,Upper middle income,3,8.767329626451462
Montenegro,MNE,2016,61.486988,6968.01539365317,Europe & Central Asia,Upper middle income,3,8.849085727722374
Montenegro,MNE,2017,61.486988,7674.2813940676,Europe & Central Asia,Upper middle income,3,8.945629938634442
Montenegro,MNE,2018,61.486988,8673.59128084795,Europe & Central Asia,Upper middle income,3,9.068038203253764
Montenegro,MNE,2019,61.486988,8749.02375172644,Europe & Central Asia,Upper middle income,3,9.076697401895863
Montenegro,MNE,2020,61.486988,7538.53635992191,Europe & Central Asia,Upper middle income,3,8.92778332543768
Montenegro,MNE,2021,61.486988,9317.15520065156,Europe & Central Asia,Upper middle income,3,9.13961262510406
Montenegro,MNE,2022,61.486988,10024.5435616209,Europe & Central Asia,Upper middle income,3,9.21279172112537
Montenegro,MNE,2023,61.486988,12259.8775034436,Europe & Central Asia,Upper middle income,3,9.414087217877775
Montenegro,MNE,2024,61.486988,13263.3281277699,Europe & Central Asia,Upper middle income,3,9.492758222275022
Montenegro,MNE,2025,61.486988,,Europe & Central Asia,Upper middle income,3,
Morocco,MAR,1990,12.773896,1229.07104492188,Middle East & North Africa,Lower middle income,2,7.114013914991998
Morocco,MAR,1991,12.773376,1292.23376464844,Middle East & North Africa,Lower middle income,2,7.164127600366689
Morocco,MAR,1992,12.772857,1327.02954101563,Middle East & North Africa,Lower middle income,2,7.19069829558829
Morocco,MAR,1993,12.772337,1226.43054199219,Middle East & North Africa,Lower middle income,2,7.111863231024573
Morocco,MAR,1994,12.771817,1358.79443359375,Middle East & North Africa,Lower middle income,2,7.2143531397176535
Morocco,MAR,1995,12.771297,1466.78820800781,Middle East & North Africa,Lower middle income,2,7.290830396901023
Morocco,MAR,1996,12.770778,1596.83239746094,Middle East & North Africa,Lower middle income,2,7.37577719434245
Morocco,MAR,1997,12.770258,1426.30114746094,Middle East & North Africa,Lower middle income,2,7.262839762030869
Morocco,MAR,1998,12.769738,1668.49755859375,Middle East & North Africa,Lower middle income,2,7.419678834956166
Morocco,MAR,1999,12.769218,1635.65673828125,Middle East & North Africa,Lower middle income,2,7.399799677471386
Morocco,MAR,2000,12.768698,1499.107421875,Middle East & North Africa,Lower middle income,2,7.312625157893212
Morocco,MAR,2001,12.768033,1506.24523925781,Middle East & North Africa,Lower middle income,2,7.317375236575255
Morocco,MAR,2002,12.767367,1596.02062988281,Middle East & North Africa,Lower middle income,2,7.37526870391795
Morocco,MAR,2003,12.766702,1941.87255859375,Middle East & North Africa,Lower middle income,2,7.5714080229048095
Morocco,MAR,2004,12.766036,2183.55541992188,Middle East & North Africa,Lower middle income,2,7.688709753836346
Morocco,MAR,2005,12.76537,2242.98828125,Middle East & North Africa,Lower middle income,2,7.715564309918954
Morocco,MAR,2006,12.764706,2438.12646484375,Middle East & North Africa,Lower middle income,2,7.798985181068225
Morocco,MAR,2007,12.76404,2755.5859375,Middle East & North Africa,Lower middle income,2,7.921385380461716
Morocco,MAR,2008,12.763374,3183.20043945313,Middle East & North Africa,Lower middle income,2,8.065642397166595
Morocco,MAR,2009,12.762709,3119.58862304688,Middle East & North Africa,Lower middle income,2,8.045456420522806
Morocco,MAR,2010,12.762043,3067.9853515625,Middle East & North Africa,Lower middle income,2,8.028776387887254
Morocco,MAR,2011,12.759444,3301.98876953125,Middle East & North Africa,Lower middle income,2,8.10228022336322
Morocco,MAR,2012,12.756845,3164.17724609375,Middle East & North Africa,Lower middle income,2,8.059648346943582
Morocco,MAR,2013,12.754246,3379.7431640625,Middle East & North Africa,Lower middle income,2,8.125554998626152
Morocco,MAR,2014,12.751647,3435.40698242188,Middle East & North Africa,Lower middle income,2,8.141890678692528
Morocco,MAR,2015,12.749047,3146.24780273438,Middle East & North Africa,Lower middle income,2,8.05396584807324
Morocco,MAR,2016,12.750782,3140.85546875,Middle East & North Africa,Lower middle income,2,8.052250484073712
Morocco,MAR,2017,12.752516,3296.52661132813,Middle East & North Africa,Lower middle income,2,8.100624651121448
Morocco,MAR,2018,12.754251,3501.69799804688,Middle East & North Africa,Lower middle income,2,8.161003272133136
Morocco,MAR,2019,12.755984,3508.09765625,Middle East & North Africa,Lower middle income,2,8.162829191260244
Morocco,MAR,2020,12.757719,3268.0302734375,Middle East & North Africa,Lower middle income,2,8.091942719534753
Morocco,MAR,2021,12.758423,3785.93627929688,Middle East & North Africa,Lower middle income,2,8.239048501014024
Morocco,MAR,2022,12.759126,3463.1376953125,Middle East & North Africa,Lower middle income,2,8.149930305469434
Morocco,MAR,2023,12.7598295,3813.72607421875,Middle East & North Africa,Lower middle income,2,8.246361962453351
Morocco,MAR,2024,12.760533,4153.1943359375,Middle East & North Africa,Lower middle income,2,8.331633036645623
Morocco,MAR,2025,12.761237,,Middle East & North Africa,Lower middle income,2,
Mozambique,MOZ,1990,52.88653,,Sub-Saharan Africa,Low income,1,
Mozambique,MOZ,1991,52.546963,288.708092484444,Sub-Saharan Africa,Low income,1,5.66541611705
Mozambique,MOZ,1992,52.207397,205.585216062094,Sub-Saharan Africa,Low income,1,5.325860624682854
Mozambique,MOZ,1993,51.86783,205.189844208699,Sub-Saharan Africa,Low income,1,5.3239356199115
Mozambique,MOZ,1994,51.528263,196.763143175646,Sub-Saharan Africa,Low income,1,5.282000686467395
Mozambique,MOZ,1995,51.188694,191.826096861406,Sub-Saharan Africa,Low income,1,5.256589216078951
Mozambique,MOZ,1996,50.849125,244.362651012498,Sub-Saharan Africa,Low income,1,5.498653396521614
Mozambique,MOZ,1997,50.50956,287.532091475389,Sub-Saharan Africa,Low income,1,5.661334476531167
Mozambique,MOZ,1998,50.169994,320.125121723292,Sub-Saharan Africa,Low income,1,5.768711924756374
Mozambique,MOZ,1999,49.83042,354.406245723711,Sub-Saharan Africa,Low income,1,5.870443841949538
Mozambique,MOZ,2000,49.490856,327.12623979157,Sub-Saharan Africa,Low income,1,5.790346150805894
Mozambique,MOZ,2001,49.15129,304.792138621913,Sub-Saharan Africa,Low income,1,5.719630031557016
Mozambique,MOZ,2002,48.811726,313.886661721198,Sub-Saharan Africa,Low income,1,5.749031970817656
Mozambique,MOZ,2003,48.472153,339.488737800648,Sub-Saharan Africa,Low income,1,5.827440773549101
Mozambique,MOZ,2004,48.132587,400.056973161545,Sub-Saharan Africa,Low income,1,5.991606969869242
Mozambique,MOZ,2005,47.793022,436.773856167384,Sub-Saharan Africa,Low income,1,6.079415569542779
Mozambique,MOZ,2006,47.45345,457.487647833183,Sub-Saharan Africa,Low income,1,6.125749885079358
Mozambique,MOZ,2007,47.113884,507.874923914304,Sub-Saharan Africa,Low income,1,6.230235204496024
Mozambique,MOZ,2008,46.77432,592.159111184122,Sub-Saharan Africa,Low income,1,6.3837753676642155
Mozambique,MOZ,2009,46.434746,547.697144193651,Sub-Saharan Africa,Low income,1,6.30572247759615
Mozambique,MOZ,2010,46.09518,496.185839392659,Sub-Saharan Africa,Low income,1,6.206950532746206
Mozambique,MOZ,2011,45.755615,618.17649286789,Sub-Saharan Africa,Low income,1,6.426774003850309
Mozambique,MOZ,2012,45.41605,685.685748199513,Sub-Saharan Africa,Low income,1,6.5304194297656055
Mozambique,MOZ,2013,45.07649,686.505672517351,Sub-Saharan Africa,Low income,1,6.531614488127057
Mozambique,MOZ,2014,44.73692,697.142680444123,Sub-Saharan Africa,Low income,1,6.546990096330548
Mozambique,MOZ,2015,44.397354,610.563774706589,Sub-Saharan Africa,Low income,1,6.414382751168728
Mozambique,MOZ,2016,44.057785,441.489734819071,Sub-Saharan Africa,Low income,1,6.090154769080782
Mozambique,MOZ,2017,43.718216,470.93856305196,Sub-Saharan Africa,Low income,1,6.154727646128334
Mozambique,MOZ,2018,43.378647,517.507260258101,Sub-Saharan Africa,Low income,1,6.249023554525365
Mozambique,MOZ,2019,43.039074,519.09255091362,Sub-Saharan Africa,Low income,1,6.2520821927275625
Mozambique,MOZ,2020,42.69951,462.433876479921,Sub-Saharan Africa,Low income,1,6.136503576958184
Mozambique,MOZ,2021,42.359943,509.907829475551,Sub-Saharan Africa,Low income,1,6.234229982866839
Mozambique,MOZ,2022,42.02038,578.251663751351,Sub-Saharan Africa,Low income,1,6.360009178325483
Mozambique,MOZ,2023,41.68081,622.000297682823,Sub-Saharan Africa,Low income,1,6.432940571328812
Mozambique,MOZ,2024,41.341244,656.776824637306,Sub-Saharan Africa,Low income,1,6.487344272249701
Mozambique,MOZ,2025,41.00168,,Sub-Saharan Africa,Low income,1,
Myanmar,MMR,1990,60.089294,53.1225401094506,East Asia & Pacific,Lower middle income,2,3.9726013223504193
Myanmar,MMR,1991,59.422745,51.2408970610106,East Asia & Pacific,Lower middle income,2,3.936537983920771
Myanmar,MMR,1992,58.7562,58.8896739558883,East Asia & Pacific,Lower middle income,2,4.0756657604474915
Myanmar,MMR,1993,58.089645,76.212889482598,East Asia & Pacific,Lower middle income,2,4.333530601702726
Myanmar,MMR,1994,57.423096,105.391561114159,East Asia & Pacific,Lower middle income,2,4.657682567571302
Myanmar,MMR,1995,56.756546,124.14348039051,East Asia & Pacific,Lower middle income,2,4.821437996604346
Myanmar,MMR,1996,56.089993,141.897267580367,East Asia & Pacific,Lower middle income,2,4.9551033280282875
Myanmar,MMR,1997,55.423447,108.039770292032,East Asia & Pacific,Lower middle income,2,4.682499402783984
Myanmar,MMR,1998,54.756897,145.950830383757,East Asia & Pacific,Lower middle income,2,4.98326978679238
Myanmar,MMR,1999,54.090347,189.490155849067,East Asia & Pacific,Lower middle income,2,5.244337075147104
Myanmar,MMR,2000,53.423794,196.619580625284,East Asia & Pacific,Lower middle income,2,5.281270799016577
Myanmar,MMR,2001,52.89871,141.525660705722,East Asia & Pacific,Lower middle income,2,4.952481048385397
Myanmar,MMR,2002,52.373615,146.598390364449,East Asia & Pacific,Lower middle income,2,4.987696809613617
Myanmar,MMR,2003,51.848522,224.292688912409,East Asia & Pacific,Lower middle income,2,5.4129518458652335
Myanmar,MMR,2004,51.323433,224.508811413327,East Asia & Pacific,Lower middle income,2,5.413914955469221
Myanmar,MMR,2005,50.798344,252.685193060728,East Asia & Pacific,Lower middle income,2,5.532144417745574
Myanmar,MMR,2006,50.273254,303.495087119254,East Asia & Pacific,Lower middle income,2,5.715365422952568
Myanmar,MMR,2007,49.74816,419.375780725042,East Asia & Pacific,Lower middle income,2,6.038767369363658
Myanmar,MMR,2008,49.223072,658.442487229705,East Asia & Pacific,Lower middle income,2,6.489877178310143
Myanmar,MMR,2009,48.69798,758.442935789255,East Asia & Pacific,Lower middle income,2,6.6312675629844895
Myanmar,MMR,2010,48.17289,1010.53417343401,East Asia & Pacific,Lower middle income,2,6.918234354613274
Myanmar,MMR,2011,47.729004,1213.62898703376,East Asia & Pacific,Lower middle income,2,7.10137031291203
Myanmar,MMR,2012,47.285114,1202.6658960055,East Asia & Pacific,Lower middle income,2,7.092295951720546
Myanmar,MMR,2013,46.84123,1199.09561597055,East Asia & Pacific,Lower middle income,2,7.089322898278754
Myanmar,MMR,2014,46.39734,1293.00042319714,East Asia & Pacific,Lower middle income,2,7.164720706070443
Myanmar,MMR,2015,45.953453,1166.73305547935,East Asia & Pacific,Lower middle income,2,7.06196286188697
Myanmar,MMR,2016,45.509563,1229.19713491328,East Asia & Pacific,Lower middle income,2,7.114116499398813
Myanmar,MMR,2017,45.065678,1272.82241815234,East Asia & Pacific,Lower middle income,2,7.148992090124547
Myanmar,MMR,2018,44.62179,1298.21310327675,East Asia & Pacific,Lower middle income,2,7.168744061967587
Myanmar,MMR,2019,44.177902,1425.98954241668,East Asia & Pacific,Lower middle income,2,7.262621267438711
Myanmar,MMR,2020,43.734016,1490.21683599469,East Asia & Pacific,Lower middle income,2,7.306676915864618
Myanmar,MMR,2021,43.290127,1242.7213439951,East Asia & Pacific,Lower middle income,2,7.125058886165458
Myanmar,MMR,2022,42.84624,1158.05005055976,East Asia & Pacific,Lower middle income,2,7.054492878753113
Myanmar,MMR,2023,42.402355,1233.19666209269,East Asia & Pacific,Lower middle income,2,7.1173649893043835
Myanmar,MMR,2024,41.958466,1359.05001560107,East Asia & Pacific,Lower middle income,2,7.214541216712384
Myanmar,MMR,2025,41.51458,,East Asia & Pacific,Lower middle income,2,
Namibia,NAM,1990,10.651375,2037.47589359778,Sub-Saharan Africa,Upper middle income,3,7.619467013681974
Namibia,NAM,1991,10.5651245,2116.90552516214,Sub-Saharan Africa,Upper middle income,3,7.657710643385231
Namibia,NAM,1992,10.478874,2346.86242963741,Sub-Saharan Africa,Upper middle income,3,7.760834578725067
Namibia,NAM,1993,10.392624,2154.96473655435,Sub-Saharan Africa,Upper middle income,3,7.675529638856099
Namibia,NAM,1994,10.306374,2355.90445673153,Sub-Saharan Africa,Upper middle income,3,7.764679990779197
Namibia,NAM,1995,10.220123,2483.20353415161,Sub-Saharan Africa,Upper middle income,3,7.817304753212601
Namibia,NAM,1996,10.133873,2423.3982907313,Sub-Saharan Africa,Upper middle income,3,7.792926086478737
Namibia,NAM,1997,10.047623,2459.64511763936,Sub-Saharan Africa,Upper middle income,3,7.80777235739756
Namibia,NAM,1998,9.961372,2235.24515468625,Sub-Saharan Africa,Upper middle income,3,7.712106189929933
Namibia,NAM,1999,9.875122,2177.78733370092,Sub-Saharan Africa,Upper middle income,3,7.686064655796654
Namibia,NAM,2000,9.788872,2156.67590512714,Sub-Saharan Africa,Upper middle income,3,7.676323382493306
Namibia,NAM,2001,9.788088,1915.58926594875,Sub-Saharan Africa,Upper middle income,3,7.557780564959724
Namibia,NAM,2002,9.787305,1772.07565537493,Sub-Saharan Africa,Upper middle income,3,7.47990682516047
Namibia,NAM,2003,9.786521,2569.24739317883,Sub-Saharan Africa,Upper middle income,3,7.8513682918812675
Namibia,NAM,2004,9.785738,3403.15496192955,Sub-Saharan Africa,Upper middle income,3,8.132458210322657
Namibia,NAM,2005,9.784954,3685.77299991587,Sub-Saharan Africa,Upper middle income,3,8.212235551937244
Namibia,NAM,2006,9.784171,4017.1834716928,Sub-Saharan Africa,Upper middle income,3,8.298336307125775
Namibia,NAM,2007,9.783387,4379.04313682732,Sub-Saharan Africa,Upper middle income,3,8.384585517592642
Namibia,NAM,2008,9.782604,4204.78555422749,Sub-Saharan Africa,Upper middle income,3,8.343978573301024
Namibia,NAM,2009,9.78182,4302.91374148376,Sub-Saharan Africa,Upper middle income,3,8.367047686503293
Namibia,NAM,2010,9.781037,5418.21633365814,Sub-Saharan Africa,Upper middle income,3,8.597521950540813
Namibia,NAM,2011,9.780254,5834.7917675794,Sub-Saharan Africa,Upper middle income,3,8.671593857293704
Namibia,NAM,2012,9.779472,5942.64680978673,Sub-Saharan Africa,Upper middle income,3,8.689909903983745
Namibia,NAM,2013,9.77869,5346.62131149967,Sub-Saharan Africa,Upper middle income,3,8.58422010982982
Namibia,NAM,2014,9.777908,5378.32326241205,Sub-Saharan Africa,Upper middle income,3,8.590131943317665
Namibia,NAM,2015,9.777126,4774.10650865775,Sub-Saharan Africa,Upper middle income,3,8.470962116800253
Namibia,NAM,2016,9.776341,4395.68776162376,Sub-Saharan Africa,Upper middle income,3,8.388379285162827
Namibia,NAM,2017,9.775557,5143.96072323076,Sub-Saharan Africa,Upper middle income,3,8.545578630435498
Namibia,NAM,2018,9.774772,5308.60813408705,Sub-Saharan Africa,Upper middle income,3,8.577084958235245
Namibia,NAM,2019,9.773988,4731.9210318831,Sub-Saharan Africa,Upper middle income,3,8.462086536853176
Namibia,NAM,2020,9.773203,3878.58982993966,Sub-Saharan Africa,Upper middle income,3,8.263226920663014
Namibia,NAM,2021,9.772421,4412.8355693052,Sub-Saharan Africa,Upper middle income,3,8.392272748050816
Namibia,NAM,2022,9.771638,4349.79908493314,Sub-Saharan Africa,Upper middle income,3,8.377884935644369
Namibia,NAM,2023,9.770856,4187.60500396525,Sub-Saharan Africa,Upper middle income,3,8.339884251392727
Namibia,NAM,2024,9.770074,4413.12752211572,Sub-Saharan Africa,Upper middle income,3,8.392338905773798
Namibia,NAM,2025,9.769292,,Sub-Saharan Africa,Upper middle income,3,
Nauru,NRU,1990,0.0,5775.55347423089,East Asia & Pacific,High income,4,8.661389370491325
Nauru,NRU,1991,0.0,5333.37954889626,East Asia & Pacific,High income,4,8.581740377934313
Nauru,NRU,1992,0.0,5102.59685913907,East Asia & Pacific,High income,4,8.537504877186647
Nauru,NRU,1993,0.0,4310.24433298623,East Asia & Pacific,High income,4,8.368749871278977
Nauru,NRU,1994,0.0,3920.53972987914,East Asia & Pacific,High income,4,8.273984609500292
Nauru,NRU,1995,0.0,3932.0910939209,East Asia & Pacific,High income,4,8.276926648323444
Nauru,NRU,1996,0.0,3678.56242894634,East Asia & Pacific,High income,4,8.210277310533552
Nauru,NRU,1997,0.0,3661.02846701327,East Asia & Pacific,High income,4,8.205499388837962
Nauru,NRU,1998,0.0,2908.84986525428,East Asia & Pacific,High income,4,7.97551304673167
Nauru,NRU,1999,0.0,2682.69486680046,East Asia & Pacific,High income,4,7.894577115594463
Nauru,NRU,2000,0.0,2648.60152860938,East Asia & Pacific,High income,4,7.881787054631329
Nauru,NRU,2001,0.0,2232.30874026726,East Asia & Pacific,High income,4,7.710791638427751
Nauru,NRU,2002,0.0,2084.64824520971,East Asia & Pacific,High income,4,7.642355412666746
Nauru,NRU,2003,0.0,2463.28259078079,East Asia & Pacific,High income,4,7.809250125920209
Nauru,NRU,2004,0.0,3040.51349889,East Asia & Pacific,High income,4,8.019781694244438
Nauru,NRU,2005,0.0,2992.40382776926,East Asia & Pacific,High income,4,8.003832299161067
Nauru,NRU,2006,0.0,2910.14145794684,East Asia & Pacific,High income,4,7.9759569699623585
Nauru,NRU,2007,0.0,2272.15291307045,East Asia & Pacific,High income,4,7.7284830808643274
Nauru,NRU,2008,0.0,3756.84531228766,East Asia & Pacific,High income,4,8.231334871526345
Nauru,NRU,2009,0.0,4410.56764668962,East Asia & Pacific,High income,4,8.39175867822764
Nauru,NRU,2010,0.0,4735.92000502092,East Asia & Pacific,High income,4,8.462931285589459
Nauru,NRU,2011,0.0,6444.03642094634,East Asia & Pacific,High income,4,8.770910396196836
Nauru,NRU,2012,0.0,9842.77032731856,East Asia & Pacific,High income,4,9.194492487751225
Nauru,NRU,2013,0.0,8974.51886874433,East Asia & Pacific,High income,4,9.102144603980172
Nauru,NRU,2014,0.0,9230.05440328927,East Asia & Pacific,High income,4,9.13022022166038
Nauru,NRU,2015,0.0,7747.25584993607,East Asia & Pacific,High income,4,8.955093975765678
Nauru,NRU,2016,0.0,8748.15632605428,East Asia & Pacific,High income,4,9.076598251556321
Nauru,NRU,2017,0.0,9656.97976571484,East Asia & Pacific,High income,4,9.175436224667513
Nauru,NRU,2018,0.0,11413.7463016389,East Asia & Pacific,High income,4,9.342573723903678
Nauru,NRU,2019,0.0,10801.7705659635,East Asia & Pacific,High income,4,9.287465340968323
Nauru,NRU,2020,0.0,10709.068810538,East Asia & Pacific,High income,4,9.278846213867018
Nauru,NRU,2021,0.0,14979.099896799,East Asia & Pacific,High income,4,9.614411168269854
Nauru,NRU,2022,0.0,12911.9086441381,East Asia & Pacific,High income,4,9.465905315216585
Nauru,NRU,2023,0.0,12752.4723855838,East Asia & Pacific,High income,4,9.453480444382762
Nauru,NRU,2024,0.0,13609.158837552,East Asia & Pacific,High income,4,9.51849828900018
Nauru,NRU,2025,0.0,,East Asia & Pacific,High income,4,
Nepal,NPL,1990,40.09843,185.794600449903,South Asia,Lower middle income,2,5.224641764869744
Nepal,NPL,1991,40.215214,195.716621410462,South Asia,Lower middle income,2,5.276667803909684
Nepal,NPL,1992,40.331997,165.02959412726,South Asia,Lower middle income,2,5.106124816164826
Nepal,NPL,1993,40.448784,172.805202579767,South Asia,Lower middle income,2,5.1521649634385325
Nepal,NPL,1994,40.565567,187.258176246151,South Asia,Lower middle income,2,5.232488286310006
Nepal,NPL,1995,40.68235,197.843001330326,South Asia,Lower middle income,2,5.287473793591044
Nepal,NPL,1996,40.799133,198.821907435345,South Asia,Lower middle income,2,5.2924094865180065
Nepal,NPL,1997,40.91592,211.834869589153,South Asia,Lower middle income,2,5.355807054126226
Nepal,NPL,1998,41.032703,205.075246306069,South Asia,Lower middle income,2,5.323376966941702
Nepal,NPL,1999,41.149487,208.646667913743,South Asia,Lower middle income,2,5.340642237170015
Nepal,NPL,2000,41.26627,223.830289183078,South Asia,Lower middle income,2,5.4108881271271
Nepal,NPL,2001,41.383057,240.795114544664,South Asia,Lower middle income,2,5.483946424793072
Nepal,NPL,2002,41.49984,238.89140296106,South Asia,Lower middle income,2,5.476009067753154
Nepal,NPL,2003,41.616623,246.429706587633,South Asia,Lower middle income,2,5.507076786842106
Nepal,NPL,2004,41.733406,279.587750044428,South Asia,Lower middle income,2,5.633316196969347
Nepal,NPL,2005,41.850193,309.024168339372,South Asia,Lower middle income,2,5.733419488529661
Nepal,NPL,2006,41.966976,340.431796437968,South Asia,Lower middle income,2,5.830214801379075
Nepal,NPL,2007,42.08376,385.449767660642,South Asia,Lower middle income,2,5.954410880130779
Nepal,NPL,2008,42.200542,464.817391891529,South Asia,Lower middle income,2,6.1416446228487
Nepal,NPL,2009,42.31733,473.078751198621,South Asia,Lower middle income,2,6.159261867653848
Nepal,NPL,2010,42.434113,585.278491984574,South Asia,Lower middle income,2,6.372087788628265
Nepal,NPL,2011,42.458557,785.518656222132,South Asia,Lower middle income,2,6.6663442081738244
Nepal,NPL,2012,42.482998,788.202937148377,South Asia,Lower middle income,2,6.669755591153829
Nepal,NPL,2013,42.507442,803.269595420477,South Asia,Lower middle income,2,6.688690392868628
Nepal,NPL,2014,42.531887,821.455224911731,South Asia,Lower middle income,2,6.711077431928296
Nepal,NPL,2015,42.55633,875.543635474862,South Asia,Lower middle income,2,6.77484499111767
Nepal,NPL,2016,42.671993,877.256454696737,South Asia,Lower middle income,2,6.776799372312274
Nepal,NPL,2017,42.78765,1034.28374906846,South Asia,Lower middle income,2,6.941464436250713
Nepal,NPL,2018,42.903313,1179.19843190389,South Asia,Lower middle income,2,7.072590191637622
Nepal,NPL,2019,43.018974,1203.14294706401,South Asia,Lower middle income,2,7.092692534405107
Nepal,NPL,2020,43.134636,1154.21517578318,South Asia,Lower middle income,2,7.051175890503701
Nepal,NPL,2021,43.250298,1252.75076731986,South Asia,Lower middle income,2,7.133097026348016
Nepal,NPL,2022,43.36596,1385.91066274851,South Asia,Lower middle income,2,7.234112720781007
Nepal,NPL,2023,43.481617,1382.33055769304,South Asia,Lower middle income,2,7.231526163637775
Nepal,NPL,2024,43.59728,1447.31004458428,South Asia,Lower middle income,2,7.277461970842152
Nepal,NPL,2025,43.71294,,South Asia,Lower middle income,2,
Netherlands,NLD,1990,10.256311,21322.1944802703,Europe & Central Asia,High income,4,9.967503803577083
Netherlands,NLD,1991,10.298396,21764.2144987258,Europe & Central Asia,High income,4,9.988022363223754
Netherlands,NLD,1992,10.340481,23939.2173482108,Europe & Central Asia,High income,4,10.08327328635579
Netherlands,NLD,1993,10.382566,23156.4404444568,Europe & Central Asia,High income,4,10.050028225766699
Netherlands,NLD,1994,10.424651,24682.5866742863,Europe & Central Asia,High income,4,10.11385328104781
Netherlands,NLD,1995,10.466736,29301.1940492376,Europe & Central Asia,High income,4,10.285383546708504
Netherlands,NLD,1996,10.508821,29063.6236532536,Europe & Central Asia,High income,4,10.277242624920063
Netherlands,NLD,1997,10.550906,26744.9601318097,Europe & Central Asia,High income,4,10.19410132828597
Netherlands,NLD,1998,10.592991,27924.281808994,Europe & Central Asia,High income,4,10.237251905038868
Netherlands,NLD,1999,10.635076,28318.7466538357,Europe & Central Asia,High income,4,10.251279290254708
Netherlands,NLD,2000,10.67716,26225.1697734149,Europe & Central Asia,High income,4,10.174474906967658
Netherlands,NLD,2001,10.718681,26955.7128032278,Europe & Central Asia,High income,4,10.20195053172933
Netherlands,NLD,2002,10.760202,29446.5330872868,Europe & Central Asia,High income,4,10.290331460156297
Netherlands,NLD,2003,10.801723,35896.7504630706,Europe & Central Asia,High income,4,10.48840205403051
Netherlands,NLD,2004,10.843244,40611.3414353091,Europe & Central Asia,High income,4,10.611802652277348
Netherlands,NLD,2005,10.884764,42165.396168388,Europe & Central Asia,High income,4,10.649355167633713
Netherlands,NLD,2006,10.926285,45123.5432406426,Europe & Central Asia,High income,4,10.71715941235824
Netherlands,NLD,2007,10.967805,52100.7996285947,Europe & Central Asia,High income,4,10.860935575581351
Netherlands,NLD,2008,11.009326,58246.7026905874,Europe & Central Asia,High income,4,10.972442763655584
Netherlands,NLD,2009,11.050846,53172.0261581418,Europe & Central Asia,High income,4,10.881287712940686
Netherlands,NLD,2010,11.092367,51305.7338533973,Europe & Central Asia,High income,4,10.845557795934335
Netherlands,NLD,2011,11.040986,54701.7728030611,Europe & Central Asia,High income,4,10.909651397447254
Netherlands,NLD,2012,10.989605,50473.9442002689,Europe & Central Asia,High income,4,10.829212525681811
Netherlands,NLD,2013,10.938224,52602.2860520766,Europe & Central Asia,High income,4,10.870514858847491
Netherlands,NLD,2014,10.886843,53457.2234864322,Europe & Central Asia,High income,4,10.886637052063445
Netherlands,NLD,2015,10.835462,45793.8135434697,Europe & Central Asia,High income,4,10.73190428550867
Netherlands,NLD,2016,10.848826,46808.5291492503,Europe & Central Asia,High income,4,10.753820712079664
Netherlands,NLD,2017,10.862192,49513.6817346384,Europe & Central Asia,High income,4,10.810004309045267
Netherlands,NLD,2018,10.875557,53955.0770024266,Europe & Central Asia,High income,4,10.895907071956978
Netherlands,NLD,2019,10.888922,53554.9007491475,Europe & Central Asia,High income,4,10.888462588946103
Netherlands,NLD,2020,10.902287,53467.9277413737,Europe & Central Asia,High income,4,10.886837271653585
Netherlands,NLD,2021,10.915652,60141.9880911492,Europe & Central Asia,High income,4,11.004463513713938
Netherlands,NLD,2022,10.929017,59123.318556487,Europe & Central Asia,High income,4,10.987380686598927
Netherlands,NLD,2023,10.942382,63515.6030780019,Europe & Central Asia,High income,4,11.059040872460928
Netherlands,NLD,2024,10.955747,67520.4218956281,Europe & Central Asia,High income,4,11.120185377704525
Netherlands,NLD,2025,10.969112,,Europe & Central Asia,High income,4,
New Caledonia,NCL,1990,45.46663,14334.6807372176,East Asia & Pacific,High income,4,9.570437106511562
New Caledonia,NCL,1991,45.50339,14642.5179713722,East Asia & Pacific,High income,4,9.591684765306344
New Caledonia,NCL,1992,45.540154,15713.7198562158,East Asia & Pacific,High income,4,9.662289485920992
New Caledonia,NCL,1993,45.576916,14787.2165075183,East Asia & Pacific,High income,4,9.601518337013664
New Caledonia,NCL,1994,45.613678,15534.3093278924,East Asia & Pacific,High income,4,9.650806361739514
New Caledonia,NCL,1995,45.650436,18107.8880778022,East Asia & Pacific,High income,4,9.80410292772176
New Caledonia,NCL,1996,45.6872,17592.0502745845,East Asia & Pacific,High income,4,9.77520239004
New Caledonia,NCL,1997,45.72396,15704.9593483537,East Asia & Pacific,High income,4,9.661731823516911
New Caledonia,NCL,1998,45.760723,16614.5978812179,East Asia & Pacific,High income,4,9.718036978342216
New Caledonia,NCL,1999,45.797485,16692.6835119189,East Asia & Pacific,High income,4,9.722725789346532
New Caledonia,NCL,2000,45.834244,15329.7297200058,East Asia & Pacific,High income,4,9.637549340921511
New Caledonia,NCL,2001,45.840645,14482.3606263602,East Asia & Pacific,High income,4,9.580686679334637
New Caledonia,NCL,2002,45.847046,16104.5520406819,East Asia & Pacific,High income,4,9.686857246456501
New Caledonia,NCL,2003,45.853447,20768.1061488848,East Asia & Pacific,High income,4,9.94117373066587
New Caledonia,NCL,2004,45.859848,24475.6488547037,East Asia & Pacific,High income,4,10.105433977964717
New Caledonia,NCL,2005,45.86625,25528.2918353444,East Asia & Pacific,High income,4,10.147542599863293
New Caledonia,NCL,2006,45.872646,28193.2537573387,East Asia & Pacific,High income,4,10.246837999843345
New Caledonia,NCL,2007,45.879047,35177.6535261448,East Asia & Pacific,High income,4,10.46816631698079
New Caledonia,NCL,2008,45.88545,35723.9033194947,East Asia & Pacific,High income,4,10.483575304482084
New Caledonia,NCL,2009,45.89185,33836.494080472,East Asia & Pacific,High income,4,10.429295205530085
New Caledonia,NCL,2010,45.89825,35798.9084757829,East Asia & Pacific,High income,4,10.485672682420706
New Caledonia,NCL,2011,46.484573,38835.9401851385,East Asia & Pacific,High income,4,10.56710139029775
New Caledonia,NCL,2012,47.070896,35559.5672006157,East Asia & Pacific,High income,4,10.478964518592461
New Caledonia,NCL,2013,47.657223,36671.1566752621,East Asia & Pacific,High income,4,10.509745803389345
New Caledonia,NCL,2014,48.243546,37816.9558599295,East Asia & Pacific,High income,4,10.540512848754256
New Caledonia,NCL,2015,48.82987,30858.7237060533,East Asia & Pacific,High income,4,10.337174767513405
New Caledonia,NCL,2016,48.82987,30782.8544433514,East Asia & Pacific,High income,4,10.334713140044054
New Caledonia,NCL,2017,48.82987,32354.7102832901,East Asia & Pacific,High income,4,10.384514893140972
New Caledonia,NCL,2018,48.82987,34902.8968780031,East Asia & Pacific,High income,4,10.460325109846162
New Caledonia,NCL,2019,48.82987,33411.3358835672,East Asia & Pacific,High income,4,10.41665051909401
New Caledonia,NCL,2020,48.82987,33270.330597637,East Asia & Pacific,High income,4,10.4124213057722
New Caledonia,NCL,2021,48.82987,35311.5543551452,East Asia & Pacific,High income,4,10.471965508206903
New Caledonia,NCL,2022,48.82987,33516.363085906,East Asia & Pacific,High income,4,10.419789048885681
New Caledonia,NCL,2023,48.82987,33701.8923322781,East Asia & Pacific,High income,4,10.425309267057091
New Caledonia,NCL,2024,48.82987,29213.1923192946,East Asia & Pacific,High income,4,10.28237567798587
New Caledonia,NCL,2025,48.82987,,East Asia & Pacific,High income,4,
New Zealand,NZL,1990,35.59405,13663.0216184298,East Asia & Pacific,High income,4,9.522448310598072
New Zealand,NZL,1991,35.775654,12230.0734548834,East Asia & Pacific,High income,4,9.411653234786108
New Zealand,NZL,1992,35.957253,11793.1392416214,East Asia & Pacific,High income,4,9.37527322116191
New Zealand,NZL,1993,36.13885,13094.3454502639,East Asia & Pacific,High income,4,9.479935770985692
New Zealand,NZL,1994,36.32045,15280.3127842922,East Asia & Pacific,High income,4,9.634320532687191
New Zealand,NZL,1995,36.502052,17400.4201848172,East Asia & Pacific,High income,4,9.764249633463761
New Zealand,NZL,1996,36.68365,18794.436039393,East Asia & Pacific,High income,4,9.841316149663177
New Zealand,NZL,1997,36.86525,17474.187029724,East Asia & Pacific,High income,4,9.768480044115627
New Zealand,NZL,1998,37.04685,14738.4455703918,East Asia & Pacific,High income,4,9.598214703628242
New Zealand,NZL,1999,37.22845,15322.2238340267,East Asia & Pacific,High income,4,9.63705959163908
New Zealand,NZL,2000,37.41005,13641.1027183822,East Asia & Pacific,High income,4,9.520842772585889
New Zealand,NZL,2001,37.40917,13882.8568268586,East Asia & Pacific,High income,4,9.5384100361428
New Zealand,NZL,2002,37.408287,16874.1874918196,East Asia & Pacific,High income,4,9.733540365948635
New Zealand,NZL,2003,37.407406,21913.7081719961,East Asia & Pacific,High income,4,9.994867663910165
New Zealand,NZL,2004,37.406525,25420.234882944,East Asia & Pacific,High income,4,10.143300784785099
New Zealand,NZL,2005,37.405643,27751.0654708859,East Asia & Pacific,High income,4,10.231029513784737
New Zealand,NZL,2006,37.404762,26654.5932018985,East Asia & Pacific,High income,4,10.190716767534644
New Zealand,NZL,2007,37.40388,32479.9817381467,East Asia & Pacific,High income,4,10.388379232026278
New Zealand,NZL,2008,37.403,31324.7397977102,East Asia & Pacific,High income,4,10.352163473192187
New Zealand,NZL,2009,37.40212,28276.7255416225,East Asia & Pacific,High income,4,10.249794326235328
New Zealand,NZL,2010,37.401237,33761.9009639947,East Asia & Pacific,High income,4,10.427088255299847
New Zealand,NZL,2011,37.40009,38431.7766788499,East Asia & Pacific,High income,4,10.556639914050221
New Zealand,NZL,2012,37.398945,40053.6991536369,East Asia & Pacific,High income,4,10.597976311617959
New Zealand,NZL,2013,37.397797,43000.4646849189,East Asia & Pacific,High income,4,10.668966201243329
New Zealand,NZL,2014,37.396652,44618.266973847,East Asia & Pacific,High income,4,10.705898627560504
New Zealand,NZL,2015,37.395504,38665.3723018158,East Asia & Pacific,High income,4,10.562699705907054
New Zealand,NZL,2016,37.48565,40113.7195382428,East Asia & Pacific,High income,4,10.599473687903732
New Zealand,NZL,2017,37.575794,42950.3841711138,East Asia & Pacific,High income,4,10.66780087198506
New Zealand,NZL,2018,37.66594,43257.0769238879,East Asia & Pacific,High income,4,10.674916127272361
New Zealand,NZL,2019,37.75608,42855.831861632,East Asia & Pacific,High income,4,10.665597014219891
New Zealand,NZL,2020,37.846226,41997.7830324279,East Asia & Pacific,High income,4,10.645372110930138
New Zealand,NZL,2021,38.10276,49950.4251691316,East Asia & Pacific,High income,4,10.818786295935
New Zealand,NZL,2022,38.359295,49099.7090423358,East Asia & Pacific,High income,4,10.801608387947047
New Zealand,NZL,2023,38.61583,49075.9562832927,East Asia & Pacific,High income,4,10.80112450511462
New Zealand,NZL,2024,38.872364,49205.1792146792,East Asia & Pacific,High income,4,10.80375416553109
New Zealand,NZL,2025,39.1289,,East Asia & Pacific,High income,4,
Nicaragua,NIC,1990,58.99036,242.508390600822,Latin America & Caribbean,Lower middle income,2,5.491036310194718
Nicaragua,NIC,1991,58.16503,349.514318640612,Latin America & Caribbean,Lower middle income,2,5.856544529763451
Nicaragua,NIC,1992,57.339703,411.473330661786,Latin America & Caribbean,Lower middle income,2,6.019744207960449
Nicaragua,NIC,1993,56.514378,394.378074021071,Latin America & Caribbean,Lower middle income,2,5.977310027930256
Nicaragua,NIC,1994,55.68905,849.179331364895,Latin America & Caribbean,Lower middle income,2,6.744270390584358
Nicaragua,NIC,1995,54.86372,891.779352309996,Latin America & Caribbean,Lower middle income,2,6.793218739099595
Nicaragua,NIC,1996,54.03839,910.861645917295,Latin America & Caribbean,Lower middle income,2,6.814391015163663
Nicaragua,NIC,1997,53.213062,912.757429788533,Latin America & Caribbean,Lower middle income,2,6.816470160506487
Nicaragua,NIC,1998,52.387733,949.155373494771,Latin America & Caribbean,Lower middle income,2,6.855572508596252
Nicaragua,NIC,1999,51.562405,980.219744675246,Latin America & Caribbean,Lower middle income,2,6.887776775789449
Nicaragua,NIC,2000,50.73708,1017.3124434882,Latin America & Caribbean,Lower middle income,2,6.924919569601626
Nicaragua,NIC,2001,49.91175,1051.874235891,Latin America & Caribbean,Lower middle income,2,6.958328838519138
Nicaragua,NIC,2002,49.086422,1014.3339042591,Latin America & Caribbean,Lower middle income,2,6.921987424086836
Nicaragua,NIC,2003,48.261093,1021.35216668794,Latin America & Caribbean,Lower middle income,2,6.9288826819909675
Nicaragua,NIC,2004,47.435764,1098.62118662335,Latin America & Caribbean,Lower middle income,2,7.001811205833934
Nicaragua,NIC,2005,46.610435,1183.30214010175,Latin America & Caribbean,Lower middle income,2,7.076064232976514
Nicaragua,NIC,2006,45.78511,1248.17371577788,Latin America & Caribbean,Lower middle income,2,7.129436734577441
Nicaragua,NIC,2007,44.95978,1350.38145753377,Latin America & Caribbean,Lower middle income,2,7.208142392655722
Nicaragua,NIC,2008,44.134453,1523.68437086409,Latin America & Caribbean,Lower middle income,2,7.328886609065013
Nicaragua,NIC,2009,43.309124,1467.08288052845,Latin America & Caribbean,Lower middle income,2,7.291031273158185
Nicaragua,NIC,2010,42.483795,1526.56706951408,Latin America & Caribbean,Lower middle income,2,7.330776748002456
Nicaragua,NIC,2011,42.299984,1679.71192084633,Latin America & Caribbean,Lower middle income,2,7.4263775820069595
Nicaragua,NIC,2012,42.11617,1784.69836017555,Latin America & Caribbean,Lower middle income,2,7.487004694037964
Nicaragua,NIC,2013,41.932358,1835.43996363715,Latin America & Caribbean,Lower middle income,2,7.51503949395039
Nicaragua,NIC,2014,41.748547,1958.37047579547,Latin America & Caribbean,Lower middle income,2,7.579868016528035
Nicaragua,NIC,2015,41.56473,2074.45620634731,Latin America & Caribbean,Lower middle income,2,7.637454329088445
Nicaragua,NIC,2016,41.38097,2131.68704828322,Latin America & Caribbean,Lower middle income,2,7.66466898665169
Nicaragua,NIC,2017,41.19721,2182.61380995674,Latin America & Caribbean,Lower middle income,2,7.6882784329551965
Nicaragua,NIC,2018,41.013447,2035.16549390507,Latin America & Caribbean,Lower middle income,2,7.6183324183563705
Nicaragua,NIC,2019,40.82968,1958.62051528095,Latin America & Caribbean,Lower middle income,2,7.579995685693672
Nicaragua,NIC,2020,40.64592,1938.44704754382,Latin America & Caribbean,Lower middle income,2,7.56964244053661
Nicaragua,NIC,2021,40.46206,2138.38588469449,Latin America & Caribbean,Lower middle income,2,7.6678065639305375
Nicaragua,NIC,2022,40.278194,2322.89053964583,Latin America & Caribbean,Lower middle income,2,7.750567611404438
Nicaragua,NIC,2023,40.094334,2609.44492072931,Latin America & Caribbean,Lower middle income,2,7.866892803648334
Nicaragua,NIC,2024,39.91047,2847.53966339498,Latin America & Caribbean,Lower middle income,2,7.9542106244236175
Nicaragua,NIC,2025,39.72661,,Latin America & Caribbean,Lower middle income,2,
Niger,NER,1990,1.5354859,423.887460599302,Sub-Saharan Africa,Low income,1,6.049467996886155
Niger,NER,1991,1.4867846,384.44311679922,Sub-Saharan Africa,Low income,1,5.951795837297154
Niger,NER,1992,1.4380832,384.029657304316,Sub-Saharan Africa,Low income,1,5.950719782168769
Niger,NER,1993,1.3893819,335.429581902384,Sub-Saharan Africa,Low income,1,5.815412044373948
Niger,NER,1994,1.3406805,206.214617135856,Sub-Saharan Africa,Low income,1,5.328917457217145
Niger,NER,1995,1.2919792,237.01998956862,Sub-Saharan Africa,Low income,1,5.4681444817497535
Niger,NER,1996,1.2432778,239.494513213973,Sub-Saharan Africa,Low income,1,5.478530507252318
Niger,NER,1997,1.1945765,220.562957209,Sub-Saharan Africa,Low income,1,5.396183174355981
Niger,NER,1998,1.1458751,246.090855923026,Sub-Saharan Africa,Low income,1,5.505700800766142
Niger,NER,1999,1.0971738,228.271656116064,Sub-Saharan Africa,Low income,1,5.4305363939056335
Niger,NER,2000,1.0484724,194.771959898935,Sub-Saharan Africa,Low income,1,5.271829437823696
Niger,NER,2001,1.0386674,205.417936120931,Sub-Saharan Africa,Low income,1,5.32504661656875
Niger,NER,2002,1.0288624,225.294391147438,Sub-Saharan Africa,Low income,1,5.41740795208809
Niger,NER,2003,1.0190574,265.225363452469,Sub-Saharan Africa,Low income,1,5.580579892699638
Niger,NER,2004,1.0092524,283.468281798296,Sub-Saharan Africa,Low income,1,5.6471002361266605
Niger,NER,2005,0.9994474,318.643121918273,Sub-Saharan Africa,Low income,1,5.764071736459942
Niger,NER,2006,0.9896424,333.345078419447,Sub-Saharan Africa,Low income,1,5.809178224951621
Niger,NER,2007,0.97983736,387.168065883301,Sub-Saharan Africa,Low income,1,5.95885887752627
Niger,NER,2008,0.9700324,475.044955398162,Sub-Saharan Africa,Low income,1,6.16340944249978
Niger,NER,2009,0.9602274,461.131533961487,Sub-Saharan Africa,Low income,1,6.133683325426616
Niger,NER,2010,0.95042235,474.425692340831,Sub-Saharan Africa,Low income,1,6.162105003765174
Niger,NER,2011,0.9406173,510.75956176268,Sub-Saharan Africa,Low income,1,6.235898954545853
Niger,NER,2012,0.93081236,528.510104469655,Sub-Saharan Africa,Low income,1,6.270061924275405
Niger,NER,2013,0.92100734,552.103334363117,Sub-Saharan Africa,Low income,1,6.3137352286905575
Niger,NER,2014,0.9112023,565.30989731175,Sub-Saharan Africa,Low income,1,6.33737407159759
Niger,NER,2015,0.90139735,485.662574175279,Sub-Saharan Africa,Low income,1,6.185514090947897
Niger,NER,2016,0.8915923,502.706475406446,Sub-Saharan Africa,Low income,1,6.220006451869686
Niger,NER,2017,0.8817873,521.804130023434,Sub-Saharan Africa,Low income,1,6.257292287626142
Niger,NER,2018,0.87198234,578.568035680892,Sub-Saharan Africa,Low income,1,6.360556146772828
Niger,NER,2019,0.8621773,561.691304349698,Sub-Saharan Africa,Low income,1,6.330952418467333
Niger,NER,2020,0.8523723,579.512495758236,Sub-Saharan Africa,Low income,1,6.362187225546872
Niger,NER,2021,0.8484882,608.722439593808,Sub-Saharan Africa,Low income,1,6.41136239960404
Niger,NER,2022,0.8446041,609.745147574878,Sub-Saharan Africa,Low income,1,6.413041079007583
Niger,NER,2023,0.84072,638.336080897887,Sub-Saharan Africa,Low income,1,6.458864917216047
Niger,NER,2024,0.83683586,735.270255787226,Sub-Saharan Africa,Low income,1,6.600238126578222
Niger,NER,2025,0.8329518,,Sub-Saharan Africa,Low income,1,
Nigeria,NGA,1990,23.684202,556.376449130902,Sub-Saharan Africa,Lower middle income,2,6.321445131926474
Nigeria,NGA,1991,23.544886,596.938795710722,Sub-Saharan Africa,Lower middle income,2,6.391814588389559
Nigeria,NGA,1992,23.405573,508.515905682785,Sub-Saharan Africa,Lower middle income,2,6.231496494611581
Nigeria,NGA,1993,23.266258,539.573202297542,Sub-Saharan Africa,Lower middle income,2,6.290778460938686
Nigeria,NGA,1994,23.126945,744.884247151377,Sub-Saharan Africa,Lower middle income,2,6.613228833356761
Nigeria,NGA,1995,22.98763,1271.61617353199,Sub-Saharan Africa,Lower middle income,2,7.1480439479963325
Nigeria,NGA,1996,22.848318,1632.72469370276,Sub-Saharan Africa,Lower middle income,2,7.398005489475858
Nigeria,NGA,1997,22.709002,1720.27540949396,Sub-Saharan Africa,Lower middle income,2,7.4502396787881855
Nigeria,NGA,1998,22.569689,1822.46998452473,Sub-Saharan Africa,Lower middle income,2,7.5079479943506096
Nigeria,NGA,1999,22.430374,480.669363941805,Sub-Saharan Africa,Lower middle income,2,6.175179640690454
Nigeria,NGA,2000,22.291061,547.318298903379,Sub-Saharan Africa,Lower middle income,2,6.305030532459163
Nigeria,NGA,2001,22.151747,566.428231812933,Sub-Saharan Africa,Lower middle income,2,6.339350385439818
Nigeria,NGA,2002,22.012434,712.164852077686,Sub-Saharan Africa,Lower middle income,2,6.568309418429133
Nigeria,NGA,2003,21.873117,763.388745367223,Sub-Saharan Africa,Lower middle income,2,6.637767397429625
Nigeria,NGA,2004,21.733805,962.48104194733,Sub-Saharan Africa,Lower middle income,2,6.869514369289859
Nigeria,NGA,2005,21.59449,1211.37703504386,Sub-Saharan Africa,Lower middle income,2,7.099513036998704
Nigeria,NGA,2006,21.455177,1599.53891556365,Sub-Saharan Africa,Lower middle income,2,7.37747068892396
Nigeria,NGA,2007,21.315863,1815.52697545827,Sub-Saharan Africa,Lower middle income,2,7.504131049162221
Nigeria,NGA,2008,21.17655,2154.10543545364,Sub-Saharan Africa,Lower middle income,2,7.6751308051969565
Nigeria,NGA,2009,21.037235,1820.48633854782,Sub-Saharan Africa,Lower middle income,2,7.506858963356526
Nigeria,NGA,2010,20.89792,2202.25672957344,Sub-Saharan Africa,Lower middle income,2,7.697237899757034
Nigeria,NGA,2011,20.758606,2418.41316975875,Sub-Saharan Africa,Lower middle income,2,7.79086688909992
Nigeria,NGA,2012,20.619291,2633.19734671361,Sub-Saharan Africa,Lower middle income,2,7.875954107965085
Nigeria,NGA,2013,20.479977,2872.79083379398,Sub-Saharan Africa,Lower middle income,2,7.963039252219641
Nigeria,NGA,2014,20.340662,3088.72131316169,Sub-Saharan Africa,Lower middle income,2,8.035512469736158
Nigeria,NGA,2015,20.201345,2585.73360671797,Sub-Saharan Africa,Lower middle income,2,7.857764540382057
Nigeria,NGA,2016,20.062033,2070.4127339595,Sub-Saharan Africa,Lower middle income,2,7.635503254770424
Nigeria,NGA,2017,19.92272,1876.34027111773,Sub-Saharan Africa,Lower middle income,2,7.53707849431141
Nigeria,NGA,2018,19.783407,2057.87944554011,Sub-Saharan Africa,Lower middle income,2,7.629431336223453
Nigeria,NGA,2019,19.644094,3189.81286498516,Sub-Saharan Africa,Lower middle income,2,8.067717531044092
Nigeria,NGA,2020,19.504782,2797.18458068686,Sub-Saharan Africa,Lower middle income,2,7.936368683404559
Nigeria,NGA,2021,19.365469,2787.48779224428,Sub-Saharan Africa,Lower middle income,2,7.932896036294849
Nigeria,NGA,2022,19.226156,2899.16047470324,Sub-Saharan Africa,Lower middle income,2,7.972176482582176
Nigeria,NGA,2023,19.086843,2138.76383719983,Sub-Saharan Africa,Lower middle income,2,7.667983294945769
Nigeria,NGA,2024,18.94753,1084.16041805436,Sub-Saharan Africa,Lower middle income,2,6.988561158185594
Nigeria,NGA,2025,18.808218,,Sub-Saharan Africa,Lower middle income,2,
North Korea,PRK,1990,61.917034,,East Asia & Pacific,Low income,1,
North Korea,PRK,1991,61.917034,,East Asia & Pacific,Low income,1,
North Korea,PRK,1992,61.917034,,East Asia & Pacific,Low income,1,
North Korea,PRK,1993,61.917034,,East Asia & Pacific,Low income,1,
North Korea,PRK,1994,61.917034,,East Asia & Pacific,Low income,1,
North Korea,PRK,1995,61.917034,,East Asia & Pacific,Low income,1,
North Korea,PRK,1996,61.917034,,East Asia & Pacific,Low income,1,
North Korea,PRK,1997,61.917034,,East Asia & Pacific,Low income,1,
North Korea,PRK,1998,61.917034,,East Asia & Pacific,Low income,1,
North Korea,PRK,1999,61.917034,,East Asia & Pacific,Low income,1,
North Korea,PRK,2000,61.917034,,East Asia & Pacific,Low income,1,
North Korea,PRK,2001,62.001892,,East Asia & Pacific,Low income,1,
North Korea,PRK,2002,62.086754,,East Asia & Pacific,Low income,1,
North Korea,PRK,2003,62.17161,,East Asia & Pacific,Low income,1,
North Korea,PRK,2004,62.256474,,East Asia & Pacific,Low income,1,
North Korea,PRK,2005,62.341335,,East Asia & Pacific,Low income,1,
North Korea,PRK,2006,62.426193,,East Asia & Pacific,Low income,1,
North Korea,PRK,2007,62.511055,,East Asia & Pacific,Low income,1,
North Korea,PRK,2008,62.595913,,East Asia & Pacific,Low income,1,
North Korea,PRK,2009,62.680775,,East Asia & Pacific,Low income,1,
North Korea,PRK,2010,62.765633,,East Asia & Pacific,Low income,1,
North Korea,PRK,2011,62.85993,,East Asia & Pacific,Low income,1,
North Korea,PRK,2012,62.954224,,East Asia & Pacific,Low income,1,
North Korea,PRK,2013,63.04852,,East Asia & Pacific,Low income,1,
North Korea,PRK,2014,63.14281,,East Asia & Pacific,Low income,1,
North Korea,PRK,2015,63.237106,,East Asia & Pacific,Low income,1,
North Korea,PRK,2016,63.3314,,East Asia & Pacific,Low income,1,
North Korea,PRK,2017,63.425697,,East Asia & Pacific,Low income,1,
North Korea,PRK,2018,63.51999,,East Asia & Pacific,Low income,1,
North Korea,PRK,2019,63.614285,,East Asia & Pacific,Low income,1,
North Korea,PRK,2020,63.70858,,East Asia & Pacific,Low income,1,
North Korea,PRK,2021,63.80289,,East Asia & Pacific,Low income,1,
North Korea,PRK,2022,63.8972,,East Asia & Pacific,Low income,1,
North Korea,PRK,2023,63.991512,,East Asia & Pacific,Low income,1,
North Korea,PRK,2024,64.08582,,East Asia & Pacific,Low income,1,
North Korea,PRK,2025,64.18014,,East Asia & Pacific,Low income,1,
North Macedonia,MKD,1990,36.161777,2277.30372314314,Europe & Central Asia,Upper middle income,3,7.730747444583072
North Macedonia,MKD,1991,36.34239,2402.13517656378,Europe & Central Asia,Upper middle income,3,7.784113277727473
North Macedonia,MKD,1992,36.523,1198.92829846257,Europe & Central Asia,Upper middle income,3,7.089183352123902
North Macedonia,MKD,1993,36.70361,1336.64775641463,Europe & Central Asia,Upper middle income,3,7.197920084211705
North Macedonia,MKD,1994,36.88422,1786.35488334914,Europe & Central Asia,Upper middle income,3,7.487932444580698
North Macedonia,MKD,1995,37.06483,2355.24705371138,Europe & Central Asia,Upper middle income,3,7.7644009069828215
North Macedonia,MKD,1996,37.24544,2306.53366957635,Europe & Central Asia,Upper middle income,3,7.743501100583222
North Macedonia,MKD,1997,37.426052,1959.56073782188,Europe & Central Asia,Upper middle income,3,7.580475613751228
North Macedonia,MKD,1998,37.606663,1875.81662735988,Europe & Central Asia,Upper middle income,3,7.536799378178786
North Macedonia,MKD,1999,37.787273,1915.39281060996,Europe & Central Asia,Upper middle income,3,7.557678003613815
North Macedonia,MKD,2000,37.967884,1861.89899780644,Europe & Central Asia,Upper middle income,3,7.529352212437959
North Macedonia,MKD,2001,37.9793,1823.02267682636,Europe & Central Asia,Upper middle income,3,7.508251213891675
North Macedonia,MKD,2002,37.990723,1989.13537265159,Europe & Central Asia,Upper middle income,3,7.5954553371973725
North Macedonia,MKD,2003,38.00214,2445.36286400013,Europe & Central Asia,Upper middle income,3,7.8019488015312035
North Macedonia,MKD,2004,38.01356,2818.5814561242,Europe & Central Asia,Upper middle income,3,7.943989007627062
North Macedonia,MKD,2005,38.02498,3120.98401394233,Europe & Central Asia,Upper middle income,3,8.045903620162926
North Macedonia,MKD,2006,38.0364,3440.4411057968,Europe & Central Asia,Upper middle income,3,8.143354970576183
North Macedonia,MKD,2007,38.04782,4204.11328760452,Europe & Central Asia,Upper middle income,3,8.343818679208576
North Macedonia,MKD,2008,38.05924,5026.4202989873,Europe & Central Asia,Upper middle income,3,8.522463339554898
North Macedonia,MKD,2009,38.07066,4799.78722768888,Europe & Central Asia,Upper middle income,3,8.47632686834867
North Macedonia,MKD,2010,38.082077,4833.36586759968,Europe & Central Asia,Upper middle income,3,8.483298370945421
North Macedonia,MKD,2011,38.351467,5416.86672931659,Europe & Central Asia,Upper middle income,3,8.59727283305077
North Macedonia,MKD,2012,38.620857,5049.8265386157,Europe & Central Asia,Upper middle income,3,8.527109172890501
North Macedonia,MKD,2013,38.890247,5626.26115664893,Europe & Central Asia,Upper middle income,3,8.635200407568773
North Macedonia,MKD,2014,39.159634,5925.38592218015,Europe & Central Asia,Upper middle income,3,8.687001098427343
North Macedonia,MKD,2015,39.429024,5262.68671928674,Europe & Central Asia,Upper middle income,3,8.568396958460816
North Macedonia,MKD,2016,39.80904,5598.48622617967,Europe & Central Asia,Upper middle income,3,8.630251523427452
North Macedonia,MKD,2017,40.189056,5955.2973863451,Europe & Central Asia,Upper middle income,3,8.69203641947534
North Macedonia,MKD,2018,40.569073,6713.98925398989,Europe & Central Asia,Upper middle income,3,8.811948577001
North Macedonia,MKD,2019,40.949085,6718.85826635458,Europe & Central Asia,Upper middle income,3,8.81267351824232
North Macedonia,MKD,2020,41.3291,6659.59651070776,Europe & Central Asia,Upper middle income,3,8.803814177721337
North Macedonia,MKD,2021,41.200474,7620.80296977508,Europe & Central Asia,Upper middle income,3,8.93863701973987
North Macedonia,MKD,2022,41.071846,7606.2375253797,Europe & Central Asia,Upper middle income,3,8.936723916685809
North Macedonia,MKD,2023,40.94322,8674.35846327485,Europe & Central Asia,Upper middle income,3,9.0681266497202
North Macedonia,MKD,2024,40.81459,9291.85661671864,Europe & Central Asia,Upper middle income,3,9.136893662940274
North Macedonia,MKD,2025,40.685963,,Europe & Central Asia,Upper middle income,3,
Northern Mariana Islands,MNP,1990,44.173912,,East Asia & Pacific,High income,4,
Northern Mariana Islands,MNP,1991,44.173912,,East Asia & Pacific,High income,4,
Northern Mariana Islands,MNP,1992,44.173912,,East Asia & Pacific,High income,4,
Northern Mariana Islands,MNP,1993,44.173912,,East Asia & Pacific,High income,4,
Northern Mariana Islands,MNP,1994,44.173912,,East Asia & Pacific,High income,4,
Northern Mariana Islands,MNP,1995,44.173912,,East Asia & Pacific,High income,4,
Northern Mariana Islands,MNP,1996,44.173912,,East Asia & Pacific,High income,4,
Northern Mariana Islands,MNP,1997,44.173912,,East Asia & Pacific,High income,4,
Northern Mariana Islands,MNP,1998,44.173912,,East Asia & Pacific,High income,4,
Northern Mariana Islands,MNP,1999,44.173912,,East Asia & Pacific,High income,4,
Northern Mariana Islands,MNP,2000,44.173912,,East Asia & Pacific,High income,4,
Northern Mariana Islands,MNP,2001,44.173912,,East Asia & Pacific,High income,4,
Northern Mariana Islands,MNP,2002,44.173912,19227.8894246608,East Asia & Pacific,High income,4,9.864117078251569
Northern Mariana Islands,MNP,2003,44.173912,18938.8728389967,East Asia & Pacific,High income,4,9.848971852772564
Northern Mariana Islands,MNP,2004,44.173912,18924.5831899653,East Asia & Pacific,High income,4,9.848217053754805
Northern Mariana Islands,MNP,2005,44.173912,17015.7487891715,East Asia & Pacific,High income,4,9.741894593558326
Northern Mariana Islands,MNP,2006,44.173912,16314.5578590027,East Asia & Pacific,High income,4,9.699813108384548
Northern Mariana Islands,MNP,2007,44.173912,15914.2193040498,East Asia & Pacific,High income,4,9.674968284416225
Northern Mariana Islands,MNP,2008,44.173912,16430.4461942257,East Asia & Pacific,High income,4,9.706891367949579
Northern Mariana Islands,MNP,2009,44.173912,14369.6339810212,East Asia & Pacific,High income,4,9.572872507699353
Northern Mariana Islands,MNP,2010,44.173912,14771.4037455399,East Asia & Pacific,High income,4,9.600448411330294
Northern Mariana Islands,MNP,2011,45.930435,13598.7166094613,East Asia & Pacific,High income,4,9.517730700319927
Northern Mariana Islands,MNP,2012,47.68696,14013.6003306158,East Asia & Pacific,High income,4,9.547783589229933
Northern Mariana Islands,MNP,2013,49.443478,14632.8518897608,East Asia & Pacific,High income,4,9.591024409381994
Northern Mariana Islands,MNP,2014,51.2,15945.417608954,East Asia & Pacific,High income,4,9.676926769690969
Northern Mariana Islands,MNP,2015,52.95652,17665.1007493109,East Asia & Pacific,High income,4,9.779346263106214
Northern Mariana Islands,MNP,2016,52.95652,24225.474169342,East Asia & Pacific,High income,4,10.095160010121257
Northern Mariana Islands,MNP,2017,52.95652,31225.6049960968,East Asia & Pacific,High income,4,10.348993710181476
Northern Mariana Islands,MNP,2018,52.95652,26509.3628379893,East Asia & Pacific,High income,4,10.185253264214499
Northern Mariana Islands,MNP,2019,52.95652,24496.6652122421,East Asia & Pacific,High income,4,10.10629227348246
Northern Mariana Islands,MNP,2020,52.95652,18220.8382427201,East Asia & Pacific,High income,4,9.810321176491133
Northern Mariana Islands,MNP,2021,52.95652,19455.50139424,East Asia & Pacific,High income,4,9.875885157085534
Northern Mariana Islands,MNP,2022,52.95652,23785.754590043,East Asia & Pacific,High income,4,10.076842133822169
Northern Mariana Islands,MNP,2023,52.95652,,East Asia & Pacific,High income,4,
Northern Mariana Islands,MNP,2024,52.95652,,East Asia & Pacific,High income,4,
Northern Mariana Islands,MNP,2025,52.95652,,East Asia & Pacific,High income,4,
Norway,NOR,1990,33.537952,28242.981402822,Europe & Central Asia,High income,4,10.248600259788981
Norway,NOR,1991,33.532906,28596.9330036444,Europe & Central Asia,High income,4,10.261054753422767
Norway,NOR,1992,33.527855,30523.9850558974,Europe & Central Asia,High income,4,10.326268048824074
Norway,NOR,1993,33.522808,27963.6979095744,Europe & Central Asia,High income,4,10.238662444740397
Norway,NOR,1994,33.517757,29315.8092337732,Europe & Central Asia,High income,4,10.285882213785287
Norway,NOR,1995,33.51271,34875.7043347536,Europe & Central Asia,High income,4,10.45954571489833
Norway,NOR,1996,33.507664,37321.9741993473,Europe & Central Asia,High income,4,10.527337552794409
Norway,NOR,1997,33.502613,36629.0309036621,Europe & Central Asia,High income,4,10.508596399066404
Norway,NOR,1998,33.497566,34803.4634058738,Europe & Central Asia,High income,4,10.457472183967758
Norway,NOR,1999,33.492516,36393.2927471088,Europe & Central Asia,High income,4,10.502139771456598
Norway,NOR,2000,33.48747,38178.2368777076,Europe & Central Asia,High income,4,10.550020917002016
Norway,NOR,2001,33.473965,38601.897639231,Europe & Central Asia,High income,4,10.561056715882637
Norway,NOR,2002,33.46046,43170.557174499,Europe & Central Asia,High income,4,10.672913994986944
Norway,NOR,2003,33.446957,50250.3298214345,Europe & Central Asia,High income,4,10.824772389510418
Norway,NOR,2004,33.433453,57768.6980958462,Europe & Central Asia,High income,4,10.964202352531172
Norway,NOR,2005,33.41995,67047.1704558264,Europe & Central Asia,High income,4,11.113151687309685
Norway,NOR,2006,33.406445,74434.4996835671,Europe & Central Asia,High income,4,11.217674818767335
Norway,NOR,2007,33.39294,85502.2677087731,Europe & Central Asia,High income,4,11.356298177482753
Norway,NOR,2008,33.379436,97503.5407803783,Europe & Central Asia,High income,4,11.487643972022727
Norway,NOR,2009,33.365936,80347.5700665184,Europe & Central Asia,High income,4,11.294117128847983
Norway,NOR,2010,33.352432,88163.2085931423,Europe & Central Asia,High income,4,11.386945018837231
Norway,NOR,2011,33.343475,101221.813476644,Europe & Central Asia,High income,4,11.525069560796512
Norway,NOR,2012,33.334522,102175.919298374,Europe & Central Asia,High income,4,11.534451305684629
Norway,NOR,2013,33.325565,103553.840134417,Europe & Central Asia,High income,4,11.547846950968717
Norway,NOR,2014,33.316612,97666.6951838749,Europe & Central Asia,High income,4,11.489315891316119
Norway,NOR,2015,33.307655,74809.9658049898,Europe & Central Asia,High income,4,11.222706387774911
Norway,NOR,2016,33.300976,70867.3609970749,Europe & Central Asia,High income,4,11.16856525387484
Norway,NOR,2017,33.294292,76131.8384032764,Europe & Central Asia,High income,4,11.24022183221934
Norway,NOR,2018,33.28761,82792.8427113304,Europe & Central Asia,High income,4,11.324096895952724
Norway,NOR,2019,33.28093,76430.5889473338,Europe & Central Asia,High income,4,11.244138273916175
Norway,NOR,2020,33.274246,68340.0181033702,Europe & Central Asia,High income,4,11.132250790570772
Norway,NOR,2021,33.267567,93072.8925119571,Europe & Central Asia,High income,4,11.441138255583216
Norway,NOR,2022,33.260883,109269.520580298,Europe & Central Asia,High income,4,11.60157277507734
Norway,NOR,2023,33.2542,87497.2179649556,Europe & Central Asia,High income,4,11.379362277154023
Norway,NOR,2024,33.24752,86785.4334489176,Europe & Central Asia,High income,4,11.371194069156742
Norway,NOR,2025,33.240837,,Europe & Central Asia,High income,4,
Oman,OMN,1990,0.0051696287,7545.70305230441,Middle East & North Africa,High income,4,8.928733548080784
Oman,OMN,1991,0.0051696287,6977.3285922345,Middle East & North Africa,High income,4,8.850421399323638
Oman,OMN,1992,0.0051696287,7317.78815838166,Middle East & North Africa,High income,4,8.89806339713906
Oman,OMN,1993,0.0051696287,7038.9301587736,Middle East & North Africa,High income,4,8.859211471520778
Oman,OMN,1994,0.0051696287,7068.38996979073,Middle East & North Africa,High income,4,8.86338800591172
Oman,OMN,1995,0.0051696287,7414.30279204109,Middle East & North Africa,High income,4,8.911166223454156
Oman,OMN,1996,0.0051696287,8068.00076784612,Middle East & North Africa,High income,4,8.995660994245902
Oman,OMN,1997,0.0051696287,8234.64063759005,Middle East & North Africa,High income,4,9.016105003236977
Oman,OMN,1998,0.0051696287,7219.02932432025,Middle East & North Africa,High income,4,8.88447578023373
Oman,OMN,1999,0.0051696287,7915.44169380534,Middle East & North Africa,High income,4,8.976570775408165
Oman,OMN,2000,0.0051696287,9753.84755185404,Middle East & North Africa,High income,4,9.185417106852599
Oman,OMN,2001,0.0051696287,9611.96360191054,Middle East & North Africa,High income,4,9.170763810114956
Oman,OMN,2002,0.0051696287,9869.13050219438,Middle East & North Africa,High income,4,9.197167033531166
Oman,OMN,2003,0.0051696287,10463.5425832141,Middle East & North Africa,High income,4,9.255652359363665
Oman,OMN,2004,0.0051696287,11800.8507411171,Middle East & North Africa,High income,4,9.375926904559753
Oman,OMN,2005,0.0051696287,14434.8577924647,Middle East & North Africa,High income,4,9.577401240470033
Oman,OMN,2006,0.0051696287,16930.8565071853,Middle East & North Africa,High income,4,9.73689306493936
Oman,OMN,2007,0.0051696287,18792.653772482,Middle East & North Africa,High income,4,9.841221315669843
Oman,OMN,2008,0.0051696287,26576.779241509,Middle East & North Africa,High income,4,10.18779315267205
Oman,OMN,2009,0.0051696287,20655.9180249218,Middle East & North Africa,High income,4,9.935757144494206
Oman,OMN,2010,0.0051696287,23570.1798147325,Middle East & North Africa,High income,4,10.067737624867242
Oman,OMN,2011,0.0051696287,25188.0074151885,Middle East & North Africa,High income,4,10.13412326400229
Oman,OMN,2012,0.0051696287,24642.2978768596,Middle East & North Africa,High income,4,10.112219671288631
Oman,OMN,2013,0.0051696287,23458.0233840053,Middle East & North Africa,High income,4,10.062967863926605
Oman,OMN,2014,0.0051696287,23160.6502252547,Middle East & North Africa,High income,4,10.050210006649246
Oman,OMN,2015,0.0051696287,18808.3077921839,Middle East & North Africa,High income,4,9.842053955046863
Oman,OMN,2016,0.0051696287,17110.1897460545,Middle East & North Africa,High income,4,9.747429456599997
Oman,OMN,2017,0.0051696287,17820.0661809335,Middle East & North Africa,High income,4,9.788080414875003
Oman,OMN,2018,0.0051696287,19901.7615642016,Middle East & North Africa,High income,4,9.898563527608998
Oman,OMN,2019,0.0051696287,19180.1864152801,Middle East & North Africa,High income,4,9.861633067643591
Oman,OMN,2020,0.0051696287,16784.8630630058,Middle East & North Africa,High income,4,9.728232751085104
Oman,OMN,2021,0.0051696287,19403.4600160211,Middle East & North Africa,High income,4,9.873206680490004
Oman,OMN,2022,0.0051696287,23223.5829405935,Middle East & North Africa,High income,4,10.052923547422028
Oman,OMN,2023,0.0051696287,21027.7384778886,Middle East & North Africa,High income,4,9.953597725010592
Oman,OMN,2024,0.0051696287,20285.2272897377,Middle East & North Africa,High income,4,9.917648180396
Oman,OMN,2025,0.0051696287,,Middle East & North Africa,High income,4,
Pakistan,PAK,1990,4.489687,344.45547384189,South Asia,Lower middle income,2,5.8419648334556555
Pakistan,PAK,1991,4.470994,380.019843346229,South Asia,Lower middle income,2,5.940223470689231
Pakistan,PAK,1992,4.4523015,395.67720859593,South Asia,Lower middle income,2,5.980598749047276
Pakistan,PAK,1993,4.4336085,407.888140688466,South Asia,Lower middle income,2,6.010992971834823
Pakistan,PAK,1994,4.4149156,399.955927561352,South Asia,Lower middle income,2,5.991354359940979
Pakistan,PAK,1995,4.3962226,450.550279346206,South Asia,Lower middle income,2,6.110469678692409
Pakistan,PAK,1996,4.3775296,456.996961832943,South Asia,Lower middle income,2,6.124676742804148
Pakistan,PAK,1997,4.3588367,438.030942680153,South Asia,Lower middle income,2,6.082289553269655
Pakistan,PAK,1998,4.3401437,424.453697798497,South Asia,Lower middle income,2,6.050802925122697
Pakistan,PAK,1999,4.3214507,418.249257055367,South Asia,Lower middle income,2,6.0360775635482415
Pakistan,PAK,2000,4.3027577,642.338346499898,South Asia,Lower middle income,2,6.46511518433422
Pakistan,PAK,2001,4.2830296,609.939506905073,South Asia,Lower middle income,2,6.413359783241709
Pakistan,PAK,2002,4.263302,599.937345723927,South Asia,Lower middle income,2,6.396825225970147
Pakistan,PAK,2003,4.2435737,672.44178669894,South Asia,Lower middle income,2,6.510915545199785
Pakistan,PAK,2004,4.2238455,771.902247348954,South Asia,Lower middle income,2,6.6488579194024755
Pakistan,PAK,2005,4.2041173,827.619861189926,South Asia,Lower middle income,2,6.718553944121279
Pakistan,PAK,2006,4.184389,900.873564984808,South Asia,Lower middle income,2,6.803364920330677
Pakistan,PAK,2007,4.164661,998.090114197524,South Asia,Lower middle income,2,6.905843567022234
Pakistan,PAK,2008,4.144933,1067.04324565284,South Asia,Lower middle income,2,6.9726467806143
Pakistan,PAK,2009,4.125205,963.788066395225,South Asia,Lower middle income,2,6.870871422302668
Pakistan,PAK,2010,4.105477,987.304571124485,South Asia,Lower middle income,2,6.894978574531212
Pakistan,PAK,2011,4.072066,1131.73513834324,South Asia,Lower middle income,2,7.031507254657717
Pakistan,PAK,2012,4.0386543,1204.36475491585,South Asia,Lower middle income,2,7.093707532575813
Pakistan,PAK,2013,4.0052433,1225.4340119198,South Asia,Lower middle income,2,7.111050355675752
Pakistan,PAK,2014,3.9718323,1266.61340849959,South Asia,Lower middle income,2,7.144102010241037
Pakistan,PAK,2015,3.938421,1380.47020838317,South Asia,Lower middle income,2,7.230179450828166
Pakistan,PAK,2016,3.9520366,1424.69161195897,South Asia,Lower middle income,2,7.26171065662178
Pakistan,PAK,2017,3.9656522,1519.23459514248,South Asia,Lower middle income,2,7.3259619311861925
Pakistan,PAK,2018,3.9792678,1569.33814626355,South Asia,Lower middle income,2,7.35840924657028
Pakistan,PAK,2019,3.9928834,1390.41690981745,South Asia,Lower middle income,2,7.237358916273659
Pakistan,PAK,2020,4.0064993,1278.39735206896,South Asia,Lower middle income,2,7.153362503724633
Pakistan,PAK,2021,4.033463,1455.31922370186,South Asia,Lower middle income,2,7.282980553274667
Pakistan,PAK,2022,4.060427,1538.3228133171,South Asia,Lower middle income,2,7.338448019665027
Pakistan,PAK,2023,4.087391,1360.32417758419,South Asia,Lower middle income,2,7.2154783161961955
Pakistan,PAK,2024,4.114355,1478.77277977996,South Asia,Lower middle income,2,7.298967819927933
Pakistan,PAK,2025,4.141319,,South Asia,Lower middle income,2,
Palau,PLW,1990,82.934784,6402.929615309,East Asia & Pacific,High income,4,8.764510917003129
Palau,PLW,1991,83.24565,6824.34353785065,East Asia & Pacific,High income,4,8.828251430496787
Palau,PLW,1992,83.55652,6552.7112389768,East Asia & Pacific,High income,4,8.787634172598846
Palau,PLW,1993,83.86739,5891.50378695334,East Asia & Pacific,High income,4,8.68126655593573
Palau,PLW,1994,84.17826,6329.06976744186,East Asia & Pacific,High income,4,8.752908548168783
Palau,PLW,1995,84.48913,7038.00523407967,East Asia & Pacific,High income,4,8.859080061569754
Palau,PLW,1996,84.8,7788.29726974057,East Asia & Pacific,High income,4,8.960377535992256
Palau,PLW,1997,85.11087,7944.59907223327,East Asia & Pacific,High income,4,8.98024761479422
Palau,PLW,1998,85.42174,8047.91621679983,East Asia & Pacific,High income,4,8.993168481847935
Palau,PLW,1999,85.732605,7629.56986402836,East Asia & Pacific,High income,4,8.939786748381202
Palau,PLW,2000,86.04348,7798.07504193852,East Asia & Pacific,High income,4,8.961632192725084
Palau,PLW,2001,86.25652,8239.26354006532,East Asia & Pacific,High income,4,9.016666242703561
Palau,PLW,2002,86.46957,8340.18981304558,East Asia & Pacific,High income,4,9.028841254451786
Palau,PLW,2003,86.68261,7862.3931898737,East Asia & Pacific,High income,4,8.96984631616268
Palau,PLW,2004,86.89565,8393.73052541231,East Asia & Pacific,High income,4,9.035240340139273
Palau,PLW,2005,87.108696,9635.28357539048,East Asia & Pacific,High income,4,9.173187012215099
Palau,PLW,2006,87.32174,9881.65970716981,East Asia & Pacific,High income,4,9.198435763189401
Palau,PLW,2007,87.53478,10402.5367528907,East Asia & Pacific,High income,4,9.249804973933355
Palau,PLW,2008,87.747826,10577.501907762,East Asia & Pacific,High income,4,9.266484562954593
Palau,PLW,2009,87.96087,10147.7741092815,East Asia & Pacific,High income,4,9.225009660842087
Palau,PLW,2010,88.17391,10221.9163762354,East Asia & Pacific,High income,4,9.232289358531252
Palau,PLW,2011,88.36087,10993.6038613491,East Asia & Pacific,High income,4,9.305068915512841
Palau,PLW,2012,88.54783,12137.1732239921,East Asia & Pacific,High income,4,9.404028189394072
Palau,PLW,2013,88.73478,12698.9240118945,East Asia & Pacific,High income,4,9.449272545384572
Palau,PLW,2014,88.92174,13863.4544155068,East Asia & Pacific,High income,4,9.537011478017732
Palau,PLW,2015,89.108696,16154.0532152373,East Asia & Pacific,High income,4,9.689926270242037
Palau,PLW,2016,89.295654,17150.4759377239,East Asia & Pacific,High income,4,9.749781203679802
Palau,PLW,2017,89.482605,16401.7847567871,East Asia & Pacific,High income,4,9.70514543452446
Palau,PLW,2018,89.66956,16166.9671073752,East Asia & Pacific,High income,4,9.690725372046138
Palau,PLW,2019,89.85652,15846.7968470167,East Asia & Pacific,High income,4,9.670722667211283
Palau,PLW,2020,90.04348,14708.2119536914,East Asia & Pacific,High income,4,9.596161253093191
Palau,PLW,2021,90.23913,13009.2481630213,East Asia & Pacific,High income,4,9.473415780676147
Palau,PLW,2022,90.434784,13729.7602761496,East Asia & Pacific,High income,4,9.527321038751587
Palau,PLW,2023,90.63043,15610.8231931032,East Asia & Pacific,High income,4,9.655719747103227
Palau,PLW,2024,90.82609,,East Asia & Pacific,High income,4,
Palau,PLW,2025,91.021736,,East Asia & Pacific,High income,4,
Panama,PAN,1990,66.811,2620.13827266274,Latin America & Caribbean,High income,4,7.8709823711880205
Panama,PAN,1991,66.58822,2820.54547665418,Latin America & Caribbean,High income,4,7.944685576664363
Panama,PAN,1992,66.36543,3139.89952899581,Latin America & Caribbean,High income,4,8.051946081255288
Panama,PAN,1993,66.142654,3358.41411740053,Latin America & Caribbean,High income,4,8.119224152666552
Panama,PAN,1994,65.91987,3508.19570069218,Latin America & Caribbean,High income,4,8.162857138906443
Panama,PAN,1995,65.69709,3513.89737854631,Latin America & Caribbean,High income,4,8.164481064719673
Panama,PAN,1996,65.474304,3308.18430390528,Latin America & Caribbean,High income,4,8.104154769194144
Panama,PAN,1997,65.251526,3545.97670392453,Latin America & Caribbean,High income,4,8.17356891693534
Panama,PAN,1998,65.02874,3807.83868807701,Latin America & Caribbean,High income,4,8.244817033689674
Panama,PAN,1999,64.80596,3950.34144236614,Latin America & Caribbean,High income,4,8.281557295264703
Panama,PAN,2000,64.583176,3975.09310275544,Latin America & Caribbean,High income,4,8.28780344889098
Panama,PAN,2001,64.42929,3991.77672094655,Latin America & Caribbean,High income,4,8.291991704240507
Panama,PAN,2002,64.27541,4090.58616456082,Latin America & Caribbean,High income,4,8.316443555286554
Panama,PAN,2003,64.12153,4264.66428949623,Latin America & Caribbean,High income,4,8.358118743931211
Panama,PAN,2004,63.967648,4644.56581177581,Latin America & Caribbean,High income,4,8.443453172557264
Panama,PAN,2005,63.813763,5017.74110414832,Latin America & Caribbean,High income,4,8.520735132161407
Panama,PAN,2006,63.65988,5528.76705854901,Latin America & Caribbean,High income,4,8.61772011460378
Panama,PAN,2007,63.506,6317.8173051466,Latin America & Caribbean,High income,4,8.751129064379615
Panama,PAN,2008,63.352116,7347.59049046839,Latin America & Caribbean,High income,4,8.90212771403464
Panama,PAN,2009,63.198235,7796.92618363433,Latin America & Caribbean,High income,4,8.9614848559869
Panama,PAN,2010,63.04435,8331.46422259967,Latin America & Caribbean,High income,4,9.027794496736687
Panama,PAN,2011,62.958397,9662.29590911979,Latin America & Caribbean,High income,4,9.175986570718639
Panama,PAN,2012,62.872444,11064.8063662003,Latin America & Caribbean,High income,4,9.311524752666443
Panama,PAN,2013,62.78649,12273.3224983788,Latin America & Caribbean,High income,4,9.415183283314018
Panama,PAN,2014,62.70054,13213.1989591137,Latin America & Caribbean,High income,4,9.488971530131296
Panama,PAN,2015,62.614586,14082.6548434996,Latin America & Caribbean,High income,4,9.552699166163743
Panama,PAN,2016,62.573956,14832.3611652459,Latin America & Caribbean,High income,4,9.604566637916795
Panama,PAN,2017,62.533325,15694.6297518495,Latin America & Caribbean,High income,4,9.661073878800254
Panama,PAN,2018,62.492695,16151.3273433486,Latin America & Caribbean,High income,4,9.689757513716156
Panama,PAN,2019,62.45206,16477.9066268111,Latin America & Caribbean,High income,4,9.709775770322953
Panama,PAN,2020,62.41143,13290.5608397749,Latin America & Caribbean,High income,4,9.494809350950442
Panama,PAN,2021,62.3708,15509.8069124139,Latin America & Caribbean,High income,4,9.649227806861235
Panama,PAN,2022,62.33017,17378.6070017557,Latin America & Caribbean,High income,4,9.762995246111021
Panama,PAN,2023,62.28954,18797.1933994045,Latin America & Caribbean,High income,4,9.84146285040787
Panama,PAN,2024,62.24891,19161.2188501596,Latin America & Caribbean,High income,4,9.860643663810503
Panama,PAN,2025,62.20828,,Latin America & Caribbean,High income,4,
Papua New Guinea,PNG,1990,76.43501,826.317152082832,East Asia & Pacific,Lower middle income,2,6.716978661186039
Papua New Guinea,PNG,1991,76.38662,941.707721616563,East Asia & Pacific,Lower middle income,2,6.84769495213894
Papua New Guinea,PNG,1992,76.338234,1050.7071689258,East Asia & Pacific,Lower middle income,2,6.957218710671167
Papua New Guinea,PNG,1993,76.28984,1151.28388116601,East Asia & Pacific,Lower middle income,2,7.048633017030937
Papua New Guinea,PNG,1994,76.241455,1228.24343638772,East Asia & Pacific,Lower middle income,2,7.113340327161261
Papua New Guinea,PNG,1995,76.193054,998.229967376131,East Asia & Pacific,Lower middle income,2,6.9059836779995525
Papua New Guinea,PNG,1996,76.14467,1071.04185150251,East Asia & Pacific,Lower middle income,2,6.976387146717418
Papua New Guinea,PNG,1997,76.096275,989.721550965343,East Asia & Pacific,Lower middle income,2,6.8974236419159904
Papua New Guinea,PNG,1998,76.04789,733.479860137662,East Asia & Pacific,Lower middle income,2,6.597800139997712
Papua New Guinea,PNG,1999,75.9995,649.994719718763,East Asia & Pacific,Lower middle income,2,6.476964239347091
Papua New Guinea,PNG,2000,75.95111,635.957919047725,East Asia & Pacific,Lower middle income,2,6.4551323961318205
Papua New Guinea,PNG,2001,75.90271,537.847459634131,East Asia & Pacific,Lower middle income,2,6.287574987680341
Papua New Guinea,PNG,2002,75.85431,506.331789534482,East Asia & Pacific,Lower middle income,2,6.227192164945692
Papua New Guinea,PNG,2003,75.80591,577.467922387259,East Asia & Pacific,Lower middle income,2,6.3586528952034636
Papua New Guinea,PNG,2004,75.757515,620.596147680561,East Asia & Pacific,Lower middle income,2,6.430680544583736
Papua New Guinea,PNG,2005,75.709114,744.486489977433,East Asia & Pacific,Lower middle income,2,6.612694705522119
Papua New Guinea,PNG,2006,75.66071,1238.18282926706,East Asia & Pacific,Lower middle income,2,7.121400123493467
Papua New Guinea,PNG,2007,75.61231,1370.753415829,East Asia & Pacific,Lower middle income,2,7.22311580622269
Papua New Guinea,PNG,2008,75.56392,1624.79319935188,East Asia & Pacific,Lower middle income,2,7.393135824728046
Papua New Guinea,PNG,2009,75.51552,1568.83193368607,East Asia & Pacific,Lower middle income,2,7.358086630160733
Papua New Guinea,PNG,2010,75.46712,1866.86889851208,East Asia & Pacific,Lower middle income,2,7.532017920675555
Papua New Guinea,PNG,2011,75.45695,2288.37591141234,East Asia & Pacific,Lower middle income,2,7.735597635950376
Papua New Guinea,PNG,2012,75.44678,2635.0873631547,East Asia & Pacific,Lower middle income,2,7.8766716153232705
Papua New Guinea,PNG,2013,75.436615,2560.77458976327,East Asia & Pacific,Lower middle income,2,7.848065065833566
Papua New Guinea,PNG,2014,75.42644,2723.17529825196,East Asia & Pacific,Lower middle income,2,7.909553867484492
Papua New Guinea,PNG,2015,75.41627,2484.5963398603,East Asia & Pacific,Lower middle income,2,7.817865486648128
Papua New Guinea,PNG,2016,75.36977,2316.39479758492,East Asia & Pacific,Lower middle income,2,7.747767289443794
Papua New Guinea,PNG,2017,75.32326,2477.76530986323,East Asia & Pacific,Lower middle income,2,7.815112348205567
Papua New Guinea,PNG,2018,75.27676,2566.36833735041,East Asia & Pacific,Lower middle income,2,7.8502470802170405
Papua New Guinea,PNG,2019,75.230255,2575.77274140393,East Asia & Pacific,Lower middle income,2,7.853904861827813
Papua New Guinea,PNG,2020,75.18375,2429.61134585269,East Asia & Pacific,Lower middle income,2,7.795486583564515
Papua New Guinea,PNG,2021,75.17546,2607.57861874444,East Asia & Pacific,Lower middle income,2,7.866177337424975
Papua New Guinea,PNG,2022,75.16718,3102.28968594061,East Asia & Pacific,Lower middle income,2,8.039895726204255
Papua New Guinea,PNG,2023,75.1589,2966.06830432055,East Asia & Pacific,Lower middle income,2,7.9949925515360665
Papua New Guinea,PNG,2024,75.15063,3006.70564478923,East Asia & Pacific,Lower middle income,2,8.008600288203386
Papua New Guinea,PNG,2025,75.14234,,East Asia & Pacific,Lower middle income,2,
Paraguay,PRY,1990,64.8457,1440.15829610029,Latin America & Caribbean,Upper middle income,3,7.272508314375847
Paraguay,PRY,1991,63.89372,1685.26890082621,Latin America & Caribbean,Upper middle income,3,7.429680415114186
Paraguay,PRY,1992,62.94174,1682.67444777611,Latin America & Caribbean,Upper middle income,3,7.428139739814896
Paraguay,PRY,1993,61.989758,1661.70955306218,Latin America & Caribbean,Upper middle income,3,7.415602202659879
Paraguay,PRY,1994,61.037773,1760.28807083292,Latin America & Caribbean,Upper middle income,3,7.473232751248256
Paraguay,PRY,1995,60.085793,1978.71514099575,Latin America & Caribbean,Upper middle income,3,7.590202994360704
Paraguay,PRY,1996,59.133804,2088.17109102236,Latin America & Caribbean,Upper middle income,3,7.644043885790428
Paraguay,PRY,1997,58.181824,2078.50841313824,Latin America & Caribbean,Upper middle income,3,7.639405806381513
Paraguay,PRY,1998,57.229836,1889.88455618586,Latin America & Caribbean,Upper middle income,3,7.544271024805002
Paraguay,PRY,1999,56.277855,1766.30657288259,Latin America & Caribbean,Upper middle income,3,7.476645963426392
Paraguay,PRY,2000,55.32587,1736.11729210765,Latin America & Caribbean,Upper middle income,3,7.459406457516051
Paraguay,PRY,2001,54.37389,1637.68615122932,Latin America & Caribbean,Upper middle income,3,7.401039641188352
Paraguay,PRY,2002,53.421906,1367.76506935997,Latin America & Caribbean,Upper middle income,3,7.22093335051071
Paraguay,PRY,2003,52.469925,1443.99885236205,Latin America & Caribbean,Upper middle income,3,7.275171524689332
Paraguay,PRY,2004,51.517944,1786.21533938543,Latin America & Caribbean,Upper middle income,3,7.487854324932893
Paraguay,PRY,2005,50.565964,1970.87169852378,Latin America & Caribbean,Upper middle income,3,7.58623121042402
Paraguay,PRY,2006,49.613983,2439.43124694576,Latin America & Caribbean,Upper middle income,3,7.799520195602233
Paraguay,PRY,2007,48.662003,3211.93621659546,Latin America & Caribbean,Upper middle income,3,8.07462921702249
Paraguay,PRY,2008,47.710022,4384.95469437803,Latin America & Caribbean,Upper middle income,3,8.38593457279807
Paraguay,PRY,2009,46.758038,3941.84815479431,Latin America & Caribbean,Upper middle income,3,8.279404967131669
Paraguay,PRY,2010,45.806057,4750.96273669458,Latin America & Caribbean,Upper middle income,3,8.466102557900971
Paraguay,PRY,2011,44.912106,5805.40154542925,Latin America & Caribbean,Upper middle income,3,8.666544064078929
Paraguay,PRY,2012,44.018154,5642.16991672846,Latin America & Caribbean,Upper middle income,3,8.638024007508392
Paraguay,PRY,2013,43.1242,6435.68342733004,Latin America & Caribbean,Upper middle income,3,8.769613319104199
Paraguay,PRY,2014,42.230247,6652.25478942461,Latin America & Caribbean,Upper middle income,3,8.802711142258875
Paraguay,PRY,2015,41.336296,5879.33792308762,Latin America & Caribbean,Upper middle income,3,8.67919943643868
Paraguay,PRY,2016,40.703117,5775.15963399596,Latin America & Caribbean,Upper middle income,3,8.661321177258337
Paraguay,PRY,2017,40.06994,6152.2671153779,Latin America & Caribbean,Upper middle income,3,8.72457592951758
Paraguay,PRY,2018,39.43676,6258.44991640984,Latin America & Caribbean,Upper middle income,3,8.74168781624502
Paraguay,PRY,2019,38.803585,5821.18199548738,Latin America & Caribbean,Upper middle income,3,8.669258612113234
Paraguay,PRY,2020,38.170406,5365.47220721104,Latin America & Caribbean,Upper middle income,3,8.587739667447147
Paraguay,PRY,2021,37.757008,5976.93179789949,Latin America & Caribbean,Upper middle income,3,8.69566263800116
Paraguay,PRY,2022,37.343613,6205.62595379319,Latin America & Caribbean,Upper middle income,3,8.733211571486015
Paraguay,PRY,2023,36.930218,6299.99026533713,Latin America & Caribbean,Upper middle income,3,8.748303367193849
Paraguay,PRY,2024,36.51682,6416.09708970845,Latin America & Caribbean,Upper middle income,3,8.766565281867711
Paraguay,PRY,2025,36.103424,,Latin America & Caribbean,Upper middle income,3,
Peru,PER,1990,60.18585,1199.66666756615,Latin America & Caribbean,Upper middle income,3,7.089799020160699
Peru,PER,1991,59.951992,1527.38879472866,Latin America & Caribbean,Upper middle income,3,7.3313148862539155
Peru,PER,1992,59.718136,1567.40910765128,Latin America & Caribbean,Upper middle income,3,7.357179285276426
Peru,PER,1993,59.48428,1487.67404314175,Latin America & Caribbean,Upper middle income,3,7.304969134368148
Peru,PER,1994,59.250423,1879.36657757919,Latin America & Caribbean,Upper middle income,3,7.538690072231822
Peru,PER,1995,59.016567,2189.53431515311,Latin America & Caribbean,Upper middle income,3,7.691444158716543
Peru,PER,1996,58.78271,2226.91682429265,Latin America & Caribbean,Upper middle income,3,7.7083733177914295
Peru,PER,1997,58.548855,2300.67200774461,Latin America & Caribbean,Upper middle income,3,7.740956536522037
Peru,PER,1998,58.315,2156.39377651613,Latin America & Caribbean,Upper middle income,3,7.676192557520729
Peru,PER,1999,58.081142,1916.53397367908,Latin America & Caribbean,Upper middle income,3,7.558273611602743
Peru,PER,2000,57.847282,1945.41338451698,Latin America & Caribbean,Upper middle income,3,7.573229770496478
Peru,PER,2001,57.613426,1929.57273038846,Latin America & Caribbean,Upper middle income,3,7.565053874171634
Peru,PER,2002,57.37957,2007.37019626753,Latin America & Caribbean,Upper middle income,3,7.604580784336899
Peru,PER,2003,57.145714,2129.44114197634,Latin America & Caribbean,Upper middle income,3,7.663614849618223
Peru,PER,2004,56.911858,2397.25147277714,Latin America & Caribbean,Upper middle income,3,7.782078140394699
Peru,PER,2005,56.677994,2706.66947297608,Latin America & Caribbean,Upper middle income,3,7.903474181300899
Peru,PER,2006,56.444138,3129.55996496982,Latin America & Caribbean,Upper middle income,3,8.0486476873794
Peru,PER,2007,56.21028,3581.0893081917,Latin America & Caribbean,Upper middle income,3,8.183422309143383
Peru,PER,2008,55.976425,4197.58444634142,Latin America & Caribbean,Upper middle income,3,8.34226450699624
Peru,PER,2009,55.74257,4181.18755462253,Latin America & Caribbean,Upper middle income,3,8.338350589145591
Peru,PER,2010,55.508713,5072.11494019615,Latin America & Caribbean,Upper middle income,3,8.531513157570886
Peru,PER,2011,55.27485,5861.35793645245,Latin America & Caribbean,Upper middle income,3,8.676136585495906
Peru,PER,2012,55.040993,6519.37852981527,Latin America & Caribbean,Upper middle income,3,8.782534332864701
Peru,PER,2013,54.807137,6746.80025696601,Latin America & Caribbean,Upper middle income,3,8.816823635470953
Peru,PER,2014,54.57328,6667.13410360861,Latin America & Caribbean,Upper middle income,3,8.80494537695133
Peru,PER,2015,54.339424,6231.71150338894,Latin America & Caribbean,Upper middle income,3,8.737406293698061
Peru,PER,2016,54.19911,6217.03599995447,Latin America & Caribbean,Upper middle income,3,8.735048544819481
Peru,PER,2017,54.058792,6736.16693725487,Latin America & Caribbean,Upper middle income,3,8.815246338461698
Peru,PER,2018,53.91848,6978.49121548627,Latin America & Caribbean,Upper middle income,3,8.85058801415107
Peru,PER,2019,53.778168,7037.00803692604,Latin America & Caribbean,Upper middle income,3,8.858938364061398
Peru,PER,2020,53.637856,6133.32552410183,Latin America & Caribbean,Upper middle income,3,8.72149238168389
Peru,PER,2021,53.403996,6826.20255614477,Latin America & Caribbean,Upper middle income,3,8.828523803234523
Peru,PER,2022,53.17014,7350.63034300417,Latin America & Caribbean,Upper middle income,3,8.90254134948257
Peru,PER,2023,52.936275,7887.54185920108,Latin America & Caribbean,Upper middle income,3,8.973039813865634
Peru,PER,2024,52.70242,8452.37167056621,Latin America & Caribbean,Upper middle income,3,9.042202352043386
Peru,PER,2025,52.468563,,Latin America & Caribbean,Upper middle income,3,
Philippines,PHL,1990,26.088507,803.572588255813,East Asia & Pacific,Lower middle income,2,6.689067521179056
Philippines,PHL,1991,25.931028,804.323330530547,East Asia & Pacific,Lower middle income,2,6.69000134073854
Philippines,PHL,1992,25.773552,916.515694532029,East Asia & Pacific,Lower middle income,2,6.820579191554337
Philippines,PHL,1993,25.616076,918.642953796961,East Asia & Pacific,Lower middle income,2,6.8228975308648385
Philippines,PHL,1994,25.458597,1059.9838951587,East Asia & Pacific,Lower middle income,2,6.966008993744185
Philippines,PHL,1995,25.30112,1199.84171414993,East Asia & Pacific,Lower middle income,2,7.089944922200821
Philippines,PHL,1996,25.143642,1311.09249403865,East Asia & Pacific,Lower middle income,2,7.178616033554677
Philippines,PHL,1997,24.986166,1273.27604875636,East Asia & Pacific,Lower middle income,2,7.14934842403285
Philippines,PHL,1998,24.828688,982.865943728564,East Asia & Pacific,Lower middle income,2,6.890472736206978
Philippines,PHL,1999,24.671211,1101.43515975318,East Asia & Pacific,Lower middle income,2,7.004369299101845
Philippines,PHL,2000,24.513733,1050.79273107952,East Asia & Pacific,Lower middle income,2,6.9573001402765335
Philippines,PHL,2001,24.35626,969.530611744453,East Asia & Pacific,Lower middle income,2,6.876812048959327
Philippines,PHL,2002,24.198786,1014.90879320106,East Asia & Pacific,Lower middle income,2,6.9225540285231215
Philippines,PHL,2003,24.041311,1027.2301192843,East Asia & Pacific,Lower middle income,2,6.934621254238981
Philippines,PHL,2004,23.883839,1099.63013023758,East Asia & Pacific,Lower middle income,2,7.002729157004793
Philippines,PHL,2005,23.726364,1220.46018559867,East Asia & Pacific,Lower middle income,2,7.106983267915158
Philippines,PHL,2006,23.56889,1426.14649179546,East Asia & Pacific,Lower middle income,2,7.262731324867288
Philippines,PHL,2007,23.411417,1712.65543282793,East Asia & Pacific,Lower middle income,2,7.445800329712747
Philippines,PHL,2008,23.253942,1959.29233534978,East Asia & Pacific,Lower middle income,2,7.580338633636124
Philippines,PHL,2009,23.096468,1864.45043406471,East Asia & Pacific,Lower middle income,2,7.530721615229424
Philippines,PHL,2010,22.938995,2162.91375885614,East Asia & Pacific,Lower middle income,2,7.679211554079194
Philippines,PHL,2011,23.055994,2383.91892522087,East Asia & Pacific,Lower middle income,2,7.776501019729808
Philippines,PHL,2012,23.172995,2614.61644401308,East Asia & Pacific,Lower middle income,2,7.868872690411539
Philippines,PHL,2013,23.289995,2781.27957677397,East Asia & Pacific,Lower middle income,2,7.930666380203703
Philippines,PHL,2014,23.406996,2866.83803761407,East Asia & Pacific,Lower middle income,2,7.960964972349751
Philippines,PHL,2015,23.523996,2909.85818010301,East Asia & Pacific,Lower middle income,2,7.975859623618142
Philippines,PHL,2016,23.666359,2985.19564024046,East Asia & Pacific,Lower middle income,2,8.001420564798059
Philippines,PHL,2017,23.80872,3038.12124959289,East Asia & Pacific,Lower middle income,2,8.01899459335103
Philippines,PHL,2018,23.951082,3168.51036609727,East Asia & Pacific,Lower middle income,2,8.06101684036853
Philippines,PHL,2019,24.093443,3400.78949767074,East Asia & Pacific,Lower middle income,2,8.131762888846074
Philippines,PHL,2020,24.235806,3227.57910235199,East Asia & Pacific,Lower middle income,2,8.079487631282424
Philippines,PHL,2021,24.378174,3484.38593882819,East Asia & Pacific,Lower middle income,2,8.156047106472293
Philippines,PHL,2022,24.520542,3548.06930572116,East Asia & Pacific,Lower middle income,2,8.17415887698197
Philippines,PHL,2023,24.66291,3804.08274131097,East Asia & Pacific,Lower middle income,2,8.243830174562001
Philippines,PHL,2024,24.805279,3984.8315387656,East Asia & Pacific,Lower middle income,2,8.290250316495268
Philippines,PHL,2025,24.947647,,East Asia & Pacific,Lower middle income,2,
Poland,POL,1990,29.017609,1731.2095094382,Europe & Central Asia,High income,4,7.4565755816120065
Poland,POL,1991,29.075436,2235.54108862522,Europe & Central Asia,High income,4,7.712238575565611
Poland,POL,1992,29.13326,2459.02068468253,Europe & Central Asia,High income,4,7.807518454007788
Poland,POL,1993,29.191088,2497.13055936127,Europe & Central Asia,High income,4,7.822897575401177
Poland,POL,1994,29.248913,2874.83163555069,Europe & Central Asia,High income,4,7.96374938996907
Poland,POL,1995,29.30674,3700.95956775144,Europe & Central Asia,High income,4,8.216347407644353
Poland,POL,1996,29.364567,4163.51195431959,Europe & Central Asia,High income,4,8.33411421689058
Poland,POL,1997,29.422392,4137.00831823145,Europe & Central Asia,High income,4,8.327728177151062
Poland,POL,1998,29.480219,4533.5356551781,Europe & Central Asia,High income,4,8.419257411878851
Poland,POL,1999,29.538044,4415.50067547826,Europe & Central Asia,High income,4,8.392876509887728
Poland,POL,2000,29.595871,4520.64100449111,Europe & Central Asia,High income,4,8.416409077924358
Poland,POL,2001,29.68408,5015.23790036613,Europe & Central Asia,High income,4,8.520236137030848
Poland,POL,2002,29.77229,5223.45178967082,Europe & Central Asia,High income,4,8.560913724728092
Poland,POL,2003,29.860498,5720.81366178104,Europe & Central Asia,High income,4,8.651866322820595
Poland,POL,2004,29.948708,6711.72715262967,Europe & Central Asia,High income,4,8.811611596639862
Poland,POL,2005,30.036917,8043.92332253757,Europe & Central Asia,High income,4,8.99267221859171
Poland,POL,2006,30.125126,9068.85528307627,Europe & Central Asia,High income,4,9.1126013260015
Poland,POL,2007,30.213335,11272.5293683383,Europe & Central Asia,High income,4,9.33012401560019
Poland,POL,2008,30.301546,14048.5604672654,Europe & Central Asia,High income,4,9.550275211666849
Poland,POL,2009,30.389755,11556.3026866026,Europe & Central Asia,High income,4,9.354986254268587
Poland,POL,2010,30.477964,12567.7317676382,Europe & Central Asia,High income,4,9.438887837221882
Poland,POL,2011,30.537424,13867.6669408192,Europe & Central Asia,High income,4,9.53731529013486
Poland,POL,2012,30.596884,13087.420943321,Europe & Central Asia,High income,4,9.4794068145356
Poland,POL,2013,30.656343,13621.9023794031,Europe & Central Asia,High income,4,9.519434245383213
Poland,POL,2014,30.715803,14262.2841914116,Europe & Central Asia,High income,4,9.565373862866483
Poland,POL,2015,30.775263,12637.5220324406,Europe & Central Asia,High income,4,9.444425606744861
Poland,POL,2016,30.804142,12464.0110508476,Europe & Central Asia,High income,4,9.430600654731414
Poland,POL,2017,30.833023,13913.3402919927,Europe & Central Asia,High income,4,9.54060339210618
Poland,POL,2018,30.861904,15658.2120316794,Europe & Central Asia,High income,4,9.658750788804161
Poland,POL,2019,30.890783,15874.5220531254,Europe & Central Asia,High income,4,9.672470716417932
Poland,POL,2020,30.919664,16150.9304813473,Europe & Central Asia,High income,4,9.689732941935231
Poland,POL,2021,30.939789,18635.5104895754,Europe & Central Asia,High income,4,9.832824205666153
Poland,POL,2022,30.959913,18891.2121169279,Europe & Central Asia,High income,4,9.84645212555858
Poland,POL,2023,30.980038,22145.2660647429,Europe & Central Asia,High income,4,10.005379030949513
Poland,POL,2024,31.000164,25103.565661423,Europe & Central Asia,High income,4,10.130765173254584
Poland,POL,2025,31.020288,,Europe & Central Asia,High income,4,
Portugal,PRT,1990,37.53504,7884.61798756332,Europe & Central Asia,High income,4,8.97266905022899
Portugal,PRT,1991,37.43696,8958.9853330247,Europe & Central Asia,High income,4,9.100412255474316
Portugal,PRT,1992,37.338875,10810.5665079626,Europe & Central Asia,High income,4,9.288279315177096
Portugal,PRT,1993,37.24079,9534.6563637308,Europe & Central Asia,High income,4,9.162688477923185
Portugal,PRT,1994,37.142708,9977.31990905771,Europe & Central Asia,High income,4,9.208069787053924
Portugal,PRT,1995,37.044624,11781.3618502221,Europe & Central Asia,High income,4,9.37427405750341
Portugal,PRT,1996,36.94654,12185.0914010629,Europe & Central Asia,High income,4,9.407968467144254
Portugal,PRT,1997,36.848457,11575.5071124358,Europe & Central Asia,High income,4,9.356646689004332
Portugal,PRT,1998,36.750374,12199.206385024,Europe & Central Asia,High income,4,9.40912617819761
Portugal,PRT,1999,36.65229,12475.2917701476,Europe & Central Asia,High income,4,9.4315053087348
Portugal,PRT,2000,36.554207,11526.3720667968,Europe & Central Asia,High income,4,9.352392912127764
Portugal,PRT,2001,36.448654,11734.7649743954,Europe & Central Asia,High income,4,9.370311080338116
Portugal,PRT,2002,36.343105,12936.6928204482,Europe & Central Asia,High income,4,9.46782295737135
Portugal,PRT,2003,36.237556,15797.7821340276,Europe & Central Asia,High income,4,9.667624837898014
Portugal,PRT,2004,36.132004,18064.1580932987,Europe & Central Asia,High income,4,9.80168503819452
Portugal,PRT,2005,36.026455,18780.12751241,Europe & Central Asia,High income,4,9.840554542537394
Portugal,PRT,2006,35.920902,19839.4540499032,Europe & Central Asia,High income,4,9.895427862814238
Portugal,PRT,2007,35.815353,22811.0564844365,Europe & Central Asia,High income,4,10.035000630928185
Portugal,PRT,2008,35.709805,24949.0413566739,Europe & Central Asia,High income,4,10.124590677863297
Portugal,PRT,2009,35.60425,23151.2154130712,Europe & Central Asia,High income,4,10.049802559780762
Portugal,PRT,2010,35.498703,22551.935098809,Europe & Central Asia,High income,4,10.023576154943452
Portugal,PRT,2011,35.62959,23246.5425416481,Europe & Central Asia,High income,4,10.053911692071285
Portugal,PRT,2012,35.760475,20593.4274224109,Europe & Central Asia,High income,4,9.932727246703587
Portugal,PRT,2013,35.891365,21676.4859642714,Europe & Central Asia,High income,4,9.983983355897296
Portugal,PRT,2014,36.02225,22120.6850127107,Europe & Central Asia,High income,4,10.004268423181667
Portugal,PRT,2015,36.153137,19215.7813014347,Europe & Central Asia,High income,4,9.863487163188946
Portugal,PRT,2016,36.202393,19980.2808866516,Europe & Central Asia,High income,4,9.902501110494697
Portugal,PRT,2017,36.251648,21442.3842768879,Europe & Central Asia,High income,4,9.973124815946102
Portugal,PRT,2018,36.300903,23541.1401075289,Europe & Central Asia,High income,4,10.066504812416667
Portugal,PRT,2019,36.35016,23343.3628970034,Europe & Central Asia,High income,4,10.058067978452309
Portugal,PRT,2020,36.39941,22299.4044062173,Europe & Central Asia,High income,4,10.012315248850163
Portugal,PRT,2021,36.461067,24711.4510062111,Europe & Central Asia,High income,4,10.1150220186755
Portugal,PRT,2022,36.522724,24620.5197587181,Europe & Central Asia,High income,4,10.11133551075517
Portugal,PRT,2023,36.584377,27634.6183139773,Europe & Central Asia,High income,4,10.226824552483082
Portugal,PRT,2024,36.646034,29292.242104753,Europe & Central Asia,High income,4,10.28507798536437
Portugal,PRT,2025,36.70769,,Europe & Central Asia,High income,4,
Puerto Rico,PRI,1990,34.253666,8652.50749222505,Latin America & Caribbean,High income,4,9.065604441412049
Puerto Rico,PRI,1991,35.666515,9064.01851711486,Latin America & Caribbean,High income,4,9.112067845635462
Puerto Rico,PRI,1992,37.07937,9659.33889995916,Latin America & Caribbean,High income,4,9.175680488007425
Puerto Rico,PRI,1993,38.49222,10212.2767630564,Latin America & Caribbean,High income,4,9.2313458797427
Puerto Rico,PRI,1994,39.905075,10876.4188239898,Latin America & Caribbean,High income,4,9.294352314020637
Puerto Rico,PRI,1995,41.317924,11579.1849969985,Latin America & Caribbean,High income,4,9.356964368425528
Puerto Rico,PRI,1996,42.730778,12173.163688986,Latin America & Caribbean,High income,4,9.406989110208697
Puerto Rico,PRI,1997,44.14363,12817.6449621352,Latin America & Caribbean,High income,4,9.458578013298228
Puerto Rico,PRI,1998,45.556484,14304.4049868015,Latin America & Caribbean,High income,4,9.56832280984817
Puerto Rico,PRI,1999,46.969334,15220.9913420267,Latin America & Caribbean,High income,4,9.630430763461865
Puerto Rico,PRI,2000,48.382187,16192.1269719638,Latin America & Caribbean,High income,4,9.692280413704408
Puerto Rico,PRI,2001,49.084557,18123.1987019918,Latin America & Caribbean,High income,4,9.804948092825088
Puerto Rico,PRI,2002,49.786922,18731.4593897378,Latin America & Caribbean,High income,4,9.837959709633807
Puerto Rico,PRI,2003,50.48929,19557.1202492358,Latin America & Caribbean,High income,4,9.881094706228232
Puerto Rico,PRI,2004,51.191658,20988.9923326534,Latin America & Caribbean,High income,4,9.951753404642457
Puerto Rico,PRI,2005,51.894024,21959.322696986,Latin America & Caribbean,High income,4,9.996947052569773
Puerto Rico,PRI,2006,52.596394,22935.9411586313,Latin America & Caribbean,High income,4,10.040460442100867
Puerto Rico,PRI,2007,53.29876,23664.8823485096,Latin America & Caribbean,High income,4,10.071747470788146
Puerto Rico,PRI,2008,54.00113,24898.3345857045,Latin America & Caribbean,High income,4,10.122556196107704
Puerto Rico,PRI,2009,54.703495,25768.7258883384,Latin America & Caribbean,High income,4,10.156916860760894
Puerto Rico,PRI,2010,55.40586,26414.8810634548,Latin America & Caribbean,High income,4,10.181682806974417
Puerto Rico,PRI,2011,55.33213,27170.0766543278,Latin America & Caribbean,High income,4,10.209871523701942
Puerto Rico,PRI,2012,55.2584,27742.024476618,Latin America & Caribbean,High income,4,10.230703671617489
Puerto Rico,PRI,2013,55.184666,28212.0499737431,Latin America & Caribbean,High income,4,10.247504469691279
Puerto Rico,PRI,2014,55.110935,28576.0988023209,Latin America & Caribbean,High income,4,10.260325941198275
Puerto Rico,PRI,2015,55.037205,29242.041465085,Latin America & Caribbean,High income,4,10.28336272897395
Puerto Rico,PRI,2016,54.44938,29978.0889268918,Latin America & Caribbean,High income,4,10.308222024691231
Puerto Rico,PRI,2017,53.861557,30328.479490518,Latin America & Caribbean,High income,4,10.319842467230714
Puerto Rico,PRI,2018,53.27373,30679.9181934488,Latin America & Caribbean,High income,4,10.331363589032032
Puerto Rico,PRI,2019,52.68591,31830.5284993358,Latin America & Caribbean,High income,4,10.368181123950292
Puerto Rico,PRI,2020,52.098083,31427.1130762831,Latin America & Caribbean,High income,4,10.355426273084309
Puerto Rico,PRI,2021,51.51071,32619.0704601174,Latin America & Caribbean,High income,4,10.39265237975787
Puerto Rico,PRI,2022,50.923336,35353.6821570014,Latin America & Caribbean,High income,4,10.473157828757328
Puerto Rico,PRI,2023,50.335964,36980.7884784287,Latin America & Caribbean,High income,4,10.518153826466886
Puerto Rico,PRI,2024,49.748592,39343.7154660139,Latin America & Caribbean,High income,4,10.58009153247613
Puerto Rico,PRI,2025,49.161217,,Latin America & Caribbean,High income,4,
Qatar,QAT,1990,0.12184508,16721.6207714589,Middle East & North Africa,High income,4,9.724457818032732
Qatar,QAT,1991,0.12184508,15133.4969397069,Middle East & North Africa,High income,4,9.62466590629674
Qatar,QAT,1992,0.12184508,16280.2938815273,Middle East & North Africa,High income,4,9.697710691084467
Qatar,QAT,1993,0.12184508,14769.7193322522,Middle East & North Africa,High income,4,9.600334372789167
Qatar,QAT,1994,0.12184508,14764.8771355222,Middle East & North Africa,High income,4,9.600006472810668
Qatar,QAT,1995,0.12184508,15822.5090711554,Middle East & North Africa,High income,4,9.669188829956637
Qatar,QAT,1996,0.12184508,17124.7920861356,Middle East & North Africa,High income,4,9.748282522101139
Qatar,QAT,1997,0.12184508,20522.8012995179,Middle East & North Africa,High income,4,9.929291805538352
Qatar,QAT,1998,0.12184508,17665.4408438222,Middle East & North Africa,High income,4,9.779365515260071
Qatar,QAT,1999,0.12184508,20233.6846826643,Middle East & North Africa,High income,4,9.915104053105036
Qatar,QAT,2000,0.12184508,27535.182940934,Middle East & North Africa,High income,4,10.223219845616185
Qatar,QAT,2001,0.12184508,25870.7991864314,Middle East & North Africa,High income,4,10.160870167104592
Qatar,QAT,2002,0.12184508,27226.6593510117,Middle East & North Africa,High income,4,10.211951895475924
Qatar,QAT,2003,0.12184508,31602.470865136,Middle East & North Africa,High income,4,10.360990588452857
Qatar,QAT,2004,0.12184508,41035.5008380177,Middle East & North Africa,High income,4,10.622192845131714
Qatar,QAT,2005,0.12184508,53949.6764091147,Middle East & North Africa,High income,4,10.895806972690808
Qatar,QAT,2006,0.12184508,62582.4453138755,Middle East & North Africa,High income,4,11.044240091465465
Qatar,QAT,2007,0.12184508,65954.3419525051,Middle East & North Africa,High income,4,11.096717993014009
Qatar,QAT,2008,0.12184508,80781.4039187792,Middle East & North Africa,High income,4,11.299502068500662
Qatar,QAT,2009,0.12184508,60785.7351551657,Middle East & North Africa,High income,4,11.01511042126842
Qatar,QAT,2010,0.12184508,76462.6119486736,Middle East & North Africa,High income,4,11.244557167648798
Qatar,QAT,2011,0.12184508,103261.510293068,Middle East & North Africa,High income,4,11.545019984445874
Qatar,QAT,2012,0.12184508,108470.387023229,Middle East & North Africa,High income,4,11.594232484048817
Qatar,QAT,2013,0.12184508,103697.062789144,Middle East & North Africa,High income,4,11.549229069700225
Qatar,QAT,2014,0.12184508,95840.6898934238,Middle East & North Africa,High income,4,11.470442611710512
Qatar,QAT,2015,0.12184508,68985.2433380102,Middle East & North Africa,High income,4,11.141647896040569
Qatar,QAT,2016,0.12184508,61253.6217997091,Middle East & North Africa,High income,4,11.022778258082601
Qatar,QAT,2017,0.12184508,63279.8767486216,Middle East & North Africa,High income,4,11.055322654725062
Qatar,QAT,2018,0.12184508,71039.9308240078,Middle East & North Africa,High income,4,11.170997403904426
Qatar,QAT,2019,0.12184508,66841.3623185691,Middle East & North Africa,High income,4,11.110077364287518
Qatar,QAT,2020,0.12184508,51683.5681078949,Middle East & North Africa,High income,4,10.852895178408598
Qatar,QAT,2021,0.12184508,71751.9363398856,Middle East & North Africa,High income,4,11.180970120573194
Qatar,QAT,2022,0.12184508,88701.4689763536,Middle East & North Africa,High income,4,11.393031729337014
Qatar,QAT,2023,0.12184508,81816.9797967481,Middle East & North Africa,High income,4,11.312240078027079
Qatar,QAT,2024,0.12184508,76688.6941743178,Middle East & North Africa,High income,4,11.24750957328727
Qatar,QAT,2025,0.12184508,,Middle East & North Africa,High income,4,
Romania,ROU,1990,27.690369,1648.48522974542,Europe & Central Asia,High income,4,7.407612102656918
Romania,ROU,1991,27.688196,1254.3124421298,Europe & Central Asia,High income,4,7.134342846561913
Romania,ROU,1992,27.686022,1102.10378473246,Europe & Central Asia,High income,4,7.0049761638014445
Romania,ROU,1993,27.68385,1158.05632799712,Europe & Central Asia,High income,4,7.054498299434493
Romania,ROU,1994,27.681677,1323.03237766927,Europe & Central Asia,High income,4,7.187681636732559
Romania,ROU,1995,27.679502,1650.04922365201,Europe & Central Asia,High income,4,7.408560398966015
Romania,ROU,1996,27.67733,1633.01064354117,Europe & Central Asia,High income,4,7.398180610733162
Romania,ROU,1997,27.675156,1577.33656023974,Europe & Central Asia,High income,4,7.3634929822267265
Romania,ROU,1998,27.672983,1852.5549693339,Europe & Central Asia,High income,4,7.524321029784742
Romania,ROU,1999,27.67081,1599.90622808339,Europe & Central Asia,High income,4,7.377700299062508
Romania,ROU,2000,27.668636,1659.92904910528,Europe & Central Asia,High income,4,7.4145301389343015
Romania,ROU,2001,27.733397,1825.19299373184,Europe & Central Asia,High income,4,7.509441010415506
Romania,ROU,2002,27.798157,2119.85509684554,Europe & Central Asia,High income,4,7.659103014785496
Romania,ROU,2003,27.862917,2679.40626016154,Europe & Central Asia,High income,4,7.893350504244403
Romania,ROU,2004,27.927677,3494.99056448955,Europe & Central Asia,High income,4,8.159085954947399
Romania,ROU,2005,27.992437,4618.00350802913,Europe & Central Asia,High income,4,8.437717749556667
Romania,ROU,2006,28.057198,5757.53127301178,Europe & Central Asia,High income,4,8.65826406337992
Romania,ROU,2007,28.121958,8360.33775916596,Europe & Central Asia,High income,4,9.031254107076727
Romania,ROU,2008,28.186718,10435.1561230787,Europe & Central Asia,High income,4,9.252935780882723
Romania,ROU,2009,28.251478,8548.4543409242,Europe & Central Asia,High income,4,9.053505766749067
Romania,ROU,2010,28.316238,8399.5374234284,Europe & Central Asia,High income,4,9.035931914675595
Romania,ROU,2011,28.65174,9560.6755277458,Europe & Central Asia,High income,4,9.165413665447108
Romania,ROU,2012,28.98724,8929.95366231474,Europe & Central Asia,High income,4,9.097166484866571
Romania,ROU,2013,29.32274,9497.67411615237,Europe & Central Asia,High income,4,9.158802217734207
Romania,ROU,2014,29.658241,10031.7710755404,Europe & Central Asia,High income,4,9.213512443188531
Romania,ROU,2015,29.993742,8977.01748158196,Europe & Central Asia,High income,4,9.102422977129411
Romania,ROU,2016,30.018158,9404.54005870715,Europe & Central Asia,High income,4,9.148947836627244
Romania,ROU,2017,30.042576,10727.9822007426,Europe & Central Asia,High income,4,9.280610765819814
Romania,ROU,2018,30.066994,12416.134317959,Europe & Central Asia,High income,4,9.42675206049907
Romania,ROU,2019,30.091412,12909.6104013244,Europe & Central Asia,High income,4,9.465727305331441
Romania,ROU,2020,30.11583,13009.1770573223,Europe & Central Asia,High income,4,9.473410314880397
Romania,ROU,2021,30.140238,14907.9803652143,Europe & Central Asia,High income,4,9.609651943534578
Romania,ROU,2022,30.164646,15503.551804598,Europe & Central Asia,High income,4,9.64882442534053
Romania,ROU,2023,30.189056,18244.4186876321,Europe & Central Asia,High income,4,9.811614486901306
Romania,ROU,2024,30.213465,20080.2096215595,Europe & Central Asia,High income,4,9.907490013071868
Romania,ROU,2025,30.237873,,Europe & Central Asia,High income,4,
Russia,RUS,1990,49.560223,3494.06323242188,Europe & Central Asia,High income,4,8.158820587960664
Russia,RUS,1991,49.565132,3490.45239257813,Europe & Central Asia,High income,4,8.157786632176382
Russia,RUS,1992,49.57004,3098.802734375,Europe & Central Asia,High income,4,8.038771101155383
Russia,RUS,1993,49.57495,2930.67016601563,Europe & Central Asia,High income,4,7.982986401460004
Russia,RUS,1994,49.57986,2662.10400390625,Europe & Central Asia,High income,4,7.886872068028909
Russia,RUS,1995,49.58477,2665.77978515625,Europe & Central Asia,High income,4,7.888251896110275
Russia,RUS,1996,49.589684,2643.92919921875,Europe & Central Asia,High income,4,7.8800214227078795
Russia,RUS,1997,49.59459,2737.57202148438,Europe & Central Asia,High income,4,7.914826682996713
Russia,RUS,1998,49.5995,1834.86181640625,Europe & Central Asia,High income,4,7.514724453242388
Russia,RUS,1999,49.604412,1330.75720214844,Europe & Central Asia,High income,4,7.19350338413549
Russia,RUS,2000,49.609318,1771.59411621094,Europe & Central Asia,High income,4,7.479635050871107
Russia,RUS,2001,49.66462,2100.3525390625,Europe & Central Asia,High income,4,7.649860485366006
Russia,RUS,2002,49.71992,2377.52954101563,Europe & Central Asia,High income,4,7.77381721958552
Russia,RUS,2003,49.775223,2975.123046875,Europe & Central Asia,High income,4,7.998040677418534
Russia,RUS,2004,49.83052,4102.36474609375,Europe & Central Asia,High income,4,8.319318853765985
Russia,RUS,2005,49.885822,5323.455078125,Europe & Central Asia,High income,4,8.579877822309177
Russia,RUS,2006,49.941124,6920.19970703125,Europe & Central Asia,High income,4,8.842199907592871
Russia,RUS,2007,49.996426,9101.2392578125,Europe & Central Asia,High income,4,9.116165865410188
Russia,RUS,2008,50.051727,11635.2841796875,Europe & Central Asia,High income,4,9.361797499992264
Russia,RUS,2009,50.10703,8562.82421875,Europe & Central Asia,High income,4,9.055185346817124
Russia,RUS,2010,50.16233,10674.990234375,Europe & Central Asia,High income,4,9.27565892328376
Russia,RUS,2011,50.183144,14305.33203125,Europe & Central Asia,High income,4,9.568387616067692
Russia,RUS,2012,50.203953,15401.8515625,Europe & Central Asia,High income,4,9.642243012505682
Russia,RUS,2013,50.224766,15941.4482421875,Europe & Central Asia,High income,4,9.676677804063205
Russia,RUS,2014,50.245583,14055.47265625,Europe & Central Asia,High income,4,9.550767111821791
Russia,RUS,2015,50.266396,9277.7138671875,Europe & Central Asia,High income,4,9.135370444912384
Russia,RUS,2016,50.330215,8663.158203125,Europe & Central Asia,High income,4,9.066834623656327
Russia,RUS,2017,50.394035,10658.9130859375,Europe & Central Asia,High income,4,9.274151730601806
Russia,RUS,2018,50.457855,11211.8876953125,Europe & Central Asia,High income,4,9.324729895762207
Russia,RUS,2019,50.521683,11447.701171875,Europe & Central Asia,High income,4,9.345544217809904
Russia,RUS,2020,50.585503,10108.3271484375,Europe & Central Asia,High income,4,9.221114833282865
Russia,RUS,2021,50.63677,12425.029296875,Europe & Central Asia,High income,4,9.427468208859434
Russia,RUS,2022,50.68803,15619.6142578125,Europe & Central Asia,High income,4,9.65628272768621
Russia,RUS,2023,50.739296,14159.3876953125,Europe & Central Asia,High income,4,9.558133124456292
Russia,RUS,2024,50.79056,14889.0185546875,Europe & Central Asia,High income,4,9.608379210455828
Russia,RUS,2025,50.841824,,Europe & Central Asia,High income,4,
Rwanda,RWA,1990,17.707743,345.773495134655,Sub-Saharan Africa,Low income,1,5.845783922349338
Rwanda,RWA,1991,17.595785,253.966902025944,Sub-Saharan Africa,Low income,1,5.537203951543371
Rwanda,RWA,1992,17.483826,264.083914517464,Sub-Saharan Africa,Low income,1,5.576266910660855
Rwanda,RWA,1993,17.371868,247.023318476014,Sub-Saharan Africa,Low income,1,5.509482738957419
Rwanda,RWA,1994,17.25991,110.953668251372,Sub-Saharan Africa,Low income,1,4.709112711034602
Rwanda,RWA,1995,17.147953,227.971147849318,Sub-Saharan Africa,Low income,1,5.429219076426472
Rwanda,RWA,1996,17.035995,206.04911417485,Sub-Saharan Africa,Low income,1,5.328114558696964
Rwanda,RWA,1997,16.924038,238.749371368214,Sub-Saharan Africa,Low income,1,5.475414346344657
Rwanda,RWA,1998,16.81208,246.154673288384,Sub-Saharan Africa,Low income,1,5.505960091554695
Rwanda,RWA,1999,16.70012,264.74368682977,Sub-Saharan Africa,Low income,1,5.578762138417296
Rwanda,RWA,2000,16.588163,251.86926386091,Sub-Saharan Africa,Low income,1,5.528910158688411
Rwanda,RWA,2001,16.61658,237.308846200901,Sub-Saharan Africa,Low income,1,5.469362441301045
Rwanda,RWA,2002,16.644995,234.043016755733,Sub-Saharan Africa,Low income,1,5.455504930752074
Rwanda,RWA,2003,16.673409,249.012274982252,Sub-Saharan Africa,Low income,1,5.517502192367123
Rwanda,RWA,2004,16.701824,269.540446333402,Sub-Saharan Africa,Low income,1,5.5967184582474925
Rwanda,RWA,2005,16.73024,324.016863847189,Sub-Saharan Africa,Low income,1,5.780795563348909
Rwanda,RWA,2006,16.758654,356.995022901154,Sub-Saharan Africa,Low income,1,5.877721840229106
Rwanda,RWA,2007,16.78707,426.234183487629,Sub-Saharan Africa,Low income,1,6.054988921721894
Rwanda,RWA,2008,16.815485,528.326391755502,Sub-Saharan Africa,Low income,1,6.269714258923839
Rwanda,RWA,2009,16.843899,564.039095842449,Sub-Saharan Africa,Low income,1,6.335123567965208
Rwanda,RWA,2010,16.872314,593.624927744346,Sub-Saharan Africa,Low income,1,6.38624768514992
Rwanda,RWA,2011,17.462423,651.133677964662,Sub-Saharan Africa,Low income,1,6.478714963624325
Rwanda,RWA,2012,18.052534,706.817269168561,Sub-Saharan Africa,Low income,1,6.560772173039764
Rwanda,RWA,2013,18.642643,704.92421851123,Sub-Saharan Africa,Low income,1,6.558090305561214
Rwanda,RWA,2014,19.232752,724.957526520906,Sub-Saharan Africa,Low income,1,6.586113069029464
Rwanda,RWA,2015,19.822863,733.998629882494,Sub-Saharan Africa,Low income,1,6.59850716196767
Rwanda,RWA,2016,20.413052,729.519133812945,Sub-Saharan Africa,Low income,1,6.59238559628638
Rwanda,RWA,2017,21.003242,758.300966509647,Sub-Saharan Africa,Low income,1,6.631080360280318
Rwanda,RWA,2018,21.593433,771.773511207309,Sub-Saharan Africa,Low income,1,6.648691127715517
Rwanda,RWA,2019,22.183624,810.051412137354,Sub-Saharan Africa,Low income,1,6.697097717426748
Rwanda,RWA,2020,22.773815,778.701498925026,Sub-Saharan Africa,Low income,1,6.657627787488018
Rwanda,RWA,2021,23.364004,829.544845263697,Sub-Saharan Africa,Low income,1,6.720877171175412
Rwanda,RWA,2022,23.954195,975.469323735369,Sub-Saharan Africa,Low income,1,6.8829187128597065
Rwanda,RWA,2023,24.544386,1027.03446826565,Sub-Saharan Africa,Low income,1,6.934430771454604
Rwanda,RWA,2024,25.134577,999.65456165547,Sub-Saharan Africa,Low income,1,6.907409780960038
Rwanda,RWA,2025,25.724768,,Sub-Saharan Africa,Low income,1,
Saint Kitts and Nevis,KNA,1990,42.307693,5373.44824048425,Latin America & Caribbean,High income,4,8.589225111869366
Saint Kitts and Nevis,KNA,1991,42.307693,5464.61025672087,Latin America & Caribbean,High income,4,8.606048081822477
Saint Kitts and Nevis,KNA,1992,42.307693,5947.1211356266,Latin America & Caribbean,High income,4,8.690662538698168
Saint Kitts and Nevis,KNA,1993,42.307693,6395.31437746849,Latin America & Caribbean,High income,4,8.763320872690247
Saint Kitts and Nevis,KNA,1994,42.307693,7065.28291984056,Latin America & Caribbean,High income,4,8.862948339587971
Saint Kitts and Nevis,KNA,1995,42.307693,7406.44486096454,Latin America & Caribbean,High income,4,8.910105827312634
Saint Kitts and Nevis,KNA,1996,42.307693,7788.42839854571,Latin America & Caribbean,High income,4,8.960394372496658
Saint Kitts and Nevis,KNA,1997,42.307693,8626.72257471312,Latin America & Caribbean,High income,4,9.062619940765734
Saint Kitts and Nevis,KNA,1998,42.307693,8710.78984057184,Latin America & Caribbean,High income,4,9.072317747775577
Saint Kitts and Nevis,KNA,1999,42.307693,9116.28627997718,Latin America & Caribbean,High income,4,9.117817793994588
Saint Kitts and Nevis,KNA,2000,42.307693,9319.65545093525,Latin America & Caribbean,High income,4,9.139880938212503
Saint Kitts and Nevis,KNA,2001,42.307693,10022.5919235637,Latin America & Caribbean,High income,4,9.212597016194602
Saint Kitts and Nevis,KNA,2002,42.307693,10453.6587064313,Latin America & Caribbean,High income,4,9.254707311564816
Saint Kitts and Nevis,KNA,2003,42.307693,10175.6295449989,Latin America & Caribbean,High income,4,9.227750880141182
Saint Kitts and Nevis,KNA,2004,42.307693,10944.6183741768,Latin America & Caribbean,High income,4,9.300603141754447
Saint Kitts and Nevis,KNA,2005,42.307693,11783.7867154145,Latin America & Caribbean,High income,4,9.37447985847209
Saint Kitts and Nevis,KNA,2006,42.307693,13837.8495311219,Latin America & Caribbean,High income,4,9.535162836399545
Saint Kitts and Nevis,KNA,2007,42.307693,14757.9579751035,Latin America & Caribbean,High income,4,9.599537740013194
Saint Kitts and Nevis,KNA,2008,42.307693,16604.9448615905,Latin America & Caribbean,High income,4,9.717455813214578
Saint Kitts and Nevis,KNA,2009,42.307693,16503.4119292794,Latin America & Caribbean,High income,4,9.711322422104583
Saint Kitts and Nevis,KNA,2010,42.307693,16622.9457908577,Latin America & Caribbean,High income,4,9.718539296437541
Saint Kitts and Nevis,KNA,2011,42.307693,17832.4572919975,Latin America & Caribbean,High income,4,9.78877551919615
Saint Kitts and Nevis,KNA,2012,42.307693,17532.0559008608,Latin America & Caribbean,High income,4,9.771786250038112
Saint Kitts and Nevis,KNA,2013,42.307693,18580.1301949935,Latin America & Caribbean,High income,4,9.829848019608805
Saint Kitts and Nevis,KNA,2014,42.307693,20219.3954237956,Latin America & Caribbean,High income,4,9.914397592216254
Saint Kitts and Nevis,KNA,2015,42.307693,20328.8003530109,Latin America & Caribbean,High income,4,9.9197938961755
Saint Kitts and Nevis,KNA,2016,42.307693,21387.5415511103,Latin America & Caribbean,High income,4,9.970563860974028
Saint Kitts and Nevis,KNA,2017,42.307693,22464.9899633959,Latin America & Caribbean,High income,4,10.019713374737897
Saint Kitts and Nevis,KNA,2018,42.307693,22901.3816403197,Latin America & Caribbean,High income,4,10.038952521360745
Saint Kitts and Nevis,KNA,2019,42.307693,23595.4923231291,Latin America & Caribbean,High income,4,10.068810969513015
Saint Kitts and Nevis,KNA,2020,42.307693,18859.0190361046,Latin America & Caribbean,High income,4,9.844746541902841
Saint Kitts and Nevis,KNA,2021,42.307693,18361.1449697886,Latin America & Caribbean,High income,4,9.817992024418963
Saint Kitts and Nevis,KNA,2022,42.307693,21011.5744209816,Latin America & Caribbean,High income,4,9.95282872777496
Saint Kitts and Nevis,KNA,2023,42.307693,22576.9248439166,Latin America & Caribbean,High income,4,10.024683639054219
Saint Kitts and Nevis,KNA,2024,42.307693,23960.6534357084,Latin America & Caribbean,High income,4,10.084168323798599
Saint Kitts and Nevis,KNA,2025,42.307693,,Latin America & Caribbean,High income,4,
Saint Lucia,LCA,1990,44.360657,4204.57161863111,Latin America & Caribbean,Upper middle income,3,8.3439276929324
Saint Lucia,LCA,1991,44.688526,4398.67906897723,Latin America & Caribbean,Upper middle income,3,8.389059563237746
Saint Lucia,LCA,1992,45.01639,4759.83867808296,Latin America & Caribbean,Upper middle income,3,8.467969055492105
Saint Lucia,LCA,1993,45.34426,4764.72464839218,Latin America & Caribbean,Upper middle income,3,8.468995028142048
Saint Lucia,LCA,1994,45.67213,4892.06733637469,Latin America & Caribbean,Upper middle income,3,8.495370261302416
Saint Lucia,LCA,1995,46.0,5147.92024022295,Latin America & Caribbean,Upper middle income,3,8.54634807524381
Saint Lucia,LCA,1996,46.32787,5244.01665086076,Latin America & Caribbean,Upper middle income,3,8.5648430200999
Saint Lucia,LCA,1997,46.65574,5282.37011402006,Latin America & Caribbean,Upper middle income,3,8.572130161212543
Saint Lucia,LCA,1998,46.98361,5672.51373770766,Latin America & Caribbean,Upper middle income,3,8.643387638459378
Saint Lucia,LCA,1999,47.311474,5882.83398968649,Latin America & Caribbean,Upper middle income,3,8.679793895817058
Saint Lucia,LCA,2000,47.639343,5879.56191426207,Latin America & Caribbean,Upper middle income,3,8.679237533739885
Saint Lucia,LCA,2001,47.967213,5570.45247098106,Latin America & Caribbean,Upper middle income,3,8.625231563191372
Saint Lucia,LCA,2002,48.295082,5567.89428424719,Latin America & Caribbean,Upper middle income,3,8.624772215527834
Saint Lucia,LCA,2003,48.62295,6058.60622059326,Latin America & Caribbean,Upper middle income,3,8.709235056008314
Saint Lucia,LCA,2004,48.95082,6494.60034867886,Latin America & Caribbean,Upper middle income,3,8.778726395060458
Saint Lucia,LCA,2005,49.27869,6863.43641919345,Latin America & Caribbean,Upper middle income,3,8.833963531035993
Saint Lucia,LCA,2006,49.606556,7611.17856675319,Latin America & Caribbean,Upper middle income,3,8.937373309659915
Saint Lucia,LCA,2007,49.934425,7964.38211480117,Latin America & Caribbean,Upper middle income,3,8.982734644294393
Saint Lucia,LCA,2008,50.262295,8516.96075488787,Latin America & Caribbean,Upper middle income,3,9.049814837274162
Saint Lucia,LCA,2009,50.590164,8250.52180732734,Latin America & Caribbean,Upper middle income,3,9.018031726701581
Saint Lucia,LCA,2010,50.918034,8673.68720340529,Latin America & Caribbean,Upper middle income,3,9.068049262343802
Saint Lucia,LCA,2011,51.245903,9128.99442011613,Latin America & Caribbean,Upper middle income,3,9.119210827338707
Saint Lucia,LCA,2012,51.57377,9260.30006551714,Latin America & Caribbean,Upper middle income,3,9.133491731598703
Saint Lucia,LCA,2013,51.901638,9577.21733754358,Latin America & Caribbean,Upper middle income,3,9.167142362961895
Saint Lucia,LCA,2014,52.22951,10044.8218377677,Latin America & Caribbean,Upper middle income,3,9.214812540682354
Saint Lucia,LCA,2015,52.55738,10334.9860823918,Latin America & Caribbean,Upper middle income,3,9.243290125466853
Saint Lucia,LCA,2016,52.73115,10638.1269396653,Latin America & Caribbean,Upper middle income,3,9.272199707893723
Saint Lucia,LCA,2017,52.90492,11333.1123822102,Latin America & Caribbean,Upper middle income,3,9.33548401905281
Saint Lucia,LCA,2018,53.07869,11642.6984727769,Latin America & Caribbean,Upper middle income,3,9.362434521975725
Saint Lucia,LCA,2019,53.25246,11794.0597229805,Latin America & Caribbean,Upper middle income,3,9.375351270391999
Saint Lucia,LCA,2020,53.42623,8411.07474936367,Latin America & Caribbean,Upper middle income,3,9.037304539018853
Saint Lucia,LCA,2021,53.508198,10459.1321248092,Latin America & Caribbean,Upper middle income,3,9.255230763317101
Saint Lucia,LCA,2022,53.590164,13103.8243147472,Latin America & Caribbean,Upper middle income,3,9.480659399008715
Saint Lucia,LCA,2023,53.67213,13554.7684784933,Latin America & Caribbean,Upper middle income,3,9.51449368163148
Saint Lucia,LCA,2024,53.754097,14181.6303351598,Latin America & Caribbean,Upper middle income,3,9.559702767747874
Saint Lucia,LCA,2025,53.836067,,Latin America & Caribbean,Upper middle income,3,
Saint Martin (French part),MAF,1990,24.8,,Latin America & Caribbean,High income,4,
Saint Martin (French part),MAF,1991,24.8,,Latin America & Caribbean,High income,4,
Saint Martin (French part),MAF,1992,24.8,,Latin America & Caribbean,High income,4,
Saint Martin (French part),MAF,1993,24.8,,Latin America & Caribbean,High income,4,
Saint Martin (French part),MAF,1994,24.8,,Latin America & Caribbean,High income,4,
Saint Martin (French part),MAF,1995,24.8,,Latin America & Caribbean,High income,4,
Saint Martin (French part),MAF,1996,24.8,,Latin America & Caribbean,High income,4,
Saint Martin (French part),MAF,1997,24.8,,Latin America & Caribbean,High income,4,
Saint Martin (French part),MAF,1998,24.8,,Latin America & Caribbean,High income,4,
Saint Martin (French part),MAF,1999,24.8,,Latin America & Caribbean,High income,4,
Saint Martin (French part),MAF,2000,24.8,,Latin America & Caribbean,High income,4,
Saint Martin (French part),MAF,2001,24.8,,Latin America & Caribbean,High income,4,
Saint Martin (French part),MAF,2002,24.8,,Latin America & Caribbean,High income,4,
Saint Martin (French part),MAF,2003,24.8,,Latin America & Caribbean,High income,4,
Saint Martin (French part),MAF,2004,24.8,,Latin America & Caribbean,High income,4,
Saint Martin (French part),MAF,2005,24.8,,Latin America & Caribbean,High income,4,
Saint Martin (French part),MAF,2006,24.8,,Latin America & Caribbean,High income,4,
Saint Martin (French part),MAF,2007,24.8,,Latin America & Caribbean,High income,4,
Saint Martin (French part),MAF,2008,24.8,,Latin America & Caribbean,High income,4,
Saint Martin (French part),MAF,2009,24.8,,Latin America & Caribbean,High income,4,
Saint Martin (French part),MAF,2010,24.8,,Latin America & Caribbean,High income,4,
Saint Martin (French part),MAF,2011,24.8,20930.5821177758,Latin America & Caribbean,High income,4,9.948966627656043
Saint Martin (French part),MAF,2012,24.8,,Latin America & Caribbean,High income,4,
Saint Martin (French part),MAF,2013,24.8,,Latin America & Caribbean,High income,4,
Saint Martin (French part),MAF,2014,24.8,20638.7705882379,Latin America & Caribbean,High income,4,9.934926653298104
Saint Martin (French part),MAF,2015,24.8,,Latin America & Caribbean,High income,4,
Saint Martin (French part),MAF,2016,24.8,,Latin America & Caribbean,High income,4,
Saint Martin (French part),MAF,2017,24.8,,Latin America & Caribbean,High income,4,
Saint Martin (French part),MAF,2018,24.8,,Latin America & Caribbean,High income,4,
Saint Martin (French part),MAF,2019,24.8,19033.0649634889,Latin America & Caribbean,High income,4,9.853933006884759
Saint Martin (French part),MAF,2020,24.8,,Latin America & Caribbean,High income,4,
Saint Martin (French part),MAF,2021,24.8,21668.3776525323,Latin America & Caribbean,High income,4,9.983609225670225
Saint Martin (French part),MAF,2022,24.8,,Latin America & Caribbean,High income,4,
Saint Martin (French part),MAF,2023,24.8,,Latin America & Caribbean,High income,4,
Saint Martin (French part),MAF,2024,24.8,,Latin America & Caribbean,High income,4,
Saint Martin (French part),MAF,2025,24.8,,Latin America & Caribbean,High income,4,
Saint Vincent and the Grenadines,VCT,1990,73.128204,2149.73944358984,Latin America & Caribbean,Upper middle income,3,7.673101924749743
Saint Vincent and the Grenadines,VCT,1991,73.13333,2270.76357246912,Latin America & Caribbean,Upper middle income,3,7.727871429450938
Saint Vincent and the Grenadines,VCT,1992,73.13846,2470.51840791008,Latin America & Caribbean,Upper middle income,3,7.812183289344903
Saint Vincent and the Grenadines,VCT,1993,73.14359,2539.64968649849,Latin America & Caribbean,Upper middle income,3,7.839781431799541
Saint Vincent and the Grenadines,VCT,1994,73.14872,2563.24976564442,Latin America & Caribbean,Upper middle income,3,7.84903117212112
Saint Vincent and the Grenadines,VCT,1995,73.15385,2795.36305613955,Latin America & Caribbean,Upper middle income,3,7.935717272015685
Saint Vincent and the Grenadines,VCT,1996,73.15897,2930.44394742606,Latin America & Caribbean,Upper middle income,3,7.98290920842629
Saint Vincent and the Grenadines,VCT,1997,73.1641,3073.7784743848,Latin America & Caribbean,Upper middle income,3,8.030662857215773
Saint Vincent and the Grenadines,VCT,1998,73.16923,3301.10018129103,Latin America & Caribbean,Upper middle income,3,8.10201108016306
Saint Vincent and the Grenadines,VCT,1999,73.17436,3446.52293031878,Latin America & Caribbean,Upper middle income,3,8.145121155522428
Saint Vincent and the Grenadines,VCT,2000,73.17949,3768.95536604022,Latin America & Caribbean,Upper middle income,3,8.234553150809171
Saint Vincent and the Grenadines,VCT,2001,73.18205,4071.08601098962,Latin America & Caribbean,Upper middle income,3,8.311665076009985
Saint Vincent and the Grenadines,VCT,2002,73.184616,4303.27976789727,Latin America & Caribbean,Upper middle income,3,8.367132747666124
Saint Vincent and the Grenadines,VCT,2003,73.18718,4499.61454193342,Latin America & Caribbean,Upper middle income,3,8.411747014741483
Saint Vincent and the Grenadines,VCT,2004,73.18974,4873.48947742443,Latin America & Caribbean,Upper middle income,3,8.491565484633542
Saint Vincent and the Grenadines,VCT,2005,73.19231,5157.39373878102,Latin America & Caribbean,Upper middle income,3,8.548186641491474
Saint Vincent and the Grenadines,VCT,2006,73.19487,5744.8278621257,Latin America & Caribbean,Upper middle income,3,8.656055226757488
Saint Vincent and the Grenadines,VCT,2007,73.19743,6398.19123532172,Latin America & Caribbean,Upper middle income,3,8.76377060992237
Saint Vincent and the Grenadines,VCT,2008,73.2,6598.90531450859,Latin America & Caribbean,Upper middle income,3,8.794659052819895
Saint Vincent and the Grenadines,VCT,2009,73.20256,6463.78777336717,Latin America & Caribbean,Upper middle income,3,8.773970767571472
Saint Vincent and the Grenadines,VCT,2010,73.20513,6551.96835992405,Latin America & Caribbean,Upper middle income,3,8.787520796449824
Saint Vincent and the Grenadines,VCT,2011,73.20513,6527.68996854448,Latin America & Caribbean,Upper middle income,3,8.783808402952483
Saint Vincent and the Grenadines,VCT,2012,73.20513,6713.80768643865,Latin America & Caribbean,Upper middle income,3,8.811921533465556
Saint Vincent and the Grenadines,VCT,2013,73.20513,7072.46737188939,Latin America & Caribbean,Upper middle income,3,8.86396468978783
Saint Vincent and the Grenadines,VCT,2014,73.20513,7168.82875342911,Latin America & Caribbean,Upper middle income,3,8.877497566474407
Saint Vincent and the Grenadines,VCT,2015,73.20513,7353.73556054184,Latin America & Caribbean,Upper middle income,3,8.902963702626419
Saint Vincent and the Grenadines,VCT,2016,73.21026,7656.90042881178,Latin America & Caribbean,Upper middle income,3,8.943362537086006
Saint Vincent and the Grenadines,VCT,2017,73.215385,7988.04445019298,Latin America & Caribbean,Upper middle income,3,8.985701259141278
Saint Vincent and the Grenadines,VCT,2018,73.22051,8428.12677153069,Latin America & Caribbean,Upper middle income,3,9.039329816520812
Saint Vincent and the Grenadines,VCT,2019,73.22564,8740.59425232061,Latin America & Caribbean,Upper middle income,3,9.075733458594575
Saint Vincent and the Grenadines,VCT,2020,73.23077,8351.20324040982,Latin America & Caribbean,Upper middle income,3,9.030160908111283
Saint Vincent and the Grenadines,VCT,2021,73.23077,8641.27904024443,Latin America & Caribbean,Upper middle income,3,9.064305887907024
Saint Vincent and the Grenadines,VCT,2022,73.23077,9693.55867833025,Latin America & Caribbean,Upper middle income,3,9.179216890129718
Saint Vincent and the Grenadines,VCT,2023,73.23077,10582.3656725229,Latin America & Caribbean,Upper middle income,3,9.266944278955
Saint Vincent and the Grenadines,VCT,2024,73.23077,11501.2265187188,Latin America & Caribbean,Upper middle income,3,9.350208962465864
Saint Vincent and the Grenadines,VCT,2025,73.23077,,Latin America & Caribbean,Upper middle income,3,
Samoa,WSM,1990,63.517986,743.994213008355,East Asia & Pacific,Lower middle income,2,6.612033256588265
Samoa,WSM,1991,63.344963,741.563963808482,East Asia & Pacific,Lower middle income,2,6.608761420579732
Samoa,WSM,1992,63.171944,776.740824409711,East Asia & Pacific,Lower middle income,2,6.655106735406103
Samoa,WSM,1993,62.99892,774.988631552282,East Asia & Pacific,Lower middle income,2,6.652848360280959
Samoa,WSM,1994,62.8259,1276.85021574897,East Asia & Pacific,Lower middle income,2,7.152151555299491
Samoa,WSM,1995,62.652878,1288.10473321401,East Asia & Pacific,Lower middle income,2,7.160927217965596
Samoa,WSM,1996,62.479855,1419.35849045228,East Asia & Pacific,Lower middle income,2,7.257960281230594
Samoa,WSM,1997,62.306835,1607.88744330521,East Asia & Pacific,Lower middle income,2,7.38267644934442
Samoa,WSM,1998,62.133812,1506.30359215846,East Asia & Pacific,Lower middle income,2,7.317413976462256
Samoa,WSM,1999,61.960793,1416.76915966987,East Asia & Pacific,Lower middle income,2,7.256134318635624
Samoa,WSM,2000,61.78777,1424.75240002471,East Asia & Pacific,Lower middle income,2,7.261753323237087
Samoa,WSM,2001,61.61475,1453.87021324606,East Asia & Pacific,Lower middle income,2,7.281984392242854
Samoa,WSM,2002,61.441727,1527.55790455937,East Asia & Pacific,Lower middle income,2,7.331425598385765
Samoa,WSM,2003,61.268703,1798.12429714048,East Asia & Pacific,Lower middle income,2,7.494499343421054
Samoa,WSM,2004,61.095684,2189.26042607992,East Asia & Pacific,Lower middle income,2,7.691319060789039
Samoa,WSM,2005,60.92266,2550.04221437511,East Asia & Pacific,Lower middle income,2,7.843865192672351
Samoa,WSM,2006,60.74964,2663.29135939532,East Asia & Pacific,Lower middle income,2,7.887317990041359
Samoa,WSM,2007,60.57662,3038.61904093377,East Asia & Pacific,Lower middle income,2,8.019158428340909
Samoa,WSM,2008,60.4036,3373.60639884263,East Asia & Pacific,Lower middle income,2,8.123737599170719
Samoa,WSM,2009,60.230576,3279.18269477295,East Asia & Pacific,Lower middle income,2,8.095349491905207
Samoa,WSM,2010,60.057552,3524.2479246203,East Asia & Pacific,Lower middle income,2,8.167422337765368
Samoa,WSM,2011,59.88489,3821.50678264479,East Asia & Pacific,Lower middle income,2,8.248400069545891
Samoa,WSM,2012,59.71223,3934.60320799981,East Asia & Pacific,Lower middle income,2,8.27756531917244
Samoa,WSM,2013,59.53957,4023.5254013825,East Asia & Pacific,Lower middle income,2,8.29991376282151
Samoa,WSM,2014,59.366905,3982.68080202084,East Asia & Pacific,Lower middle income,2,8.289710439880082
Samoa,WSM,2015,59.194244,4084.36083819933,East Asia & Pacific,Lower middle income,2,8.314920529495012
Samoa,WSM,2016,59.021584,4147.07097674888,East Asia & Pacific,Lower middle income,2,8.33015757530341
Samoa,WSM,2017,58.848923,4307.59381964907,East Asia & Pacific,Lower middle income,2,8.368134748698628
Samoa,WSM,2018,58.676258,4231.81409469194,East Asia & Pacific,Lower middle income,2,8.350386044097812
Samoa,WSM,2019,58.503597,4351.94234943706,East Asia & Pacific,Lower middle income,2,8.378377541535597
Samoa,WSM,2020,58.330936,4099.59660548583,East Asia & Pacific,Lower middle income,2,8.318643858945999
Samoa,WSM,2021,58.15827,4021.55934894283,East Asia & Pacific,Lower middle income,2,8.299425004147158
Samoa,WSM,2022,57.98561,4132.44717734444,East Asia & Pacific,Lower middle income,2,8.326625047361686
Samoa,WSM,2023,57.81295,4822.74084650019,East Asia & Pacific,Lower middle income,2,8.481097685782721
Samoa,WSM,2024,57.64029,5392.87761915762,East Asia & Pacific,Lower middle income,2,8.59283440254454
Samoa,WSM,2025,57.467625,,East Asia & Pacific,Lower middle income,2,
San Marino,SMR,1990,16.666666,,Europe & Central Asia,High income,4,
San Marino,SMR,1991,16.666666,,Europe & Central Asia,High income,4,
San Marino,SMR,1992,16.666666,,Europe & Central Asia,High income,4,
San Marino,SMR,1993,16.666666,,Europe & Central Asia,High income,4,
San Marino,SMR,1994,16.666666,,Europe & Central Asia,High income,4,
San Marino,SMR,1995,16.666666,,Europe & Central Asia,High income,4,
San Marino,SMR,1996,16.666666,,Europe & Central Asia,High income,4,
San Marino,SMR,1997,16.666666,37852.9810311,Europe & Central Asia,High income,4,10.5414650148422
San Marino,SMR,1998,16.666666,40126.93686908,Europe & Central Asia,High income,4,10.599803130147814
San Marino,SMR,1999,16.666666,41931.7951488407,Europe & Central Asia,High income,4,10.643799652242413
San Marino,SMR,2000,16.666666,37600.7077379601,Europe & Central Asia,High income,4,10.534778152018927
San Marino,SMR,2001,16.666666,39035.1034290445,Europe & Central Asia,High income,4,10.572216608199772
San Marino,SMR,2002,16.666666,41790.8432718184,Europe & Central Asia,High income,4,10.640432534032781
San Marino,SMR,2003,16.666666,52529.9093701059,Europe & Central Asia,High income,4,10.869137988648706
San Marino,SMR,2004,16.666666,58232.0176184948,Europe & Central Asia,High income,4,10.972190613354972
San Marino,SMR,2005,16.666666,59877.8005839737,Europe & Central Asia,High income,4,11.000061107464427
San Marino,SMR,2006,16.666666,63270.7780755157,Europe & Central Asia,High income,4,11.055178859765894
San Marino,SMR,2007,16.666666,70124.4634385624,Europe & Central Asia,High income,4,11.158026991295722
San Marino,SMR,2008,16.666666,75902.1320521765,Europe & Central Asia,High income,4,11.237200053268202
San Marino,SMR,2009,16.666666,62428.9943269418,Europe & Central Asia,High income,4,11.041785099115243
San Marino,SMR,2010,16.666666,56543.1898204098,Europe & Central Asia,High income,4,10.942760046713323
San Marino,SMR,2011,16.666666,55601.3929703047,Europe & Central Asia,High income,4,10.925963533347588
San Marino,SMR,2012,16.666666,47945.8991734281,Europe & Central Asia,High income,4,10.77782855368094
San Marino,SMR,2013,16.666666,50807.8289138024,Europe & Central Asia,High income,4,10.83580573416889
San Marino,SMR,2014,16.666666,51260.4938347125,Europe & Central Asia,High income,4,10.844675633791136
San Marino,SMR,2015,16.666666,43146.8240435428,Europe & Central Asia,High income,4,10.672364091103871
San Marino,SMR,2016,16.666666,44359.4797662688,Europe & Central Asia,High income,4,10.700081713854255
San Marino,SMR,2017,16.666666,45192.0279766943,Europe & Central Asia,High income,4,10.718675978067889
San Marino,SMR,2018,16.666666,47950.6880557136,Europe & Central Asia,High income,4,10.77792842965
San Marino,SMR,2019,16.666666,46630.1443120725,Europe & Central Asia,High income,4,10.750002484630786
San Marino,SMR,2020,16.666666,44326.9556746411,Europe & Central Asia,High income,4,10.699348251224393
San Marino,SMR,2021,16.666666,54176.4798021628,Europe & Central Asia,High income,4,10.900002141253708
San Marino,SMR,2022,16.666666,54190.8417700372,Europe & Central Asia,High income,4,10.900267202118
San Marino,SMR,2023,16.666666,59879.7173015651,Europe & Central Asia,High income,4,11.000093117439674
San Marino,SMR,2024,16.666666,,Europe & Central Asia,High income,4,
San Marino,SMR,2025,16.666666,,Europe & Central Asia,High income,4,
Sao Tome and Principe,STP,1990,61.53125,970.059625606155,Sub-Saharan Africa,Lower middle income,2,6.8773575393053115
Sao Tome and Principe,STP,1991,61.47604,855.105075821698,Sub-Saharan Africa,Lower middle income,2,6.751224357083595
Sao Tome and Principe,STP,1992,61.420834,740.471318576498,Sub-Saharan Africa,Lower middle income,2,6.607286900447937
Sao Tome and Principe,STP,1993,61.365623,963.785698734091,Sub-Saharan Africa,Lower middle income,2,6.870868965679552
Sao Tome and Principe,STP,1994,61.310417,989.500757799244,Sub-Saharan Africa,Lower middle income,2,6.897200530882897
Sao Tome and Principe,STP,1995,61.255207,768.710751184259,Sub-Saharan Africa,Lower middle income,2,6.644714762447288
Sao Tome and Principe,STP,1996,61.2,987.048712395264,Sub-Saharan Africa,Lower middle income,2,6.894719392212841
Sao Tome and Principe,STP,1997,61.14479,661.668232822488,Sub-Saharan Africa,Lower middle income,2,6.494764271436508
Sao Tome and Principe,STP,1998,61.089584,513.569380269738,Sub-Saharan Africa,Lower middle income,2,6.241385132743665
Sao Tome and Principe,STP,1999,61.034374,542.692548018387,Sub-Saharan Africa,Lower middle income,2,6.296542949665681
Sao Tome and Principe,STP,2000,60.979168,529.089383412262,Sub-Saharan Africa,Lower middle income,2,6.271157384337884
Sao Tome and Principe,STP,2001,60.922916,518.88050130005,Sub-Saharan Africa,Lower middle income,2,6.251673608677971
Sao Tome and Principe,STP,2002,60.866665,568.10257252271,Sub-Saharan Africa,Lower middle income,2,6.3423019878448725
Sao Tome and Principe,STP,2003,60.810417,663.696211810494,Sub-Saharan Africa,Lower middle income,2,6.49782453245214
Sao Tome and Principe,STP,2004,60.754166,726.560882130444,Sub-Saharan Africa,Lower middle income,2,6.588322281468101
Sao Tome and Principe,STP,2005,60.697918,844.169181884274,Sub-Saharan Africa,Lower middle income,2,6.738352926977564
Sao Tome and Principe,STP,2006,60.641666,861.970707697664,Sub-Saharan Africa,Lower middle income,2,6.759221288297046
Sao Tome and Principe,STP,2007,60.585415,878.885791918745,Sub-Saharan Africa,Lower middle income,2,6.778654959685859
Sao Tome and Principe,STP,2008,60.529167,1081.8684584729,Sub-Saharan Africa,Lower middle income,2,6.986444879440004
Sao Tome and Principe,STP,2009,60.472916,1128.28046213305,Sub-Saharan Africa,Lower middle income,2,7.028450037795811
Sao Tome and Principe,STP,2010,60.416668,1045.20958234528,Sub-Saharan Africa,Lower middle income,2,6.951972701558201
Sao Tome and Principe,STP,2011,59.797916,1219.80189089671,Sub-Saharan Africa,Lower middle income,2,7.106443740030617
Sao Tome and Principe,STP,2012,59.179165,1192.0202911189,Sub-Saharan Africa,Lower middle income,2,7.083404870231165
Sao Tome and Principe,STP,2013,58.560417,1382.5757842916,Sub-Saharan Africa,Lower middle income,2,7.231703548741551
Sao Tome and Principe,STP,2014,57.941666,1489.67633417608,Sub-Saharan Africa,Lower middle income,2,7.306314149957473
Sao Tome and Principe,STP,2015,57.322918,1298.10946596396,Sub-Saharan Africa,Lower middle income,2,7.1686642280408845
Sao Tome and Principe,STP,2016,57.347916,1434.87018050521,Sub-Saharan Africa,Lower middle income,2,7.268829657554485
Sao Tome and Principe,STP,2017,57.372917,1555.79477812888,Sub-Saharan Africa,Lower middle income,2,7.349741805377325
Sao Tome and Principe,STP,2018,57.397915,1825.59971753966,Sub-Saharan Africa,Lower middle income,2,7.5096638243858775
Sao Tome and Principe,STP,2019,57.422916,1935.2931816596,Sub-Saharan Africa,Lower middle income,2,7.568014109056194
Sao Tome and Principe,STP,2020,57.447918,2167.22001796925,Sub-Saharan Africa,Lower middle income,2,7.681200527517286
Sao Tome and Principe,STP,2021,57.475,2362.58827248102,Sub-Saharan Africa,Lower middle income,2,7.76751302268301
Sao Tome and Principe,STP,2022,57.502083,2389.73729784737,Sub-Saharan Africa,Lower middle income,2,7.778938721665543
Sao Tome and Principe,STP,2023,57.529167,2990.6606143535,Sub-Saharan Africa,Lower middle income,2,8.003249583236158
Sao Tome and Principe,STP,2024,57.55625,3490.56883486557,Sub-Saharan Africa,Lower middle income,2,8.157819991847886
Sao Tome and Principe,STP,2025,57.583332,,Sub-Saharan Africa,Lower middle income,2,
Saudi Arabia,SAU,1990,1.2876508,11054.7495049666,Middle East & North Africa,High income,4,9.310615434053968
Saudi Arabia,SAU,1991,1.2876508,11847.1699534218,Middle East & North Africa,High income,4,9.379844295544594
Saudi Arabia,SAU,1992,1.2876508,11730.2687665244,Middle East & North Africa,High income,4,9.369927854132206
Saudi Arabia,SAU,1993,1.2876508,10884.8607880777,Middle East & North Africa,High income,4,9.295128184250869
Saudi Arabia,SAU,1994,1.2876508,10601.9196697805,Middle East & North Africa,High income,4,9.268790364626055
Saudi Arabia,SAU,1995,1.2876508,10786.4008952769,Middle East & North Africa,High income,4,9.28604144332039
Saudi Arabia,SAU,1996,1.2876508,11471.5045960191,Middle East & North Africa,High income,4,9.347621378156878
Saudi Arabia,SAU,1997,1.2876508,11545.3455998551,Middle East & North Africa,High income,4,9.354037656364813
Saudi Arabia,SAU,1998,1.2876508,9836.05729768574,Middle East & North Africa,High income,4,9.193810228622668
Saudi Arabia,SAU,1999,1.2876508,10452.1899400479,Middle East & North Africa,High income,4,9.254566799078512
Saudi Arabia,SAU,2000,1.2876508,11714.5623675159,Middle East & North Africa,High income,4,9.368587993651369
Saudi Arabia,SAU,2001,1.2876508,10805.311325122,Middle East & North Africa,High income,4,9.287793081586702
Saudi Arabia,SAU,2002,1.2876508,10586.0543471363,Middle East & North Africa,High income,4,9.267292786273666
Saudi Arabia,SAU,2003,1.2876508,11487.220410693,Middle East & North Africa,High income,4,9.348990427799137
Saudi Arabia,SAU,2004,1.2876508,13154.4978989446,Middle East & North Africa,High income,4,9.484519024668787
Saudi Arabia,SAU,2005,1.2876508,15975.7473782258,Middle East & North Africa,High income,4,9.678827062390873
Saudi Arabia,SAU,2006,1.2876508,17563.6145370639,Middle East & North Africa,High income,4,9.773584685247659
Saudi Arabia,SAU,2007,1.2876508,18596.1502627898,Middle East & North Africa,High income,4,9.830709863160159
Saudi Arabia,SAU,2008,1.2876508,22320.4888964331,Middle East & North Africa,High income,4,10.013260320217416
Saudi Arabia,SAU,2009,1.2876508,17718.3911648365,Middle East & North Africa,High income,4,9.782358427985107
Saudi Arabia,SAU,2010,1.2876508,22028.3901426586,Middle East & North Africa,High income,4,10.000087361441192
Saudi Arabia,SAU,2011,1.2876508,27126.7498747702,Middle East & North Africa,High income,4,10.208275600274249
Saudi Arabia,SAU,2012,1.2876508,28733.4375513452,Middle East & North Africa,High income,4,10.265816795054077
Saudi Arabia,SAU,2013,1.2876508,27865.465604962,Middle East & North Africa,High income,4,10.235143409175432
Saudi Arabia,SAU,2014,1.2876508,27805.4850319422,Middle East & North Africa,High income,4,10.232988583524264
Saudi Arabia,SAU,2015,1.2876508,23256.1549553531,Middle East & North Africa,High income,4,10.054325105243393
Saudi Arabia,SAU,2016,1.2876508,22267.7217050387,Middle East & North Africa,High income,4,10.010893451696953
Saudi Arabia,SAU,2017,1.2876508,23929.2907135982,Middle East & North Africa,High income,4,10.082858540412923
Saudi Arabia,SAU,2018,1.2876508,29360.0658968566,Middle East & North Africa,High income,4,10.287390727169278
Saudi Arabia,SAU,2019,1.2876508,29566.7933827436,Middle East & North Africa,High income,4,10.294407165395246
Saudi Arabia,SAU,2020,1.2876508,24338.8307301067,Middle East & North Africa,High income,4,10.099828326361589
Saudi Arabia,SAU,2021,1.2883486,31920.7653655643,Middle East & North Africa,High income,4,10.371012028894215
Saudi Arabia,SAU,2022,1.2890463,38510.2276211037,Middle East & North Africa,High income,4,10.5586791374927
Saudi Arabia,SAU,2023,1.2897441,36156.848337701,Middle East & North Africa,High income,4,10.495621651905047
Saudi Arabia,SAU,2024,1.2904419,35121.6628687742,Middle East & North Africa,High income,4,10.466573394827883
Saudi Arabia,SAU,2025,1.2911396,,Middle East & North Africa,High income,4,
Senegal,SEN,1990,47.75027,957.314337438177,Sub-Saharan Africa,Lower middle income,2,6.864131798794272
Senegal,SEN,1991,47.669533,913.399575796737,Sub-Saharan Africa,Lower middle income,2,6.817173436328563
Senegal,SEN,1992,47.58879,951.204960087807,Sub-Saharan Africa,Lower middle income,2,6.857729559921226
Senegal,SEN,1993,47.50805,877.52900343803,Sub-Saharan Africa,Lower middle income,2,6.777110007144835
Senegal,SEN,1994,47.42731,583.782776032181,Sub-Saharan Africa,Lower middle income,2,6.369528954785371
Senegal,SEN,1995,47.34657,714.994396357297,Sub-Saharan Africa,Lower middle income,2,6.572274705400774
Senegal,SEN,1996,47.265827,723.469950081149,Sub-Saharan Africa,Lower middle income,2,6.584059011112428
Senegal,SEN,1997,47.18509,650.776321407448,Sub-Saharan Africa,Lower middle income,2,6.47816599085914
Senegal,SEN,1998,47.104347,684.588105785786,Sub-Saharan Africa,Lower middle income,2,6.528817351983406
Senegal,SEN,1999,47.023605,677.516338727268,Sub-Saharan Africa,Lower middle income,2,6.518433668665675
Senegal,SEN,2000,46.942867,603.233162455158,Sub-Saharan Africa,Lower middle income,2,6.40230379272756
Senegal,SEN,2001,46.862125,637.213530563724,Sub-Saharan Africa,Lower middle income,2,6.4571048122167936
Senegal,SEN,2002,46.781384,669.430447319209,Sub-Saharan Africa,Lower middle income,2,6.506427272235233
Senegal,SEN,2003,46.700645,817.888034221442,Sub-Saharan Africa,Lower middle income,2,6.70672544975427
Senegal,SEN,2004,46.619904,918.102079522155,Sub-Saharan Africa,Lower middle income,2,6.822308582175033
Senegal,SEN,2005,46.53916,979.846101520171,Sub-Saharan Africa,Lower middle income,2,6.887395520067529
Senegal,SEN,2006,46.458424,1017.20196747987,Sub-Saharan Africa,Lower middle income,2,6.924810967757527
Senegal,SEN,2007,46.37768,1188.93877808175,Sub-Saharan Africa,Lower middle income,2,7.080816405105861
Senegal,SEN,2008,46.29694,1398.79218010021,Sub-Saharan Africa,Lower middle income,2,7.243364414739086
Senegal,SEN,2009,46.2162,1308.69404336205,Sub-Saharan Africa,Lower middle income,2,7.176785005482382
Senegal,SEN,2010,46.13546,1275.88357492357,Sub-Saharan Africa,Lower middle income,2,7.151394217519003
Senegal,SEN,2011,46.054726,1374.67591873844,Sub-Saharan Africa,Lower middle income,2,7.225973286857178
Senegal,SEN,2012,45.973988,1326.83798848379,Sub-Saharan Africa,Lower middle income,2,7.190553938320986
Senegal,SEN,2013,45.893253,1379.83196553924,Sub-Saharan Africa,Lower middle income,2,7.229717006635401
Senegal,SEN,2014,45.81252,1398.89137601382,Sub-Saharan Africa,Lower middle income,2,7.243435327629456
Senegal,SEN,2015,45.73178,1218.00613555438,Sub-Saharan Africa,Lower middle income,2,7.104970485658123
Senegal,SEN,2016,45.651047,1266.43957151587,Sub-Saharan Africa,Lower middle income,2,7.143964755327409
Senegal,SEN,2017,45.570312,1356.80518449031,Sub-Saharan Africa,Lower middle income,2,7.212888086146427
Senegal,SEN,2018,45.489574,1452.55612562445,Sub-Saharan Africa,Lower middle income,2,7.281080128684835
Senegal,SEN,2019,45.40884,1431.18128932159,Sub-Saharan Africa,Lower middle income,2,7.2662554586892565
Senegal,SEN,2020,45.328106,1461.08720350553,Sub-Saharan Africa,Lower middle income,2,7.286936097516032
Senegal,SEN,2021,45.24739,1598.10676952274,Sub-Saharan Africa,Lower middle income,2,7.3765749385640325
Senegal,SEN,2022,45.166676,1574.0281059306,Sub-Saharan Africa,Lower middle income,2,7.361393285190607
Senegal,SEN,2023,45.08596,1698.03387300843,Sub-Saharan Africa,Lower middle income,2,7.437226315440534
Senegal,SEN,2024,45.005245,1773.21829923448,Sub-Saharan Africa,Lower middle income,2,7.480551422710769
Senegal,SEN,2025,44.92453,,Sub-Saharan Africa,Lower middle income,2,
Serbia,SRB,1990,27.506243,,Europe & Central Asia,Upper middle income,3,
Serbia,SRB,1991,27.708645,,Europe & Central Asia,Upper middle income,3,
Serbia,SRB,1992,27.911047,,Europe & Central Asia,Upper middle income,3,
Serbia,SRB,1993,28.11345,,Europe & Central Asia,Upper middle income,3,
Serbia,SRB,1994,28.315851,,Europe & Central Asia,Upper middle income,3,
Serbia,SRB,1995,28.518253,2349.40645150289,Europe & Central Asia,Upper middle income,3,7.761918001407506
Serbia,SRB,1996,28.720657,3053.90516860949,Europe & Central Asia,Upper middle income,3,8.02417643376061
Serbia,SRB,1997,28.92306,3573.50440240049,Europe & Central Asia,Upper middle income,3,8.181302018616876
Serbia,SRB,1998,29.125462,2775.47372982047,Europe & Central Asia,Upper middle income,3,7.92857672505947
Serbia,SRB,1999,29.327864,2768.91041346166,Europe & Central Asia,Upper middle income,3,7.9262091692570635
Serbia,SRB,2000,29.530266,974.725469278615,Europe & Central Asia,Upper middle income,3,6.882155861378929
Serbia,SRB,2001,30.002129,1812.42088281393,Europe & Central Asia,Upper middle income,3,7.502418734914823
Serbia,SRB,2002,30.473991,2390.73459447107,Europe & Central Asia,Upper middle income,3,7.779355959403001
Serbia,SRB,2003,30.945856,3153.9011312754,Europe & Central Asia,Upper middle income,3,8.056395419940785
Serbia,SRB,2004,31.417719,3597.08798057009,Europe & Central Asia,Upper middle income,3,8.187879902826603
Serbia,SRB,2005,31.889582,3807.97417321786,Europe & Central Asia,Upper middle income,3,8.244852613645048
Serbia,SRB,2006,32.361446,4492.7136699046,Europe & Central Asia,Upper middle income,3,8.410212178996842
Serbia,SRB,2007,32.83331,6081.08765700202,Europe & Central Asia,Upper middle income,3,8.712938849915414
Serbia,SRB,2008,33.305172,7376.73517910716,Europe & Central Asia,Upper middle income,3,8.906086432057375
Serbia,SRB,2009,33.777035,6414.0448463847,Europe & Central Asia,Upper middle income,3,8.76624537218137
Serbia,SRB,2010,34.2489,5970.92660940072,Europe & Central Asia,Upper middle income,3,8.694657405297567
Serbia,SRB,2011,34.7208,7082.2861666075,Europe & Central Asia,Upper middle income,3,8.865352039453267
Serbia,SRB,2012,35.1927,6263.04086072815,Europe & Central Asia,Upper middle income,3,8.74242110665041
Serbia,SRB,2013,35.664597,7040.41812068781,Europe & Central Asia,Upper middle income,3,8.8594228395316
Serbia,SRB,2014,36.136497,6886.67809068704,Europe & Central Asia,Upper middle income,3,8.837344112864798
Serbia,SRB,2015,36.608395,5820.3215576888,Europe & Central Asia,Upper middle income,3,8.669110789661225
Serbia,SRB,2016,37.080273,5982.37030126471,Europe & Central Asia,Upper middle income,3,8.696572139859216
Serbia,SRB,2017,37.552147,6548.03653824187,Europe & Central Asia,Upper middle income,3,8.78692051853683
Serbia,SRB,2018,38.02402,7559.86165747394,Europe & Central Asia,Upper middle income,3,8.930608169730212
Serbia,SRB,2019,38.495895,7755.632986437,Europe & Central Asia,Upper middle income,3,8.956174695288947
Serbia,SRB,2020,38.967773,8098.70955668849,Europe & Central Asia,Upper middle income,3,8.999460013979633
Serbia,SRB,2021,39.439648,9680.52798074468,Europe & Central Asia,Upper middle income,3,9.177871722248542
Serbia,SRB,2022,39.911522,10024.8191112596,Europe & Central Asia,Upper middle income,3,9.212819208247351
Serbia,SRB,2023,40.3834,12281.707946167,Europe & Central Asia,Upper middle income,3,9.415866275593999
Serbia,SRB,2024,40.855274,13679.2065983557,Europe & Central Asia,Upper middle income,3,9.523632192298418
Serbia,SRB,2025,41.32715,,Europe & Central Asia,Upper middle income,3,
Seychelles,SYC,1990,74.195656,5642.072897243,Sub-Saharan Africa,High income,4,8.638006811939833
Seychelles,SYC,1991,73.723915,5654.63975724251,Sub-Saharan Africa,High income,4,8.640231683115681
Seychelles,SYC,1992,73.252174,6520.48950519188,Sub-Saharan Africa,High income,4,8.782704729585943
Seychelles,SYC,1993,72.78043,6978.68075445824,Sub-Saharan Africa,High income,4,8.850615174233697
Seychelles,SYC,1994,72.30869,6974.86770636796,Sub-Saharan Africa,High income,4,8.850068639680728
Seychelles,SYC,1995,71.83696,7180.66832748656,Sub-Saharan Africa,High income,4,8.879147739533067
Seychelles,SYC,1996,71.36522,7004.33603896356,Sub-Saharan Africa,High income,4,8.854284670404965
Seychelles,SYC,1997,70.89348,7746.69851330444,Sub-Saharan Africa,High income,4,8.955022033301049
Seychelles,SYC,1998,70.42174,8209.51444287,Sub-Saharan Africa,High income,4,9.013049058537947
Seychelles,SYC,1999,69.95,8243.23610099084,Sub-Saharan Africa,High income,4,9.017148276507772
Seychelles,SYC,2000,69.478264,8063.65500575169,Sub-Saharan Africa,High income,4,8.995122207371132
Seychelles,SYC,2001,69.00652,8153.2986369879,Sub-Saharan Africa,High income,4,9.006177865084183
Seychelles,SYC,2002,68.53478,8864.16919495467,Sub-Saharan Africa,High income,4,9.089772496683354
Seychelles,SYC,2003,68.06304,9070.28460757013,Sub-Saharan Africa,High income,4,9.112758921621296
Seychelles,SYC,2004,67.5913,10827.671636033,Sub-Saharan Africa,High income,4,9.289860324824883
Seychelles,SYC,2005,67.11957,11802.1118276833,Sub-Saharan Africa,High income,4,9.376033762888552
Seychelles,SYC,2006,66.64783,12782.9938926475,Sub-Saharan Africa,High income,4,9.455870964396453
Seychelles,SYC,2007,66.17609,12669.3026687222,Sub-Saharan Africa,High income,4,9.44693723381492
Seychelles,SYC,2008,65.704346,11265.4376270005,Sub-Saharan Africa,High income,4,9.329494700491749
Seychelles,SYC,2009,65.232605,9747.09180546291,Sub-Saharan Africa,High income,4,9.184724243135872
Seychelles,SYC,2010,64.76087,10934.79494629,Sub-Saharan Africa,High income,4,9.29970518088109
Seychelles,SYC,2011,64.28696,12110.0937461973,Sub-Saharan Africa,High income,4,9.401794577739082
Seychelles,SYC,2012,63.81304,12337.1554669388,Sub-Saharan Africa,High income,4,9.420370757673089
Seychelles,SYC,2013,63.33913,14821.2921476077,Sub-Saharan Africa,High income,4,9.603820084496512
Seychelles,SYC,2014,62.86522,15188.1902175113,Sub-Saharan Africa,High income,4,9.628273445470745
Seychelles,SYC,2015,62.391304,15333.1051727105,Sub-Saharan Africa,High income,4,9.637769506651795
Seychelles,SYC,2016,61.917393,16566.9946042294,Sub-Saharan Africa,High income,4,9.715167718244599
Seychelles,SYC,2017,61.443478,17480.3651911372,Sub-Saharan Africa,High income,4,9.76883354093278
Seychelles,SYC,2018,60.969566,18440.2340460932,Sub-Saharan Africa,High income,4,9.822290189334442
Seychelles,SYC,2019,60.49565,19141.5118743615,Sub-Saharan Africa,High income,4,9.859614652188395
Seychelles,SYC,2020,60.02174,14041.4754074575,Sub-Saharan Africa,High income,4,9.549770758059902
Seychelles,SYC,2021,59.547825,14982.9111487767,Sub-Saharan Africa,High income,4,9.614665573889853
Seychelles,SYC,2022,59.073914,16836.6721895387,Sub-Saharan Africa,High income,4,9.731314654820387
Seychelles,SYC,2023,58.6,18262.7115849287,Sub-Saharan Africa,High income,4,9.812616641751113
Seychelles,SYC,2024,58.126087,17858.8226383978,Sub-Saharan Africa,High income,4,9.790252930555308
Seychelles,SYC,2025,57.652172,,Sub-Saharan Africa,High income,4,
Sierra Leone,SLE,1990,43.318092,154.794072467618,Sub-Saharan Africa,Low income,1,5.0420956688696315
Sierra Leone,SLE,1991,43.044792,183.686515027567,Sub-Saharan Africa,Low income,1,5.213230581946682
Sierra Leone,SLE,1992,42.77149,163.197571684381,Sub-Saharan Africa,Low income,1,5.094961563034387
Sierra Leone,SLE,1993,42.498184,184.951609154872,Sub-Saharan Africa,Low income,1,5.22009421872654
Sierra Leone,SLE,1994,42.224884,218.507275126222,Sub-Saharan Africa,Low income,1,5.386819309753536
Sierra Leone,SLE,1995,41.95158,208.351997250955,Sub-Saharan Africa,Low income,1,5.339228943860218
Sierra Leone,SLE,1996,41.678276,224.258711163044,Sub-Saharan Africa,Low income,1,5.412800345950511
Sierra Leone,SLE,1997,41.404972,199.880001395777,Sub-Saharan Africa,Low income,1,5.297717193459079
Sierra Leone,SLE,1998,41.13167,156.51811883387,Sub-Saharan Africa,Low income,1,5.053171778575059
Sierra Leone,SLE,1999,40.858368,155.020833269007,Sub-Saharan Africa,Low income,1,5.043559516074417
Sierra Leone,SLE,2000,40.585064,143.743743239644,Sub-Saharan Africa,Low income,1,4.968032153440774
Sierra Leone,SLE,2001,40.311764,358.315716051546,Sub-Saharan Africa,Low income,1,5.881414486177726
Sierra Leone,SLE,2002,40.03846,388.995111216836,Sub-Saharan Africa,Low income,1,5.9635667759735
Sierra Leone,SLE,2003,39.765156,413.817607346927,Sub-Saharan Africa,Low income,1,6.025425314785434
Sierra Leone,SLE,2004,39.49185,417.749983329227,Sub-Saharan Africa,Low income,1,6.034883127569403
Sierra Leone,SLE,2005,39.21855,462.633324427945,Sub-Saharan Africa,Low income,1,6.13693478444434
Sierra Leone,SLE,2006,38.945248,580.26796974773,Sub-Saharan Africa,Low income,1,6.363490013649994
Sierra Leone,SLE,2007,38.671944,631.889926264998,Sub-Saharan Africa,Low income,1,6.448715211675753
Sierra Leone,SLE,2008,38.398643,705.359014080005,Sub-Saharan Africa,Low income,1,6.558706913023464
Sierra Leone,SLE,2009,38.12534,652.845806767943,Sub-Saharan Africa,Low income,1,6.481340970869406
Sierra Leone,SLE,2010,37.852036,685.039673490948,Sub-Saharan Africa,Low income,1,6.529476754090105
Sierra Leone,SLE,2011,37.578747,761.146365577281,Sub-Saharan Africa,Low income,1,6.634825672583899
Sierra Leone,SLE,2012,37.305458,937.504428180231,Sub-Saharan Africa,Low income,1,6.843221481225657
Sierra Leone,SLE,2013,37.03217,1117.47183075115,Sub-Saharan Africa,Low income,1,7.018824118788491
Sierra Leone,SLE,2014,36.75888,1117.7586465721,Sub-Saharan Africa,Low income,1,7.019080750778287
Sierra Leone,SLE,2015,36.48559,964.575980888989,Sub-Saharan Africa,Low income,1,6.87168860673288
Sierra Leone,SLE,2016,36.212303,844.416411175476,Sub-Saharan Africa,Low income,1,6.738645751094961
Sierra Leone,SLE,2017,35.939014,779.186007841728,Sub-Saharan Africa,Low income,1,6.658249795085124
Sierra Leone,SLE,2018,35.665726,845.914540460932,Sub-Saharan Africa,Low income,1,6.740418338500136
Sierra Leone,SLE,2019,35.392437,843.712517809977,Sub-Saharan Africa,Low income,1,6.737811817863671
Sierra Leone,SLE,2020,35.11915,845.277557920549,Sub-Saharan Africa,Low income,1,6.7396650443343065
Sierra Leone,SLE,2021,34.845856,885.396401885395,Sub-Saharan Africa,Low income,1,6.786035456460322
Sierra Leone,SLE,2022,34.572567,860.371067916096,Sub-Saharan Africa,Low income,1,6.757363770510318
Sierra Leone,SLE,2023,34.29928,758.329137378248,Sub-Saharan Africa,Low income,1,6.631117509574048
Sierra Leone,SLE,2024,34.02599,806.654650417726,Sub-Saharan Africa,Low income,1,6.692895634195301
Sierra Leone,SLE,2025,33.7527,,Sub-Saharan Africa,Low income,1,
Singapore,SGP,1990,20.654596,11861.7561591366,East Asia & Pacific,High income,4,9.381074735716014
Singapore,SGP,1991,20.958218,14502.3799938606,East Asia & Pacific,High income,4,9.582068052447207
Singapore,SGP,1992,21.261839,16136.2405377661,East Asia & Pacific,High income,4,9.688822986424658
Singapore,SGP,1993,21.56546,18290.130113185,East Asia & Pacific,High income,4,9.814116855257092
Singapore,SGP,1994,21.869081,21552.4100366948,East Asia & Pacific,High income,4,9.978242923928276
Singapore,SGP,1995,22.172703,24914.8507020358,East Asia & Pacific,High income,4,10.123219318405189
Singapore,SGP,1996,22.476322,26232.866096827,East Asia & Pacific,High income,4,10.174768334784375
Singapore,SGP,1997,22.779943,26375.8653668113,East Asia & Pacific,High income,4,10.180204680356196
Singapore,SGP,1998,23.083565,21829.2737831583,East Asia & Pacific,High income,4,9.991007182071636
Singapore,SGP,1999,23.387186,21796.6373891001,East Asia & Pacific,High income,4,9.989510988673285
Singapore,SGP,2000,23.690807,23852.8389514753,East Asia & Pacific,High income,4,10.079658522837384
Singapore,SGP,2001,23.792479,21699.7414868907,East Asia & Pacific,High income,4,9.985055626411079
Singapore,SGP,2002,23.89415,22159.8373710639,East Asia & Pacific,High income,4,10.006036801983383
Singapore,SGP,2003,23.995821,23730.3840054566,East Asia & Pacific,High income,4,10.074511531576864
Singapore,SGP,2004,24.097492,27608.080013423,East Asia & Pacific,High income,4,10.225863762970647
Singapore,SGP,2005,24.199163,29961.3172812732,East Asia & Pacific,High income,4,10.307662404664365
Singapore,SGP,2006,24.300837,33768.4528234651,East Asia & Pacific,High income,4,10.427282297212068
Singapore,SGP,2007,24.402508,39432.8860198877,East Asia & Pacific,High income,4,10.582355417697793
Singapore,SGP,2008,24.504179,40008.5720489092,East Asia & Pacific,High income,4,10.596849011359577
Singapore,SGP,2009,24.60585,38926.8054365453,East Asia & Pacific,High income,4,10.569438378068321
Singapore,SGP,2010,24.707521,47236.683084953,East Asia & Pacific,High income,4,10.762926053725787
Singapore,SGP,2011,24.35376,53891.4570264372,East Asia & Pacific,High income,4,10.894727247608573
Singapore,SGP,2012,24.0,55547.5553077786,East Asia & Pacific,High income,4,10.924994785238486
Singapore,SGP,2013,23.64624,56967.4257940383,East Asia & Pacific,High income,4,10.950234906163724
Singapore,SGP,2014,23.292479,57564.8023114977,East Asia & Pacific,High income,4,10.960666588923074
Singapore,SGP,2015,22.938719,55645.6068614606,East Asia & Pacific,High income,4,10.92675841129577
Singapore,SGP,2016,22.752089,57005.5887176547,East Asia & Pacific,High income,4,10.95090458968848
Singapore,SGP,2017,22.56546,61236.251270627,East Asia & Pacific,High income,4,11.022494634159038
Singapore,SGP,2018,22.37883,66881.6067035265,East Asia & Pacific,High income,4,11.11067927114715
Singapore,SGP,2019,22.1922,65952.0378959293,East Asia & Pacific,High income,4,11.096683058288658
Singapore,SGP,2020,22.005571,61410.0792630788,East Asia & Pacific,High income,4,11.025329258042019
Singapore,SGP,2021,22.005571,80056.1288247844,East Asia & Pacific,High income,4,11.290483277952374
Singapore,SGP,2022,22.005571,90299.0694637269,East Asia & Pacific,High income,4,11.410882434409864
Singapore,SGP,2023,22.005571,85412.230345235,East Asia & Pacific,High income,4,11.355244581996212
Singapore,SGP,2024,22.005571,90674.066632628,East Asia & Pacific,High income,4,11.415026670551148
Singapore,SGP,2025,22.005571,,East Asia & Pacific,High income,4,
Sint Maarten (Dutch part),SXM,1990,8.823529,,Latin America & Caribbean,High income,4,
Sint Maarten (Dutch part),SXM,1991,8.823529,,Latin America & Caribbean,High income,4,
Sint Maarten (Dutch part),SXM,1992,8.823529,,Latin America & Caribbean,High income,4,
Sint Maarten (Dutch part),SXM,1993,8.823529,,Latin America & Caribbean,High income,4,
Sint Maarten (Dutch part),SXM,1994,8.823529,,Latin America & Caribbean,High income,4,
Sint Maarten (Dutch part),SXM,1995,8.823529,,Latin America & Caribbean,High income,4,
Sint Maarten (Dutch part),SXM,1996,8.823529,,Latin America & Caribbean,High income,4,
Sint Maarten (Dutch part),SXM,1997,8.823529,,Latin America & Caribbean,High income,4,
Sint Maarten (Dutch part),SXM,1998,8.823529,,Latin America & Caribbean,High income,4,
Sint Maarten (Dutch part),SXM,1999,8.823529,,Latin America & Caribbean,High income,4,
Sint Maarten (Dutch part),SXM,2000,8.823529,,Latin America & Caribbean,High income,4,
Sint Maarten (Dutch part),SXM,2001,8.823529,,Latin America & Caribbean,High income,4,
Sint Maarten (Dutch part),SXM,2002,8.823529,,Latin America & Caribbean,High income,4,
Sint Maarten (Dutch part),SXM,2003,8.823529,,Latin America & Caribbean,High income,4,
Sint Maarten (Dutch part),SXM,2004,8.823529,,Latin America & Caribbean,High income,4,
Sint Maarten (Dutch part),SXM,2005,8.823529,,Latin America & Caribbean,High income,4,
Sint Maarten (Dutch part),SXM,2006,8.823529,,Latin America & Caribbean,High income,4,
Sint Maarten (Dutch part),SXM,2007,8.823529,,Latin America & Caribbean,High income,4,
Sint Maarten (Dutch part),SXM,2008,8.823529,,Latin America & Caribbean,High income,4,
Sint Maarten (Dutch part),SXM,2009,8.823529,25528.412619483,Latin America & Caribbean,High income,4,10.147547331235593
Sint Maarten (Dutch part),SXM,2010,8.823529,26403.8143692163,Latin America & Caribbean,High income,4,10.18126376238008
Sint Maarten (Dutch part),SXM,2011,8.823529,27317.5178881974,Latin America & Caribbean,High income,4,10.215283456270251
Sint Maarten (Dutch part),SXM,2012,8.823529,28149.0997855041,Latin America & Caribbean,High income,4,10.245270653855926
Sint Maarten (Dutch part),SXM,2013,8.823529,28529.7324687053,Latin America & Caribbean,High income,4,10.258702066971336
Sint Maarten (Dutch part),SXM,2014,8.823529,37134.912423099,Latin America & Caribbean,High income,4,10.522312841762094
Sint Maarten (Dutch part),SXM,2015,8.823529,37839.6283815163,Latin America & Caribbean,High income,4,10.541112202333137
Sint Maarten (Dutch part),SXM,2016,8.823529,37308.6147795736,Latin America & Caribbean,High income,4,10.526979538202827
Sint Maarten (Dutch part),SXM,2017,8.823529,34701.3058494468,Latin America & Caribbean,High income,4,10.454532597775763
Sint Maarten (Dutch part),SXM,2018,8.823529,31708.3110124742,Latin America & Caribbean,High income,4,10.364334102552634
Sint Maarten (Dutch part),SXM,2019,8.823529,34861.469528968,Latin America & Caribbean,High income,4,10.459137473348102
Sint Maarten (Dutch part),SXM,2020,8.823529,30150.8998380477,Latin America & Caribbean,High income,4,10.313970047084684
Sint Maarten (Dutch part),SXM,2021,8.823529,32548.4366854902,Latin America & Caribbean,High income,4,10.39048461838779
Sint Maarten (Dutch part),SXM,2022,8.823529,37793.1284399157,Latin America & Caribbean,High income,4,10.539882577778547
Sint Maarten (Dutch part),SXM,2023,8.823529,39451.8223361963,Latin America & Caribbean,High income,4,10.582835518773576
Sint Maarten (Dutch part),SXM,2024,8.823529,41472.5874498583,Latin America & Caribbean,High income,4,10.632787944586989
Sint Maarten (Dutch part),SXM,2025,8.823529,,Latin America & Caribbean,High income,4,
Slovakia,SVK,1990,39.56905,2437.17517010845,Europe & Central Asia,High income,4,7.7985949304463755
Slovakia,SVK,1991,39.566826,2726.59305498582,Europe & Central Asia,High income,4,7.910808143615293
Slovakia,SVK,1992,39.5646,2959.33644860111,Europe & Central Asia,High income,4,7.9927203494177395
Slovakia,SVK,1993,39.562374,3143.10143068756,Europe & Central Asia,High income,4,8.05296530821052
Slovakia,SVK,1994,39.56015,3820.96427542658,Europe & Central Asia,High income,4,8.248258097868144
Slovakia,SVK,1995,39.557926,4882.51158238228,Europe & Central Asia,High income,4,8.493415034971733
Slovakia,SVK,1996,39.5557,5247.70081044708,Europe & Central Asia,High income,4,8.565545318794339
Slovakia,SVK,1997,39.553474,5172.41757491248,Europe & Central Asia,High income,4,8.551095474241398
Slovakia,SVK,1998,39.551247,5560.916177503,Europe & Central Asia,High income,4,8.623518153796313
Slovakia,SVK,1999,39.549023,5651.62327514236,Europe & Central Asia,High income,4,8.639698088211142
Slovakia,SVK,2000,39.5468,5421.6448441887,Europe & Central Asia,High income,4,8.598154525181508
Slovakia,SVK,2001,39.581116,5712.47802761654,Europe & Central Asia,High income,4,8.650408188825967
Slovakia,SVK,2002,39.615433,6554.62808369461,Europe & Central Asia,High income,4,8.787926656784125
Slovakia,SVK,2003,39.64975,8675.39633696465,Europe & Central Asia,High income,4,9.068246291029602
Slovakia,SVK,2004,39.684067,10650.1290097126,Europe & Central Asia,High income,4,9.27332728465224
Slovakia,SVK,2005,39.718388,11641.5410321763,Europe & Central Asia,High income,4,9.362335103602941
Slovakia,SVK,2006,39.752705,13167.8954730379,Europe & Central Asia,High income,4,9.485536984932573
Slovakia,SVK,2007,39.78702,16110.4817265237,Europe & Central Asia,High income,4,9.687225378053173
Slovakia,SVK,2008,39.82134,18744.3192278346,Europe & Central Asia,High income,4,9.838646010977017
Slovakia,SVK,2009,39.855656,16586.7527805228,Europe & Central Asia,High income,4,9.71635963048325
Slovakia,SVK,2010,39.889977,16899.448680529,Europe & Central Asia,High income,4,9.735036277925136
Slovakia,SVK,2011,39.90595,18469.4354316836,Europe & Central Asia,High income,4,9.823872505952078
Slovakia,SVK,2012,39.92192,17516.9691054078,Europe & Central Asia,High income,4,9.770925353258123
Slovakia,SVK,2013,39.937897,18312.7805149823,Europe & Central Asia,High income,4,9.81535448386639
Slovakia,SVK,2014,39.95387,18770.9289896545,Europe & Central Asia,High income,4,9.840064621677831
Slovakia,SVK,2015,39.96984,16442.0760860018,Europe & Central Asia,High income,4,9.70759894324071
Slovakia,SVK,2016,40.009235,16636.0769133073,Europe & Central Asia,High income,4,9.719328924157434
Slovakia,SVK,2017,40.048626,17645.5298716761,Europe & Central Asia,High income,4,9.778237765223587
Slovakia,SVK,2018,40.08802,19573.3717031314,Europe & Central Asia,High income,4,9.881925334928212
Slovakia,SVK,2019,40.12741,19406.0589683582,Europe & Central Asia,High income,4,9.873340614246928
Slovakia,SVK,2020,40.166805,19735.4858280801,Europe & Central Asia,High income,4,9.890173605380973
Slovakia,SVK,2021,40.205364,22123.3342114545,Europe & Central Asia,High income,4,10.004388177163943
Slovakia,SVK,2022,40.243927,21317.7943982363,Europe & Central Asia,High income,4,9.967297420687904
Slovakia,SVK,2023,40.282486,24614.8734642794,Europe & Central Asia,High income,4,10.111106151585117
Slovakia,SVK,2024,40.32105,25992.6748502048,Europe & Central Asia,High income,4,10.165570040777842
Slovakia,SVK,2025,40.359608,,Europe & Central Asia,High income,4,
Slovenia,SVN,1990,58.997635,9925.14071044684,Europe & Central Asia,High income,4,9.20282628282989
Slovenia,SVN,1991,59.22111,7229.31149788617,Europe & Central Asia,High income,4,8.885899082110152
Slovenia,SVN,1992,59.444588,7151.15243829224,Europe & Central Asia,High income,4,8.875028802880657
Slovenia,SVN,1993,59.668064,7254.58887417768,Europe & Central Asia,High income,4,8.889389495783956
Slovenia,SVN,1994,59.891537,8243.89895545106,Europe & Central Asia,High income,4,9.01722868519713
Slovenia,SVN,1995,60.115013,10738.0887611468,Europe & Central Asia,High income,4,9.281552397026466
Slovenia,SVN,1996,60.33849,10796.7399446283,Europe & Central Asia,High income,4,9.286999510565462
Slovenia,SVN,1997,60.561966,10436.7260661871,Europe & Central Asia,High income,4,9.253086217062569
Slovenia,SVN,1998,60.785442,11131.5666628231,Europe & Central Asia,High income,4,9.317540194725245
Slovenia,SVN,1999,61.00892,11401.4906790909,Europe & Central Asia,High income,4,9.341499387157834
Slovenia,SVN,2000,61.232395,10135.7219109212,Europe & Central Asia,High income,4,9.223821285843352
Slovenia,SVN,2001,61.301918,10375.6255869861,Europe & Central Asia,High income,4,9.247214640821904
Slovenia,SVN,2002,61.371445,11639.1297780477,Europe & Central Asia,High income,4,9.362127957154552
Slovenia,SVN,2003,61.44097,14711.674874253,Europe & Central Asia,High income,4,9.5963966666825
Slovenia,SVN,2004,61.510498,17103.8297783905,Europe & Central Asia,High income,4,9.747057681063204
Slovenia,SVN,2005,61.580025,17969.7095907161,Europe & Central Asia,High income,4,9.796442818863273
Slovenia,SVN,2006,61.649548,19563.005059144,Europe & Central Asia,High income,4,9.88139556466906
Slovenia,SVN,2007,61.719074,23725.1596001515,Europe & Central Asia,High income,4,10.074291350543026
Slovenia,SVN,2008,61.7886,27461.9764165315,Europe & Central Asia,High income,4,10.220557651113996
Slovenia,SVN,2009,61.858128,24501.7897290425,Europe & Central Asia,High income,4,10.106501444029785
Slovenia,SVN,2010,61.92765,23329.8417691156,Europe & Central Asia,High income,4,10.05748858269996
Slovenia,SVN,2011,61.937584,24940.6284841605,Europe & Central Asia,High income,4,10.124253418762567
Slovenia,SVN,2012,61.947517,22442.1417859955,Europe & Central Asia,High income,4,10.018695800090759
Slovenia,SVN,2013,61.95745,23236.9655321695,Europe & Central Asia,High income,4,10.053499631535798
Slovenia,SVN,2014,61.96738,24013.0682060959,Europe & Central Asia,High income,4,10.086353469726403
Slovenia,SVN,2015,61.977314,20697.2748530619,Europe & Central Asia,High income,4,9.937757320976354
Slovenia,SVN,2016,61.935898,21447.8377796036,Europe & Central Asia,High income,4,9.973379116459535
Slovenia,SVN,2017,61.894478,23303.077705959,Europe & Central Asia,High income,4,10.056340721215133
Slovenia,SVN,2018,61.85306,25888.0481065655,Europe & Central Asia,High income,4,10.161536678113812
Slovenia,SVN,2019,61.81164,25814.1687167572,Europe & Central Asia,High income,4,10.158678795236376
Slovenia,SVN,2020,61.770226,25392.0651093612,Europe & Central Asia,High income,4,10.142192006931191
Slovenia,SVN,2021,61.767445,29192.8401933019,Europe & Central Asia,High income,4,10.281678759330694
Slovenia,SVN,2022,61.764664,28360.3041467268,Europe & Central Asia,High income,4,10.252745705085271
Slovenia,SVN,2023,61.761883,32660.4753581346,Europe & Central Asia,High income,4,10.393920921168524
Slovenia,SVN,2024,61.7591,34301.0318686594,Europe & Central Asia,High income,4,10.442930716335912
Slovenia,SVN,2025,61.75632,,Europe & Central Asia,High income,4,
Solomon Islands,SLB,1990,90.736336,648.325212624098,East Asia & Pacific,Lower middle income,2,6.474392441790462
Solomon Islands,SLB,1991,90.71001,665.833104132659,East Asia & Pacific,Lower middle income,2,6.50103904474096
Solomon Islands,SLB,1992,90.68367,763.857968549522,East Asia & Pacific,Lower middle income,2,6.638381866844144
Solomon Islands,SLB,1993,90.65734,828.869997791691,East Asia & Pacific,Lower middle income,2,6.720063324733938
Solomon Islands,SLB,1994,90.63101,1078.0410925874,East Asia & Pacific,Lower middle income,2,6.982900870025723
Solomon Islands,SLB,1995,90.60468,1220.17919311126,East Asia & Pacific,Lower middle income,2,7.106753006540943
Solomon Islands,SLB,1996,90.57835,1289.33036923435,East Asia & Pacific,Lower middle income,2,7.161878268963201
Solomon Islands,SLB,1997,90.55202,1292.23951946469,East Asia & Pacific,Lower middle income,2,7.164132053743155
Solomon Islands,SLB,1998,90.52569,1091.89096889326,East Asia & Pacific,Lower middle income,2,6.99566630598413
Solomon Islands,SLB,1999,90.49936,1133.62256531791,East Asia & Pacific,Lower middle income,2,7.033173594069239
Solomon Islands,SLB,2000,90.47302,953.17190137706,East Asia & Pacific,Lower middle income,2,6.8597952665872635
Solomon Islands,SLB,2001,90.44666,911.791935385411,East Asia & Pacific,Lower middle income,2,6.81541182302144
Solomon Islands,SLB,2002,90.420296,756.890296490792,East Asia & Pacific,Lower middle income,2,6.629218324165289
Solomon Islands,SLB,2003,90.39393,895.984242546501,East Asia & Pacific,Lower middle income,2,6.79792282637665
Solomon Islands,SLB,2004,90.36756,986.070953503889,East Asia & Pacific,Lower middle income,2,6.893728312970861
Solomon Islands,SLB,2005,90.341194,1144.49233397681,East Asia & Pacific,Lower middle income,2,7.042716441228476
Solomon Islands,SLB,2006,90.31483,1255.62447417684,East Asia & Pacific,Lower middle income,2,7.1353883167950665
Solomon Islands,SLB,2007,90.28846,1390.14870956707,East Asia & Pacific,Lower middle income,2,7.237166005702269
Solomon Islands,SLB,2008,90.26209,1525.84666261203,East Asia & Pacific,Lower middle income,2,7.330304723579394
Solomon Islands,SLB,2009,90.235725,1554.70671006386,East Asia & Pacific,Lower middle income,2,7.349042195932655
Solomon Islands,SLB,2010,90.20936,1685.14535823757,East Asia & Pacific,Lower middle income,2,7.429607105082125
Solomon Islands,SLB,2011,90.18299,1924.05795643133,East Asia & Pacific,Lower middle income,2,7.562191753657274
Solomon Islands,SLB,2012,90.156624,2066.25738638356,East Asia & Pacific,Lower middle income,2,7.633494223906127
Solomon Islands,SLB,2013,90.130264,2161.38627543917,East Asia & Pacific,Lower middle income,2,7.6785050890012
Solomon Islands,SLB,2014,90.1039,2164.95289873002,East Asia & Pacific,Lower middle income,2,7.680153884417029
Solomon Islands,SLB,2015,90.07753,2045.47721526649,East Asia & Pacific,Lower middle income,2,7.623386398351897
Solomon Islands,SLB,2016,90.05131,2082.62383124213,East Asia & Pacific,Lower middle income,2,7.641383835054492
Solomon Islands,SLB,2017,90.02508,2143.57670489272,East Asia & Pacific,Lower middle income,2,7.6702310702789065
Solomon Islands,SLB,2018,89.998856,2278.19908624102,East Asia & Pacific,Lower middle income,2,7.7311405353776
Solomon Islands,SLB,2019,89.97263,2223.65890942466,East Asia & Pacific,Lower middle income,2,7.7069092755439375
Solomon Islands,SLB,2020,89.94641,2063.32780991967,East Asia & Pacific,Lower middle income,2,7.632075400069794
Solomon Islands,SLB,2021,89.92019,2043.44413170658,East Asia & Pacific,Lower middle income,2,7.622391963118283
Solomon Islands,SLB,2022,89.89396,1877.78104490956,East Asia & Pacific,Lower middle income,2,7.537846063466097
Solomon Islands,SLB,2023,89.86774,1882.64394148042,East Asia & Pacific,Lower middle income,2,7.540432419688713
Solomon Islands,SLB,2024,89.841515,1933.55538435227,East Asia & Pacific,Lower middle income,2,7.5671157552465
Solomon Islands,SLB,2025,89.81529,,East Asia & Pacific,Lower middle income,2,
Somalia,SOM,1990,13.204164,145.603501373513,Sub-Saharan Africa,Low income,1,4.980887183368447
Somalia,SOM,1991,13.081821,105.37132651622,Sub-Saharan Africa,Low income,1,4.657490554658321
Somalia,SOM,1992,12.959479,109.204910481074,Sub-Saharan Africa,Low income,1,4.693226030075188
Somalia,SOM,1993,12.837138,188.603158677914,Sub-Saharan Africa,Low income,1,5.2396451180862265
Somalia,SOM,1994,12.714796,210.793779581384,Sub-Saharan Africa,Low income,1,5.3508803076046085
Somalia,SOM,1995,12.592454,210.673254610492,Sub-Saharan Africa,Low income,1,5.35030837687504
Somalia,SOM,1996,12.470112,237.241440951671,Sub-Saharan Africa,Low income,1,5.469078360766239
Somalia,SOM,1997,12.34777,280.112724233259,Sub-Saharan Africa,Low income,1,5.635192108700382
Somalia,SOM,1998,12.225428,363.200013489992,Sub-Saharan Africa,Low income,1,5.894953683869186
Somalia,SOM,1999,12.103086,358.658780828071,Sub-Saharan Africa,Low income,1,5.882371465273077
Somalia,SOM,2000,11.980744,386.119274401275,Sub-Saharan Africa,Low income,1,5.956146322773415
Somalia,SOM,2001,11.858402,244.914842538455,Sub-Saharan Africa,Low income,1,5.500910568648591
Somalia,SOM,2002,11.73606,229.598918310039,Sub-Saharan Africa,Low income,1,5.436333953241104
Somalia,SOM,2003,11.613718,286.273025198975,Sub-Saharan Africa,Low income,1,5.656945989009869
Somalia,SOM,2004,11.491376,375.410326225387,Sub-Saharan Africa,Low income,1,5.928019631034045
Somalia,SOM,2005,11.369035,439.979907805478,Sub-Saharan Africa,Low income,1,6.086729061791212
Somalia,SOM,2006,11.246693,457.996662206659,Sub-Saharan Africa,Low income,1,6.126861896329243
Somalia,SOM,2007,11.124351,479.635628065289,Sub-Saharan Africa,Low income,1,6.1730267074361
Somalia,SOM,2008,11.002008,507.03744334738,Sub-Saharan Africa,Low income,1,6.228584853620376
Somalia,SOM,2009,10.879666,246.513251675105,Sub-Saharan Africa,Low income,1,5.507415751368819
Somalia,SOM,2010,10.757324,219.202453852397,Sub-Saharan Africa,Low income,1,5.389995749593305
Somalia,SOM,2011,10.512003,235.325945610434,Sub-Saharan Africa,Low income,1,5.460971555742151
Somalia,SOM,2012,10.266682,350.261946720512,Sub-Saharan Africa,Low income,1,5.858681293758931
Somalia,SOM,2013,10.02136,393.398703952979,Sub-Saharan Africa,Low income,1,5.974823611473119
Somalia,SOM,2014,9.776038,429.431656725102,Sub-Saharan Africa,Low income,1,6.062462605887723
Somalia,SOM,2015,9.530717,445.583080073396,Sub-Saharan Africa,Low income,1,6.099383716782181
Somalia,SOM,2016,9.285396,460.928490585175,Sub-Saharan Africa,Low income,1,6.133242912928105
Somalia,SOM,2017,9.040074,510.939952317726,Sub-Saharan Africa,Low income,1,6.23625207315741
Somalia,SOM,2018,8.794752,509.497273804534,Sub-Saharan Africa,Low income,1,6.2334245019213474
Somalia,SOM,2019,8.549431,539.954816211694,Sub-Saharan Africa,Low income,1,6.291485462375435
Somalia,SOM,2020,8.30411,518.16113333875,Sub-Saharan Africa,Low income,1,6.25028626210932
Somalia,SOM,2021,8.183043,549.056994756254,Sub-Saharan Africa,Low income,1,6.308202251706228
Somalia,SOM,2022,8.061976,573.141165798229,Sub-Saharan Africa,Low income,1,6.35113204902206
Somalia,SOM,2023,7.9409094,596.885985135589,Sub-Saharan Africa,Low income,1,6.391726115481282
Somalia,SOM,2024,7.8198423,629.538899449007,Sub-Saharan Africa,Low income,1,6.444987645775389
Somalia,SOM,2025,7.698776,,Sub-Saharan Africa,Low income,1,
South Africa,ZAF,1990,16.335606,3093.48920352334,Sub-Saharan Africa,Upper middle income,3,8.037054924912695
South Africa,ZAF,1991,16.407791,3243.23616023953,Sub-Saharan Africa,Upper middle income,3,8.084326925191428
South Africa,ZAF,1992,16.479977,3462.39400202835,Sub-Saharan Africa,Upper middle income,3,8.149715536894396
South Africa,ZAF,1993,16.552164,3399.64009566241,Sub-Saharan Africa,Upper middle income,3,8.131424850784361
South Africa,ZAF,1994,16.62435,3488.59711541763,Sub-Saharan Africa,Upper middle income,3,8.157254961724101
South Africa,ZAF,1995,16.696535,3855.6340871567,Sub-Saharan Africa,Upper middle income,3,8.257290756818108
South Africa,ZAF,1996,16.76872,3617.55336002932,Sub-Saharan Africa,Upper middle income,3,8.19355320892327
South Africa,ZAF,1997,16.840908,3700.23554789867,Sub-Saharan Africa,Upper middle income,3,8.216151758200239
South Africa,ZAF,1998,16.913094,3309.60933087472,Sub-Saharan Africa,Upper middle income,3,8.104585434479317
South Africa,ZAF,1999,16.98528,3242.36830483958,Sub-Saharan Africa,Upper middle income,3,8.084059300050303
South Africa,ZAF,2000,17.057465,3217.84693448467,Sub-Saharan Africa,Upper middle income,3,8.076467761002995
South Africa,ZAF,2001,17.12965,2847.15191945908,Sub-Saharan Africa,Upper middle income,3,7.954074447097468
South Africa,ZAF,2002,17.201838,2688.23676032806,Sub-Saharan Africa,Upper middle income,3,7.896640778243372
South Africa,ZAF,2003,17.274023,4062.21755993786,Sub-Saharan Africa,Upper middle income,3,8.309484300513505
South Africa,ZAF,2004,17.346209,5221.46333731721,Sub-Saharan Africa,Upper middle income,3,8.56053297441017
South Africa,ZAF,2005,17.418394,5836.87663325127,Sub-Saharan Africa,Upper middle income,3,8.671951109679986
South Africa,ZAF,2006,17.49058,6077.38293388876,Sub-Saharan Africa,Upper middle income,3,8.712329443789828
South Africa,ZAF,2007,17.562767,6591.85535960564,Sub-Saharan Africa,Upper middle income,3,8.793590129541185
South Africa,ZAF,2008,17.634953,6184.75474328399,Sub-Saharan Africa,Upper middle income,3,8.729842630569712
South Africa,ZAF,2009,17.707138,6374.70560042992,Sub-Saharan Africa,Upper middle income,3,8.760093188635565
South Africa,ZAF,2010,17.779324,7973.47195771517,Sub-Saharan Africa,Upper middle income,3,8.98387530524639
South Africa,ZAF,2011,17.85151,8646.05571071635,Sub-Saharan Africa,Upper middle income,3,9.064858508731724
South Africa,ZAF,2012,17.923697,8076.97678479741,Sub-Saharan Africa,Upper middle income,3,8.996772921202362
South Africa,ZAF,2013,17.995882,7331.65467384919,Sub-Saharan Africa,Upper middle income,3,8.89995650935741
South Africa,ZAF,2014,18.068068,6856.73137092522,Sub-Saharan Africa,Upper middle income,3,8.832986130627399
South Africa,ZAF,2015,18.140253,6112.27382485974,Sub-Saharan Africa,Upper middle income,3,8.718054131030598
South Africa,ZAF,2016,18.212439,5651.20585165749,Sub-Saharan Africa,Upper middle income,3,8.639624226440718
South Africa,ZAF,2017,18.284622,6618.33508255701,Sub-Saharan Africa,Upper middle income,3,8.797599119196931
South Africa,ZAF,2018,18.356806,6914.1780318076,Sub-Saharan Africa,Upper middle income,3,8.84132936961601
South Africa,ZAF,2019,18.428991,6533.71121032856,Sub-Saharan Africa,Upper middle income,3,8.784730393193524
South Africa,ZAF,2020,18.501175,5580.60383075189,Sub-Saharan Africa,Upper middle income,3,8.627052262917106
South Africa,ZAF,2021,18.573359,6828.75624590017,Sub-Saharan Africa,Upper middle income,3,8.828897834357164
South Africa,ZAF,2022,18.645544,6534.24867783397,Sub-Saharan Africa,Upper middle income,3,8.784812650486982
South Africa,ZAF,2023,18.717728,6034.27208964673,Sub-Saharan Africa,Upper middle income,3,8.705210511451236
South Africa,ZAF,2024,18.789911,6267.186814093,Sub-Saharan Africa,Upper middle income,3,8.743082858954319
South Africa,ZAF,2025,18.862097,,Sub-Saharan Africa,Upper middle income,3,
South Korea,KOR,1948,71.0,,East Asia & Pacific,High income,4,
South Korea,KOR,1963,69.6,147.00790480127,East Asia & Pacific,High income,4,4.990486359491258
South Korea,KOR,1980,67.0,1745.57662116658,East Asia & Pacific,High income,4,7.4648402219818895
South Korea,KOR,1990,67.1209,6812.9019416767,East Asia & Pacific,High income,4,8.826573437844125
South Korea,KOR,1991,67.04406,7872.65052449111,East Asia & Pacific,High income,4,8.971150073083416
South Korea,KOR,1992,66.96722,8387.16308258471,East Asia & Pacific,High income,4,9.03445761148175
South Korea,KOR,1993,66.890366,9179.96872485152,East Asia & Pacific,High income,4,9.124779076729814
South Korea,KOR,1994,66.81352,10733.9888860657,East Asia & Pacific,High income,4,9.281170517340831
South Korea,KOR,1995,66.73668,13001.7205867019,East Asia & Pacific,High income,4,9.472836980509035
South Korea,KOR,1996,66.659836,13864.9376534518,East Asia & Pacific,High income,4,9.537118461353998
South Korea,KOR,1997,66.58299,12821.6893313675,East Asia & Pacific,High income,4,9.458893494910937
South Korea,KOR,1998,66.50615,8583.43557499234,East Asia & Pacific,High income,4,9.057589529002422
South Korea,KOR,1999,66.429306,11062.5019301357,East Asia & Pacific,High income,4,9.311316463791714
South Korea,KOR,2000,66.35246,12710.2995795579,East Asia & Pacific,High income,4,9.450167934287933
South Korea,KOR,2001,66.26127,11981.4828218758,East Asia & Pacific,High income,4,9.391117638790925
South Korea,KOR,2002,66.17008,13642.9424537101,East Asia & Pacific,High income,4,9.520977630545483
South Korea,KOR,2003,66.078896,15211.5483770422,East Asia & Pacific,High income,4,9.629810180009105
South Korea,KOR,2004,65.9877,17121.6301633201,East Asia & Pacific,High income,4,9.748097864982713
South Korea,KOR,2005,65.896515,20167.0474902506,East Asia & Pacific,High income,4,9.911805238986606
South Korea,KOR,2006,65.80533,22609.7059431449,East Asia & Pacific,High income,4,10.026134559576867
South Korea,KOR,2007,65.71414,25078.4853957105,East Asia & Pacific,High income,4,10.129765602002617
South Korea,KOR,2008,65.62295,22252.3125108061,East Asia & Pacific,High income,4,10.010201215263656
South Korea,KOR,2009,65.53176,19937.3029137734,East Asia & Pacific,High income,4,9.900347774275753
South Korea,KOR,2010,65.440575,24071.2620526362,East Asia & Pacific,High income,4,10.088773962000674
South Korea,KOR,2011,65.33811,26175.2398553363,East Asia & Pacific,High income,4,10.172569199224405
South Korea,KOR,2012,65.23566,26600.5477433903,East Asia & Pacific,High income,4,10.188687086414559
South Korea,KOR,2013,65.133194,28449.3591104972,East Asia & Pacific,High income,4,10.25588091242894
South Korea,KOR,2014,65.03074,30667.0912467447,East Asia & Pacific,High income,4,10.330945412269772
South Korea,KOR,2015,64.928276,30171.7906545222,East Asia & Pacific,High income,4,10.31466268254703
South Korea,KOR,2016,64.84836,30832.0628072516,East Asia & Pacific,High income,4,10.336310427732107
South Korea,KOR,2017,64.76844,33296.9845439195,East Asia & Pacific,High income,4,10.413222117631602
South Korea,KOR,2018,64.68852,35363.9508228687,East Asia & Pacific,High income,4,10.473448241926059
South Korea,KOR,2019,64.608604,33826.9443301597,East Asia & Pacific,High income,4,10.429012933431592
South Korea,KOR,2020,64.52869,33645.7719545073,East Asia & Pacific,High income,4,10.423642679467017
South Korea,KOR,2021,64.49002,37518.4635305697,East Asia & Pacific,High income,4,10.53258845160388
South Korea,KOR,2022,64.451355,34822.4048404971,East Asia & Pacific,High income,4,10.458016275856812
South Korea,KOR,2023,64.41268,35674.095995632,East Asia & Pacific,High income,4,10.482180102027675
South Korea,KOR,2024,64.374016,36238.639908315,East Asia & Pacific,High income,4,10.497881229328884
South Korea,KOR,2025,64.33535,,East Asia & Pacific,High income,4,
South Sudan,SSD,1990,11.242068,,Sub-Saharan Africa,Low income,1,
South Sudan,SSD,1991,11.24365,,Sub-Saharan Africa,Low income,1,
South Sudan,SSD,1992,11.245233,,Sub-Saharan Africa,Low income,1,
South Sudan,SSD,1993,11.246816,,Sub-Saharan Africa,Low income,1,
South Sudan,SSD,1994,11.248398,,Sub-Saharan Africa,Low income,1,
South Sudan,SSD,1995,11.24998,,Sub-Saharan Africa,Low income,1,
South Sudan,SSD,1996,11.251563,,Sub-Saharan Africa,Low income,1,
South Sudan,SSD,1997,11.253145,,Sub-Saharan Africa,Low income,1,
South Sudan,SSD,1998,11.254727,,Sub-Saharan Africa,Low income,1,
South Sudan,SSD,1999,11.25631,,Sub-Saharan Africa,Low income,1,
South Sudan,SSD,2000,11.257893,,Sub-Saharan Africa,Low income,1,
South Sudan,SSD,2001,11.2613735,,Sub-Saharan Africa,Low income,1,
South Sudan,SSD,2002,11.264855,,Sub-Saharan Africa,Low income,1,
South Sudan,SSD,2003,11.268336,,Sub-Saharan Africa,Low income,1,
South Sudan,SSD,2004,11.271818,,Sub-Saharan Africa,Low income,1,
South Sudan,SSD,2005,11.275299,,Sub-Saharan Africa,Low income,1,
South Sudan,SSD,2006,11.278781,,Sub-Saharan Africa,Low income,1,
South Sudan,SSD,2007,11.282262,,Sub-Saharan Africa,Low income,1,
South Sudan,SSD,2008,11.285744,1654.21153546555,Sub-Saharan Africa,Low income,1,7.411079760674158
South Sudan,SSD,2009,11.289225,1323.22068747862,Sub-Saharan Africa,Low income,1,7.187823958577848
South Sudan,SSD,2010,11.2927065,1498.27034985194,Sub-Saharan Africa,Low income,1,7.312066621660164
South Sudan,SSD,2011,11.29929,1448.98435006408,Sub-Saharan Africa,Low income,1,7.2786181417544755
South Sudan,SSD,2012,11.305873,1109.26050083408,Sub-Saharan Africa,Low income,1,7.01144885682145
South Sudan,SSD,2013,11.312455,1650.18943353528,Sub-Saharan Africa,Low income,1,7.408645368507869
South Sudan,SSD,2014,11.319038,1242.73450181032,Sub-Saharan Africa,Low income,1,7.125069474014155
South Sudan,SSD,2015,11.325622,1080.14718624765,Sub-Saharan Africa,Low income,1,6.984852594395143
South Sudan,SSD,2016,11.324198,,Sub-Saharan Africa,Low income,1,
South Sudan,SSD,2017,11.322773,,Sub-Saharan Africa,Low income,1,
South Sudan,SSD,2018,11.321349,,Sub-Saharan Africa,Low income,1,
South Sudan,SSD,2019,11.319924,,Sub-Saharan Africa,Low income,1,
South Sudan,SSD,2020,11.3185005,,Sub-Saharan Africa,Low income,1,
South Sudan,SSD,2021,11.320874,,Sub-Saharan Africa,Low income,1,
South Sudan,SSD,2022,11.323248,,Sub-Saharan Africa,Low income,1,
South Sudan,SSD,2023,11.325622,,Sub-Saharan Africa,Low income,1,
South Sudan,SSD,2024,11.327995,,Sub-Saharan Africa,Low income,1,
South Sudan,SSD,2025,11.330369,,Sub-Saharan Africa,Low income,1,
Spain,ESP,1990,27.825253,13795.0159385128,Europe & Central Asia,High income,4,9.532062642034031
Spain,ESP,1991,28.463472,14801.3226152172,Europe & Central Asia,High income,4,9.602471821652367
Spain,ESP,1992,29.101692,16100.6799428032,Europe & Central Asia,High income,4,9.686616782553036
Spain,ESP,1993,29.739912,13330.3798192211,Europe & Central Asia,High income,4,9.497800906331793
Spain,ESP,1994,30.378132,13405.704414883,Europe & Central Asia,High income,4,9.503435597956566
Spain,ESP,1995,31.01635,15460.9110266653,Europe & Central Asia,High income,4,9.64607024839134
Spain,ESP,1996,31.65457,16100.6215831114,Europe & Central Asia,High income,4,9.68661315787397
Spain,ESP,1997,32.29279,14722.3717633536,Europe & Central Asia,High income,4,9.597123504531417
Spain,ESP,1998,32.931007,15382.3348573373,Europe & Central Asia,High income,4,9.640975042807776
Spain,ESP,1999,33.56923,15707.9473068138,Europe & Central Asia,High income,4,9.661922061147697
Spain,ESP,2000,34.207447,14743.2671031455,Europe & Central Asia,High income,4,9.598541789971568
Spain,ESP,2001,34.502068,15368.2337984435,Europe & Central Asia,High income,4,9.640057917661894
Spain,ESP,2002,34.796688,17111.0685058941,Europe & Central Asia,High income,4,9.747480814141166
Spain,ESP,2003,35.09131,21522.0170990262,Europe & Central Asia,High income,4,9.9768317412506
Spain,ESP,2004,35.38593,24925.0267844576,Europe & Central Asia,High income,4,10.123627669431572
Spain,ESP,2005,35.680553,26450.9530130382,Europe & Central Asia,High income,4,10.183047467376038
Spain,ESP,2006,35.975174,28421.686527407,Europe & Central Asia,High income,4,10.25490774286739
Spain,ESP,2007,36.269794,32652.015594702,Europe & Central Asia,High income,4,10.393661866174403
Spain,ESP,2008,36.564415,35603.248328071,Europe & Central Asia,High income,4,10.480192157848068
Spain,ESP,2009,36.859035,32279.8208476151,Europe & Central Asia,High income,4,10.382197572418518
Spain,ESP,2010,37.153656,30658.7422282912,Europe & Central Asia,High income,4,10.330673128371389
Spain,ESP,2011,37.157322,31824.6219134777,Europe & Central Asia,High income,4,10.367995543181516
Spain,ESP,2012,37.160988,28456.4438151477,Europe & Central Asia,High income,4,10.256129910046859
Spain,ESP,2013,37.164654,29228.846559842,Europe & Central Asia,High income,4,10.28291139649337
Spain,ESP,2014,37.16832,29707.765509467,Europe & Central Asia,High income,4,10.299163755580002
Spain,ESP,2015,37.171986,25982.4416197775,Europe & Central Asia,High income,4,10.165176266554539
Spain,ESP,2016,37.334763,26755.6061149398,Europe & Central Asia,High income,4,10.19449930475678
Spain,ESP,2017,37.49754,28381.3425596906,Europe & Central Asia,High income,4,10.253487256138124
Spain,ESP,2018,37.660316,30602.4212881113,Europe & Central Asia,High income,4,10.328834411872553
Spain,ESP,2019,37.823093,29786.5245689007,Europe & Central Asia,High income,4,10.301811374547727
Spain,ESP,2020,37.98587,27233.9426461608,Europe & Central Asia,High income,4,10.21221936571773
Spain,ESP,2021,38.046196,30799.4775937775,Europe & Central Asia,High income,4,10.335253007576831
Spain,ESP,2022,38.106518,30319.4987196616,Europe & Central Asia,High income,4,10.319546306626945
Spain,ESP,2023,38.16684,33493.2225409111,Europe & Central Asia,High income,4,10.419098385133672
Spain,ESP,2024,38.22716,35326.7683069278,Europe & Central Asia,High income,4,10.472396264528527
Spain,ESP,2025,38.287483,,Europe & Central Asia,High income,4,
Sri Lanka,LKA,1990,38.311348,491.213686238493,South Asia,Lower middle income,2,6.196879239308152
Sri Lanka,LKA,1991,38.08697,546.292515570886,South Asia,Lower middle income,2,6.303154575089786
Sri Lanka,LKA,1992,37.862595,579.655117618283,South Asia,Lower middle income,2,6.3624333018849635
Sri Lanka,LKA,1993,37.638214,607.231847102846,South Asia,Lower middle income,2,6.408910673821373
Sri Lanka,LKA,1994,37.413837,678.268012020205,South Asia,Lower middle income,2,6.519542507795643
Sri Lanka,LKA,1995,37.18946,741.838255293455,South Asia,Lower middle income,2,6.609131234625535
Sri Lanka,LKA,1996,36.965084,776.192371057587,South Asia,Lower middle income,2,6.654400390308287
Sri Lanka,LKA,1997,36.740704,827.035756058631,South Asia,Lower middle income,2,6.717847929951963
Sri Lanka,LKA,1998,36.516327,847.533577843861,South Asia,Lower middle income,2,6.742330458344521
Sri Lanka,LKA,1999,36.29195,829.356379527539,South Asia,Lower middle income,2,6.720649953624238
Sri Lanka,LKA,2000,36.067574,860.199884304769,South Asia,Lower middle income,2,6.757164785851567
Sri Lanka,LKA,2001,35.94604,803.544026627385,South Asia,Lower middle income,2,6.689031977238851
Sri Lanka,LKA,2002,35.82451,834.936014905338,South Asia,Lower middle income,2,6.727355093058832
Sri Lanka,LKA,2003,35.702976,946.382255128072,South Asia,Lower middle income,2,6.852646562623722
Sri Lanka,LKA,2004,35.581444,1028.62068132555,South Asia,Lower middle income,2,6.935974039424464
Sri Lanka,LKA,2005,35.45991,1207.21994764165,South Asia,Lower middle income,2,7.096075431208481
Sri Lanka,LKA,2006,35.338375,1388.89739119932,South Asia,Lower middle income,2,7.236265467598947
Sri Lanka,LKA,2007,35.216843,1578.63451125392,South Asia,Lower middle income,2,7.364315518972442
Sri Lanka,LKA,2008,35.09531,1973.58476901287,South Asia,Lower middle income,2,7.587606847822615
Sri Lanka,LKA,2009,34.973778,2026.65939950702,South Asia,Lower middle income,2,7.6141441005161115
Sri Lanka,LKA,2010,34.852245,2808.36244503709,South Asia,Lower middle income,2,7.940356832684039
Sri Lanka,LKA,2011,34.665665,3224.95745150496,South Asia,Lower middle income,2,8.078675035811045
Sri Lanka,LKA,2012,34.47908,3327.77613691283,South Asia,Lower middle income,2,8.110059533125968
Sri Lanka,LKA,2013,34.2925,3739.43181100202,South Asia,Lower middle income,2,8.22668895667526
Sri Lanka,LKA,2014,34.105915,3972.04375736464,South Asia,Lower middle income,2,8.287036041560738
Sri Lanka,LKA,2015,33.919334,4057.7158346231,South Asia,Lower middle income,2,8.308375491966133
Sri Lanka,LKA,2016,34.071808,4149.19190775593,South Asia,Lower middle income,2,8.330668873241477
Sri Lanka,LKA,2017,34.22428,4398.88828068715,South Asia,Lower middle income,2,8.389107124501365
Sri Lanka,LKA,2018,34.376755,4358.56095906047,South Asia,Lower middle income,2,8.379897226601495
Sri Lanka,LKA,2019,34.52923,4081.94772722003,South Asia,Lower middle income,2,8.314329537609215
Sri Lanka,LKA,2020,34.6817,3847.60137695639,South Asia,Lower middle income,2,8.255205214152497
Sri Lanka,LKA,2021,34.60178,3996.96240014909,South Asia,Lower middle income,2,8.293289951649086
Sri Lanka,LKA,2022,34.521854,3342.63650253855,South Asia,Lower middle income,2,8.114515146598043
Sri Lanka,LKA,2023,34.441933,3798.89016573011,South Asia,Lower middle income,2,8.242464241406196
Sri Lanka,LKA,2024,34.36201,4515.56787322732,South Asia,Lower middle income,2,8.415286232743277
Sri Lanka,LKA,2025,34.28209,,South Asia,Lower middle income,2,
Sudan,SDN,1990,15.029604,1257.1875,Sub-Saharan Africa,Low income,1,7.136632362144107
Sudan,SDN,1991,14.936381,1617.55676269531,Sub-Saharan Africa,Low income,1,7.388672118615767
Sudan,SDN,1992,14.843159,252.610092163086,Sub-Saharan Africa,Low income,1,5.531847162257977
Sudan,SDN,1993,14.749936,312.693908691406,Sub-Saharan Africa,Low income,1,5.745224784553583
Sudan,SDN,1994,14.6567135,439.420806884766,Sub-Saharan Africa,Low income,1,6.085457511776062
Sudan,SDN,1995,14.56349,462.585235595703,Sub-Saharan Africa,Low income,1,6.136830833152477
Sudan,SDN,1996,14.470267,294.826965332031,Sub-Saharan Africa,Low income,1,5.686388626050758
Sudan,SDN,1997,14.377045,373.09375,Sub-Saharan Africa,Low income,1,5.921829728545662
Sudan,SDN,1998,14.283822,350.702880859375,Sub-Saharan Africa,Low income,1,5.8599393717099835
Sudan,SDN,1999,14.190599,324.659606933594,Sub-Saharan Africa,Low income,1,5.78277727018029
Sudan,SDN,2000,14.097377,362.116882324219,Sub-Saharan Africa,Low income,1,5.891967039060122
Sudan,SDN,2001,14.004154,451.293304443359,Sub-Saharan Africa,Low income,1,6.112117470568143
Sudan,SDN,2002,13.910932,506.262634277344,Sub-Saharan Africa,Low income,1,6.227055574706561
Sudan,SDN,2003,13.817709,580.320251464844,Sub-Saharan Africa,Low income,1,6.3635801088555
Sudan,SDN,2004,13.724486,705.113342285156,Sub-Saharan Africa,Low income,1,6.558358559089089
Sudan,SDN,2005,13.631264,905.543640136719,Sub-Saharan Africa,Low income,1,6.80853547068089
Sudan,SDN,2006,13.538041,1132.474609375,Sub-Saharan Africa,Low income,1,7.032160437127932
Sudan,SDN,2007,13.444818,1444.37219238281,Sub-Saharan Africa,Low income,1,7.275430037198325
Sudan,SDN,2008,13.351595,1527.58239746094,Sub-Saharan Africa,Low income,1,7.331441632282182
Sudan,SDN,2009,13.258372,1178.22180175781,Sub-Saharan Africa,Low income,1,7.071761633209213
Sudan,SDN,2010,13.16515,1305.63598632813,Sub-Saharan Africa,Low income,1,7.174445546887686
Sudan,SDN,2011,13.071927,1332.6572265625,Sub-Saharan Africa,Low income,1,7.194930142747212
Sudan,SDN,2012,12.978704,1019.22210693359,Sub-Saharan Africa,Low income,1,6.9267949750591065
Sudan,SDN,2013,12.885482,1138.62780761719,Sub-Saharan Africa,Low income,1,7.037579138858127
Sudan,SDN,2014,12.792259,1275.43835449219,Sub-Saharan Africa,Low income,1,7.151045205949145
Sudan,SDN,2015,12.699037,1292.37963867188,Sub-Saharan Africa,Low income,1,7.164240479161954
Sudan,SDN,2016,12.605814,1033.21594238281,Sub-Saharan Africa,Low income,1,6.94043149120602
Sudan,SDN,2017,12.512591,966.505676269531,Sub-Saharan Africa,Low income,1,6.873687171646692
Sudan,SDN,2018,12.419369,731.027465820313,Sub-Saharan Africa,Low income,1,6.594451031985538
Sudan,SDN,2019,12.326145,709.975280761719,Sub-Saharan Africa,Low income,1,6.565230153600711
Sudan,SDN,2020,12.232923,577.795227050781,Sub-Saharan Africa,Low income,1,6.3592195274420815
Sudan,SDN,2021,12.1397,712.122009277344,Sub-Saharan Africa,Low income,1,6.568249258075882
Sudan,SDN,2022,12.046477,1046.24084472656,Sub-Saharan Africa,Low income,1,6.95295887120536
Sudan,SDN,2023,11.953255,797.283447265625,Sub-Saharan Africa,Low income,1,6.68121025830664
Sudan,SDN,2024,11.860032,984.607666015625,Sub-Saharan Africa,Low income,1,6.892243253212564
Sudan,SDN,2025,11.766809,,Sub-Saharan Africa,Low income,1,
Suriname,SUR,1990,92.62022,941.591736102188,Latin America & Caribbean,Upper middle income,3,6.847571779465527
Suriname,SUR,1991,92.64248,1079.72521342705,Latin America & Caribbean,Upper middle income,3,6.984461855732959
Suriname,SUR,1992,92.66474,968.895253466926,Latin America & Caribbean,Upper middle income,3,6.876156508490452
Suriname,SUR,1993,92.687004,1022.44583519896,Latin America & Caribbean,Upper middle income,3,6.92995291360329
Suriname,SUR,1994,92.70926,1433.54255652781,Latin America & Caribbean,Upper middle income,3,7.267903972031573
Suriname,SUR,1995,92.73152,1609.82504373206,Latin America & Caribbean,Upper middle income,3,7.383880783584257
Suriname,SUR,1996,92.753784,1962.88495820295,Latin America & Caribbean,Upper middle income,3,7.582170587466375
Suriname,SUR,1997,92.77605,2067.59814938391,Latin America & Caribbean,Upper middle income,3,7.634142898266304
Suriname,SUR,1998,92.7983,2428.58641994202,Latin America & Caribbean,Upper middle income,3,7.79506464688129
Suriname,SUR,1999,92.820564,1898.1801816053,Latin America & Caribbean,Upper middle income,3,7.548650907016717
Suriname,SUR,2000,92.84283,1988.22172925433,Latin America & Caribbean,Upper middle income,3,7.59499591482723
Suriname,SUR,2001,92.81793,1714.64846637242,Latin America & Caribbean,Upper middle income,3,7.446963362713475
Suriname,SUR,2002,92.79304,2202.340682196,Latin America & Caribbean,Upper middle income,3,7.697276020209244
Suriname,SUR,2003,92.768135,2516.10404020956,Latin America & Caribbean,Upper middle income,3,7.830466968400026
Suriname,SUR,2004,92.74324,2887.7721728844,Latin America & Caribbean,Upper middle income,3,7.968240609395532
Suriname,SUR,2005,92.718346,3453.42865937765,Latin America & Caribbean,Upper middle income,3,8.147122830831266
Suriname,SUR,2006,92.69345,5002.65798695759,Latin America & Caribbean,Upper middle income,3,8.517724647559918
Suriname,SUR,2007,92.66856,5530.17615638309,Latin America & Caribbean,Upper middle income,3,8.617974948689517
Suriname,SUR,2008,92.643654,6576.08546307249,Latin America & Caribbean,Upper middle income,3,8.791194932860886
Suriname,SUR,2009,92.61876,7129.5768626291,Latin America & Caribbean,Upper middle income,3,8.87200716559247
Suriname,SUR,2010,92.593864,7943.60482816915,Latin America & Caribbean,Upper middle income,3,8.980122459796002
Suriname,SUR,2011,92.5647,7949.88867218383,Latin America & Caribbean,Upper middle income,3,8.980913204051438
Suriname,SUR,2012,92.53552,8851.24050668908,Latin America & Caribbean,Upper middle income,3,9.088312898426398
Suriname,SUR,2013,92.506355,9043.19281529222,Latin America & Caribbean,Upper middle income,3,9.109767578562513
Suriname,SUR,2014,92.47719,9108.18905406764,Latin America & Caribbean,Upper middle income,3,9.11692918389263
Suriname,SUR,2015,92.44801,8813.61705392067,Latin America & Caribbean,Upper middle income,3,9.084053196979129
Suriname,SUR,2016,92.356865,5644.2061057532,Latin America & Caribbean,Upper middle income,3,8.638384829980152
Suriname,SUR,2017,92.26572,6049.52128553675,Latin America & Caribbean,Upper middle income,3,8.707734421536669
Suriname,SUR,2018,92.17457,6665.74180472239,Latin America & Caribbean,Upper middle income,3,8.80473652495258
Suriname,SUR,2019,92.08342,6629.66775248603,Latin America & Caribbean,Upper middle income,3,8.799309969177017
Suriname,SUR,2020,91.99227,4755.39221710693,Latin America & Caribbean,Upper middle income,3,8.467034456773764
Suriname,SUR,2021,91.87856,5029.84838543953,Latin America & Caribbean,Upper middle income,3,8.523145120579768
Suriname,SUR,2022,91.76485,6084.43876736445,Latin America & Caribbean,Upper middle income,3,8.71348976901752
Suriname,SUR,2023,91.65113,5521.97602122638,Latin America & Caribbean,Upper middle income,3,8.616491050073279
Suriname,SUR,2024,91.537415,6961.78955961526,Latin America & Caribbean,Upper middle income,3,8.848191840912996
Suriname,SUR,2025,91.423706,,Latin America & Caribbean,Upper middle income,3,
Sweden,SWE,1990,68.90346,30549.3185706762,Europe & Central Asia,High income,4,10.327097658972125
Sweden,SWE,1991,68.92801,31776.6680192213,Europe & Central Asia,High income,4,10.36648758938391
Sweden,SWE,1992,68.95256,32753.4287003642,Europe & Central Asia,High income,4,10.396762928724344
Sweden,SWE,1993,68.97712,24389.8738124128,Europe & Central Asia,High income,4,10.10192331745377
Sweden,SWE,1994,69.00167,26045.5196995275,Europe & Central Asia,High income,4,10.167601043887972
Sweden,SWE,1995,69.02622,30254.0273028727,Europe & Central Asia,High income,4,10.317384588576708
Sweden,SWE,1996,69.05077,33022.2444768661,Europe & Central Asia,High income,4,10.404936688418617
Sweden,SWE,1997,69.07533,30324.1845796306,Europe & Central Asia,High income,4,10.319700844073333
Sweden,SWE,1998,69.099884,30605.3669074811,Europe & Central Asia,High income,4,10.328930661694965
Sweden,SWE,1999,69.124435,30968.8710702052,Europe & Central Asia,High income,4,10.340737819936207
Sweden,SWE,2000,69.14899,29632.5890811623,Europe & Central Asia,High income,4,10.29663001714714
Sweden,SWE,2001,69.12689,27259.3174300217,Europe & Central Asia,High income,4,10.213150665686182
Sweden,SWE,2002,69.10479,29957.7776664916,Europe & Central Asia,High income,4,10.307544258194069
Sweden,SWE,2003,69.082695,37292.2419727801,Europe & Central Asia,High income,4,10.52654059399309
Sweden,SWE,2004,69.0606,42758.0048564929,Europe & Central Asia,High income,4,10.663311704941265
Sweden,SWE,2005,69.0385,43378.4077394363,Europe & Central Asia,High income,4,10.677717078761079
Sweden,SWE,2006,69.0164,46531.3762240485,Europe & Central Asia,High income,4,10.747882121535374
Sweden,SWE,2007,68.9943,53568.3057787832,Europe & Central Asia,High income,4,10.888712862068802
Sweden,SWE,2008,68.972206,55817.1759726485,Europe & Central Asia,High income,4,10.929836914134562
Sweden,SWE,2009,68.95011,46707.6425044751,Europe & Central Asia,High income,4,10.751663081327038
Sweden,SWE,2010,68.92801,52542.5759090299,Europe & Central Asia,High income,4,10.869379089617276
Sweden,SWE,2011,68.88234,60379.4814599322,Europe & Central Asia,High income,4,11.008404615279803
Sweden,SWE,2012,68.83667,57749.5615420853,Europe & Central Asia,High income,4,10.963871036010374
Sweden,SWE,2013,68.791,60843.9888799369,Europe & Central Asia,High income,4,11.016068307668105
Sweden,SWE,2014,68.74534,59583.4584491714,Europe & Central Asia,High income,4,10.995133271732174
Sweden,SWE,2015,68.69967,51188.1652120493,Europe & Central Asia,High income,4,10.843263636106574
Sweden,SWE,2016,68.67708,51703.5088332851,Europe & Central Asia,High income,4,10.853280927309282
Sweden,SWE,2017,68.65449,53210.2233318965,Europe & Central Asia,High income,4,10.882005824760643
Sweden,SWE,2018,68.6319,54018.4554391861,Europe & Central Asia,High income,4,10.897081034549574
Sweden,SWE,2019,68.609314,51648.9892820514,Europe & Central Asia,High income,4,10.85222590576099
Sweden,SWE,2020,68.58672,52568.5726980146,Europe & Central Asia,High income,4,10.8698737429411
Sweden,SWE,2021,68.58672,60647.5416365347,Europe & Central Asia,High income,4,11.012834379940378
Sweden,SWE,2022,68.58672,54836.8907235124,Europe & Central Asia,High income,4,10.91211843483171
Sweden,SWE,2023,68.58672,54950.2834725622,Europe & Central Asia,High income,4,10.914184118554807
Sweden,SWE,2024,68.58672,57117.4877440616,Europe & Central Asia,High income,4,10.952865613974476
Sweden,SWE,2025,68.58672,,Europe & Central Asia,High income,4,
Switzerland,CHE,1990,29.195415,39574.5398083788,Europe & Central Asia,High income,4,10.585941256339943
Switzerland,CHE,1991,29.303438,39544.4946826768,Europe & Central Asia,High income,4,10.58518176458579
Switzerland,CHE,1992,29.411463,40713.6881521435,Europe & Central Asia,High income,4,10.61431963312287
Switzerland,CHE,1993,29.519487,39237.1186558781,Europe & Central Asia,High income,4,10.577378482233993
Switzerland,CHE,1994,29.627512,43091.7770970073,Europe & Central Asia,High income,4,10.6710874712774
Switzerland,CHE,1995,29.735537,50113.8321221345,Europe & Central Asia,High income,4,10.822052339229218
Switzerland,CHE,1996,29.843561,48092.6433036512,Europe & Central Asia,High income,4,10.780884498526403
Switzerland,CHE,1997,29.951584,41584.441782159,Europe & Central Asia,High income,4,10.635481380674372
Switzerland,CHE,1998,30.059608,42680.5867322391,Europe & Central Asia,High income,4,10.661499452562039
Switzerland,CHE,1999,30.167633,41695.6912912021,Europe & Central Asia,High income,4,10.638153076098288
Switzerland,CHE,2000,30.275658,38865.021939688,Europe & Central Asia,High income,4,10.567849946174336
Switzerland,CHE,2001,30.373203,39638.7911061864,Europe & Central Asia,High income,4,10.587563491162197
Switzerland,CHE,2002,30.470749,42458.7384679187,Europe & Central Asia,High income,4,10.656288023744708
Switzerland,CHE,2003,30.568295,49335.7456291067,Europe & Central Asia,High income,4,10.806404160769977
Switzerland,CHE,2004,30.66584,54659.4571488233,Europe & Central Asia,High income,4,10.908877528017142
Switzerland,CHE,2005,30.763388,56242.8933645639,Europe & Central Asia,High income,4,10.937434971899542
Switzerland,CHE,2006,30.860933,59011.0324592016,Europe & Central Asia,High income,4,10.985479696241175
Switzerland,CHE,2007,30.958479,64989.1553256031,Europe & Central Asia,High income,4,11.081975693813675
Switzerland,CHE,2008,31.056025,74175.1927898555,Europe & Central Asia,High income,4,11.214185044277391
Switzerland,CHE,2009,31.15357,71568.3123885672,Europe & Central Asia,High income,4,11.17840769058272
Switzerland,CHE,2010,31.251116,76531.3729407691,Europe & Central Asia,High income,4,11.245456039545951
Switzerland,CHE,2011,31.321884,90476.7589651577,Europe & Central Asia,High income,4,11.412848289692617
Switzerland,CHE,2012,31.39265,85836.2076767359,Europe & Central Asia,High income,4,11.360196197353076
Switzerland,CHE,2013,31.463419,87304.3305813557,Europe & Central Asia,High income,4,11.377155346340276
Switzerland,CHE,2014,31.534185,88724.9909402638,Europe & Central Asia,High income,4,11.393296875404394
Switzerland,CHE,2015,31.604954,83806.4476003837,Europe & Central Asia,High income,4,11.336265223849127
Switzerland,CHE,2016,31.651321,82153.0745447889,Europe & Central Asia,High income,4,11.316339548751554
Switzerland,CHE,2017,31.697691,82254.3769269767,Europe & Central Asia,High income,4,11.317571882129405
Switzerland,CHE,2018,31.744059,85217.3691512274,Europe & Central Asia,High income,4,11.35296055531743
Switzerland,CHE,2019,31.790428,84121.9310304414,Europe & Central Asia,High income,4,11.340022585216989
Switzerland,CHE,2020,31.836796,85897.7843338323,Europe & Central Asia,High income,4,11.360913314087094
Switzerland,CHE,2021,31.883165,93664.7736696111,Europe & Central Asia,High income,4,11.447477449510572
Switzerland,CHE,2022,31.929533,94394.5106803525,Europe & Central Asia,High income,4,11.455238200870303
Switzerland,CHE,2023,31.9759,100623.549627296,Europe & Central Asia,High income,4,11.519141600975209
Switzerland,CHE,2024,32.02227,103998.186685604,Europe & Central Asia,High income,4,11.55212874225616
Switzerland,CHE,2025,32.068638,,Europe & Central Asia,High income,4,
Syria,SYR,1990,2.4354181,978.489616979607,Middle East & North Africa,Low income,1,6.886010175619492
Syria,SYR,1991,2.4406993,1000.07798684947,Middle East & North Africa,Low income,1,6.907833262790791
Syria,SYR,1992,2.4459808,990.138251191708,Middle East & North Africa,Low income,1,6.8978445810472
Syria,SYR,1993,2.4512622,992.771367475098,Middle East & North Africa,Low income,1,6.900500393300356
Syria,SYR,1994,2.4565434,712.387716635783,Middle East & North Africa,Low income,1,6.568622309037468
Syria,SYR,1995,2.461825,779.699100153744,Middle East & North Africa,Low income,1,6.658908076221961
Syria,SYR,1996,2.4671063,918.195857362788,Middle East & North Africa,Low income,1,6.822410720111182
Syria,SYR,1997,2.4723876,940.826589804978,Middle East & North Africa,Low income,1,6.846758839717951
Syria,SYR,1998,2.477669,960.837504927725,Middle East & North Africa,Low income,1,6.8678053051077175
Syria,SYR,1999,2.4829502,978.17453169496,Middle East & North Africa,Low income,1,6.885688111878932
Syria,SYR,2000,2.4882317,1138.1884854278,Middle East & North Africa,Low income,1,7.03719322964254
Syria,SYR,2001,2.5158858,1186.82913474027,Middle East & North Africa,Low income,1,7.07904043710445
Syria,SYR,2002,2.54354,1183.2473451033,Middle East & North Africa,Low income,1,7.076017925051155
Syria,SYR,2003,2.5711944,1220.179077256,Middle East & North Africa,Low income,1,7.106752911591557
Syria,SYR,2004,2.5988486,1368.1148230028,Middle East & North Africa,Low income,1,7.221189029603723
Syria,SYR,2005,2.6265028,1533.90166536568,Middle East & North Africa,Low income,1,7.335569876460286
Syria,SYR,2006,2.654157,1718.78347217338,Middle East & North Africa,Low income,1,7.449372035944309
Syria,SYR,2007,2.681811,1937.61138578027,Middle East & North Africa,Low income,1,7.569211249010026
Syria,SYR,2008,2.7094655,2429.12477087189,Middle East & North Africa,Low income,1,7.795286294859495
Syria,SYR,2009,2.7371197,2462.20193643202,Middle East & North Africa,Low income,1,7.808811324677351
Syria,SYR,2010,2.7647738,2730.61477118949,Middle East & North Africa,Low income,1,7.912282053739239
Syria,SYR,2011,2.7812874,2952.14349372257,Middle East & North Africa,Low income,1,7.9902867935235955
Syria,SYR,2012,2.7978013,1897.66115018696,Middle East & North Africa,Low income,1,7.548377433298399
Syria,SYR,2013,2.814315,985.892669227054,Middle East & North Africa,Low income,1,6.893547493938232
Syria,SYR,2014,2.8308287,1060.59105886854,Middle East & North Africa,Low income,1,6.96658163440966
Syria,SYR,2015,2.8473423,847.731631942565,Middle East & North Africa,Low income,1,6.742564113938303
Syria,SYR,2016,2.8477528,656.3490586313,Middle East & North Africa,Low income,1,6.486692749000349
Syria,SYR,2017,2.8481631,851.502005254153,Middle East & North Africa,Low income,1,6.74700185506668
Syria,SYR,2018,2.8485734,1098.0668642357,Middle East & North Africa,Low income,1,7.001306516604893
Syria,SYR,2019,2.848984,1109.53926036049,Middle East & North Africa,Low income,1,7.011700127380202
Syria,SYR,2020,2.8493943,572.355289831901,Middle East & North Africa,Low income,1,6.349759934624389
Syria,SYR,2021,2.8495672,663.614245706815,Middle East & North Africa,Low income,1,6.497701025395718
Syria,SYR,2022,2.84974,1051.67149587463,Middle East & North Africa,Low income,1,6.95813607825352
Syria,SYR,2023,2.849913,,Middle East & North Africa,Low income,1,
Syria,SYR,2024,2.8500855,,Middle East & North Africa,Low income,1,
Syria,SYR,2025,2.8502584,,Middle East & North Africa,Low income,1,
Taiwan,TWN,1904,60.0,,East Asia & Pacific,High income,4,
Taiwan,TWN,1926,64.0,,East Asia & Pacific,High income,4,
Taiwan,TWN,1956,58.0,,East Asia & Pacific,High income,4,
Taiwan,TWN,1982,57.0,,East Asia & Pacific,High income,4,
Taiwan,TWN,1994,68.0,,East Asia & Pacific,High income,4,
Taiwan,TWN,2000,66.0,,East Asia & Pacific,High income,4,
Taiwan,TWN,2005,67.0,,East Asia & Pacific,High income,4,
Taiwan,TWN,2010,69.0,,East Asia & Pacific,High income,4,
Taiwan,TWN,2015,67.0,,East Asia & Pacific,High income,4,
Tajikistan,TJK,1990,2.939693,487.03612866309,Europe & Central Asia,Lower middle income,2,6.1883383064974415
Tajikistan,TJK,1991,2.941134,457.767825924805,Europe & Central Asia,Lower middle income,2,6.126362125286398
Tajikistan,TJK,1992,2.9425752,337.833145514813,Europe & Central Asia,Lower middle income,2,5.822552121273557
Tajikistan,TJK,1993,2.9440162,287.620123754917,Europe & Central Asia,Lower middle income,2,5.661640594730434
Tajikistan,TJK,1994,2.9454572,261.271254544865,Europe & Central Asia,Lower middle income,2,5.5655591570792415
Tajikistan,TJK,1995,2.9468982,207.034457343036,Europe & Central Asia,Lower middle income,2,5.332885240006719
Tajikistan,TJK,1996,2.9483392,172.035088688368,Europe & Central Asia,Lower middle income,2,5.147698460009606
Tajikistan,TJK,1997,2.9497802,150.088550171239,Europe & Central Asia,Lower middle income,2,5.011225454392332
Tajikistan,TJK,1998,2.9512212,213.749145581577,Europe & Central Asia,Lower middle income,2,5.364803110529708
Tajikistan,TJK,1999,2.9526622,175.023764735625,Europe & Central Asia,Lower middle income,2,5.1649217631930195
Tajikistan,TJK,2000,2.9541032,136.925716400723,Europe & Central Asia,Lower middle income,2,4.919438562722726
Tajikistan,TJK,2001,2.9541032,168.676285365186,Europe & Central Asia,Lower middle income,2,5.1279814068501635
Tajikistan,TJK,2002,2.9541032,186.951638285222,Europe & Central Asia,Lower middle income,2,5.230849964611375
Tajikistan,TJK,2003,2.9541032,233.58124845289,Europe & Central Asia,Lower middle income,2,5.453529975698238
Tajikistan,TJK,2004,2.9541032,305.745158587502,Europe & Central Asia,Lower middle income,2,5.722751939895723
Tajikistan,TJK,2005,2.9541032,333.927150941684,Europe & Central Asia,Lower middle income,2,5.810922858234005
Tajikistan,TJK,2006,2.9541032,401.018403316427,Europe & Central Asia,Lower middle income,2,5.994007319810667
Tajikistan,TJK,2007,2.9541032,516.997210618914,Europe & Central Asia,Lower middle income,2,6.248037479172625
Tajikistan,TJK,2008,2.9541032,703.327375898643,Europe & Central Asia,Lower middle income,2,6.55582246747984
Tajikistan,TJK,2009,2.9541032,664.795655734657,Europe & Central Asia,Lower middle income,2,6.499479708824726
Tajikistan,TJK,2010,2.9541032,737.338883219356,Europe & Central Asia,Lower middle income,2,6.603047600915982
Tajikistan,TJK,2011,2.9711075,833.601978202852,Europe & Central Asia,Lower middle income,2,6.725756044080322
Tajikistan,TJK,2012,2.9881115,952.452819695469,Europe & Central Asia,Lower middle income,2,6.859040572645934
Tajikistan,TJK,2013,3.0051157,1028.19704279396,Europe & Central Asia,Lower middle income,2,6.935562103517249
Tajikistan,TJK,2014,3.0221198,1081.54402932039,Europe & Central Asia,Lower middle income,2,6.986144955910143
Tajikistan,TJK,2015,3.0391238,956.916310930656,Europe & Central Asia,Lower middle income,2,6.863715938235779
Tajikistan,TJK,2016,3.040853,788.710481734485,Europe & Central Asia,Lower middle income,2,6.670399310203407
Tajikistan,TJK,2017,3.0425823,829.45714764957,Europe & Central Asia,Lower middle income,2,6.720771447837426
Tajikistan,TJK,2018,3.0443115,834.288404578801,Europe & Central Asia,Lower middle income,2,6.7265791514281315
Tajikistan,TJK,2019,3.0460408,871.022372934846,Europe & Central Asia,Lower middle income,2,6.769667663014971
Tajikistan,TJK,2020,3.04777,834.311715460625,Europe & Central Asia,Lower middle income,2,6.726607092073161
Tajikistan,TJK,2021,3.0499315,896.748053372182,Europe & Central Asia,Lower middle income,2,6.798774945651387
Tajikistan,TJK,2022,3.052093,1052.17949484894,Europe & Central Asia,Lower middle income,2,6.958619001223276
Tajikistan,TJK,2023,3.0542545,1178.47990060249,Europe & Central Asia,Lower middle income,2,7.071980667162856
Tajikistan,TJK,2024,3.0564163,1341.20229027672,Europe & Central Asia,Lower middle income,2,7.201321722223124
Tajikistan,TJK,2025,3.0585778,,Europe & Central Asia,Lower middle income,2,
Tanzania,TZA,1990,65.6638,243.611557006836,Sub-Saharan Africa,Lower middle income,2,5.495574977267178
Tanzania,TZA,1991,65.20885,276.452453613281,Sub-Saharan Africa,Lower middle income,2,5.622038848176934
Tanzania,TZA,1992,64.75389,250.329925537109,Sub-Saharan Africa,Lower middle income,2,5.522779749969182
Tanzania,TZA,1993,64.29894,224.491546630859,Sub-Saharan Africa,Lower middle income,2,5.4138380522678435
Tanzania,TZA,1994,63.843983,228.890029907227,Sub-Saharan Africa,Lower middle income,2,5.433241669466557
Tanzania,TZA,1995,63.389027,258.418334960938,Sub-Saharan Africa,Lower middle income,2,5.554579725122392
Tanzania,TZA,1996,62.93407,313.658386230469,Sub-Saharan Africa,Lower middle income,2,5.748304451728652
Tanzania,TZA,1997,62.479115,363.597686767578,Sub-Saharan Africa,Lower middle income,2,5.896048000257723
Tanzania,TZA,1998,62.02416,386.378448486328,Sub-Saharan Africa,Lower middle income,2,5.95681732564397
Tanzania,TZA,1999,61.569202,392.621765136719,Sub-Saharan Africa,Lower middle income,2,5.972846718758888
Tanzania,TZA,2000,61.114246,401.698150634766,Sub-Saharan Africa,Lower middle income,2,5.995700937507903
Tanzania,TZA,2001,60.65929,396.638732910156,Sub-Saharan Africa,Lower middle income,2,5.983025873722873
Tanzania,TZA,2002,60.204334,402.649047851563,Sub-Saharan Africa,Lower middle income,2,5.998065333533836
Tanzania,TZA,2003,59.74938,422.18359375,Sub-Saharan Africa,Lower middle income,2,6.045440275706088
Tanzania,TZA,2004,59.294422,450.385284423828,Sub-Saharan Africa,Lower middle income,2,6.110103404053339
Tanzania,TZA,2005,58.839466,483.334869384766,Sub-Saharan Africa,Lower middle income,2,6.180709724778907
Tanzania,TZA,2006,58.38451,475.746734619141,Sub-Saharan Africa,Lower middle income,2,6.164885642504025
Tanzania,TZA,2007,57.929554,543.198303222656,Sub-Saharan Africa,Lower middle income,2,6.2974744525699755
Tanzania,TZA,2008,57.474598,675.977233886719,Sub-Saharan Africa,Lower middle income,2,6.51615939779349
Tanzania,TZA,2009,57.01964,693.823547363281,Sub-Saharan Africa,Lower middle income,2,6.542217673658876
Tanzania,TZA,2010,56.564686,736.530151367188,Sub-Saharan Africa,Lower middle income,2,6.601950173784593
Tanzania,TZA,2011,56.10973,775.392761230469,Sub-Saharan Africa,Lower middle income,2,6.653369689663808
Tanzania,TZA,2012,55.654774,861.969909667969,Sub-Saharan Africa,Lower middle income,2,6.759220362476647
Tanzania,TZA,2013,55.199818,963.05712890625,Sub-Saharan Africa,Lower middle income,2,6.87011273392872
Tanzania,TZA,2014,54.74486,1022.74841308594,Sub-Saharan Africa,Lower middle income,2,6.930248805193481
Tanzania,TZA,2015,54.289906,939.127319335938,Sub-Saharan Africa,Lower middle income,2,6.844951060363835
Tanzania,TZA,2016,53.76044,953.0107421875,Sub-Saharan Africa,Lower middle income,2,6.859626175560768
Tanzania,TZA,2017,53.230976,986.674011230469,Sub-Saharan Africa,Lower middle income,2,6.894339702436956
Tanzania,TZA,2018,52.70151,1023.10626220703,Sub-Saharan Africa,Lower middle income,2,6.930598633682338
Tanzania,TZA,2019,52.172047,1063.32250976563,Sub-Saharan Africa,Lower middle income,2,6.969153728155179
Tanzania,TZA,2020,51.642582,1117.41528320313,Sub-Saharan Africa,Lower middle income,2,7.018773514399859
Tanzania,TZA,2021,51.113117,1159.85656738281,Sub-Saharan Africa,Lower middle income,2,7.056051627647344
Tanzania,TZA,2022,50.583652,1207.52062988281,Sub-Saharan Africa,Lower middle income,2,7.096324470169861
Tanzania,TZA,2023,50.054188,1224.00219726563,Sub-Saharan Africa,Lower middle income,2,7.109881258222319
Tanzania,TZA,2024,49.524723,1186.71691894531,Sub-Saharan Africa,Lower middle income,2,7.078945881707162
Tanzania,TZA,2025,48.99526,,Sub-Saharan Africa,Lower middle income,2,
Thailand,THA,1990,39.607353,1559.11209344755,East Asia & Pacific,Upper middle income,3,7.351871767337402
Thailand,THA,1991,39.59365,1765.62267359529,East Asia & Pacific,Upper middle income,3,7.476258696724191
Thailand,THA,1992,39.57995,1971.60879910694,East Asia & Pacific,Upper middle income,3,7.586605137748298
Thailand,THA,1993,39.566246,2245.13688708983,East Asia & Pacific,Upper middle income,3,7.716521772522327
Thailand,THA,1994,39.552547,2517.70732641683,East Asia & Pacific,Upper middle income,3,7.8311039752899205
Thailand,THA,1995,39.538845,2864.36515719866,East Asia & Pacific,Upper middle income,3,7.960102018975105
Thailand,THA,1996,39.525143,3054.65690806473,East Asia & Pacific,Upper middle income,3,8.024422560246549
Thailand,THA,1997,39.51144,2473.14096982086,East Asia & Pacific,Upper middle income,3,7.813244269463641
Thailand,THA,1998,39.497738,1847.70379269771,East Asia & Pacific,Upper middle income,3,7.521698954017825
Thailand,THA,1999,39.48404,2033.24490520569,East Asia & Pacific,Upper middle income,3,7.617388271304505
Thailand,THA,2000,39.470337,2005.97694514234,East Asia & Pacific,Upper middle income,3,7.603886475505856
Thailand,THA,2001,39.456635,1889.93432467144,East Asia & Pacific,Upper middle income,3,7.544297358598842
Thailand,THA,2002,39.442932,2089.75183111554,East Asia & Pacific,Upper middle income,3,7.644800596815532
Thailand,THA,2003,39.42923,2347.54001286066,East Asia & Pacific,Upper middle income,3,7.761123255819226
Thailand,THA,2004,39.41553,2641.56268717857,East Asia & Pacific,Upper middle income,3,7.8791259479822795
Thailand,THA,2005,39.40183,2867.70383436062,East Asia & Pacific,Upper middle income,3,7.961266930822618
Thailand,THA,2006,39.388126,3331.32043511773,East Asia & Pacific,Upper middle income,3,8.111124031440792
Thailand,THA,2007,39.374424,3918.52817434581,East Asia & Pacific,Upper middle income,3,8.273471396551493
Thailand,THA,2008,39.36072,4309.13509292986,East Asia & Pacific,Upper middle income,3,8.36849248846574
Thailand,THA,2009,39.347023,4135.43986952819,East Asia & Pacific,Upper middle income,3,8.327348978953273
Thailand,THA,2010,39.33332,4973.86288823778,East Asia & Pacific,Upper middle income,3,8.511952058289356
Thailand,THA,2011,39.31962,5373.6232832898,East Asia & Pacific,Upper middle income,3,8.589257686846684
Thailand,THA,2012,39.305916,5725.52802835463,East Asia & Pacific,Upper middle income,3,8.652690056196338
Thailand,THA,2013,39.292217,6018.08244729255,East Asia & Pacific,Upper middle income,3,8.702523957211225
Thailand,THA,2014,39.278515,5801.1978916205,East Asia & Pacific,Upper middle income,3,8.665819708247517
Thailand,THA,2015,39.264812,5688.85335397884,East Asia & Pacific,Upper middle income,3,8.646263987300964
Thailand,THA,2016,39.37347,5833.57715617098,East Asia & Pacific,Upper middle income,3,8.671385668570714
Thailand,THA,2017,39.48213,6413.09182530343,East Asia & Pacific,Upper middle income,3,8.766096777665318
Thailand,THA,2018,39.590786,7099.77650081458,East Asia & Pacific,Upper middle income,3,8.86781858377543
Thailand,THA,2019,39.699444,7605.69657797759,East Asia & Pacific,Upper middle income,3,8.936652795236206
Thailand,THA,2020,39.808098,6985.64393892574,East Asia & Pacific,Upper middle income,3,8.851612456264517
Thailand,THA,2021,39.537952,7057.20754802279,East Asia & Pacific,Upper middle income,3,8.861804720802564
Thailand,THA,2022,39.267803,6909.35281815827,East Asia & Pacific,Upper middle income,3,8.84063125364294
Thailand,THA,2023,38.997654,7195.10130919449,East Asia & Pacific,Upper middle income,3,8.881155699721921
Thailand,THA,2024,38.72751,7346.62022142185,East Asia & Pacific,Upper middle income,3,8.901995652630733
Thailand,THA,2025,38.45736,,East Asia & Pacific,Upper middle income,3,
Togo,TGO,1990,23.865784,575.094511928654,Sub-Saharan Africa,Low income,1,6.354534395861889
Togo,TGO,1991,23.811363,549.808011573,Sub-Saharan Africa,Low income,1,6.309569147420176
Togo,TGO,1992,23.75694,564.71733648074,Sub-Saharan Africa,Low income,1,6.3363253165453175
Togo,TGO,1993,23.702518,414.013995214907,Sub-Saharan Africa,Low income,1,6.025899778120868
Togo,TGO,1994,23.648098,328.600956079736,Sub-Saharan Africa,Low income,1,5.794844115153823
Togo,TGO,1995,23.593676,419.220334892756,Sub-Saharan Africa,Low income,1,6.038396640639373
Togo,TGO,1996,23.539253,452.068436882428,Sub-Saharan Africa,Low income,1,6.113833577402961
Togo,TGO,1997,23.48483,448.001096915436,Sub-Saharan Africa,Low income,1,6.104795680883943
Togo,TGO,1998,23.43041,461.158245854911,Sub-Saharan Africa,Low income,1,6.133741250590737
Togo,TGO,1999,23.375988,445.291484100954,Sub-Saharan Africa,Low income,1,6.09872908818556
Togo,TGO,2000,23.321566,409.889802792768,Sub-Saharan Africa,Low income,1,6.01588834989606
Togo,TGO,2001,23.267162,396.692654520135,Sub-Saharan Africa,Low income,1,5.983161810888391
Togo,TGO,2002,23.212759,445.238691488925,Sub-Saharan Africa,Low income,1,6.0986105237313994
Togo,TGO,2003,23.158356,538.16537776929,Sub-Saharan Africa,Low income,1,6.28816590654926
Togo,TGO,2004,23.103952,560.266308533382,Sub-Saharan Africa,Low income,1,6.328412221643144
Togo,TGO,2005,23.04955,551.259850017077,Sub-Saharan Africa,Low income,1,6.31220629511312
Togo,TGO,2006,22.995146,552.50227125256,Sub-Saharan Africa,Low income,1,6.31445754424782
Togo,TGO,2007,22.940742,607.587886721352,Sub-Saharan Africa,Low income,1,6.409496834251248
Togo,TGO,2008,22.88634,718.948386717473,Sub-Saharan Africa,Low income,1,6.5777895703286395
Togo,TGO,2009,22.831936,720.693768151415,Sub-Saharan Africa,Low income,1,6.5802143149545
Togo,TGO,2010,22.777533,704.986772286079,Sub-Saharan Africa,Low income,1,6.558179039921465
Togo,TGO,2011,22.72311,783.988944671672,Sub-Saharan Africa,Low income,1,6.664394919066893
Togo,TGO,2012,22.66869,762.39162379069,Sub-Saharan Africa,Low income,1,6.636460365646231
Togo,TGO,2013,22.614267,826.542799987227,Sub-Saharan Africa,Low income,1,6.717251700538847
Togo,TGO,2014,22.559845,855.584809246574,Sub-Saharan Africa,Low income,1,6.751785222546867
Togo,TGO,2015,22.505424,751.051987587248,Sub-Saharan Africa,Low income,1,6.621474873851916
Togo,TGO,2016,22.450966,772.581357620609,Sub-Saharan Africa,Low income,1,6.649737320534654
Togo,TGO,2017,22.396507,792.765700965864,Sub-Saharan Africa,Low income,1,6.67552771891878
Togo,TGO,2018,22.342049,851.120561233595,Sub-Saharan Africa,Low income,1,6.746553788613847
Togo,TGO,2019,22.28759,826.255209019798,Sub-Saharan Africa,Low income,1,6.716903695557277
Togo,TGO,2020,22.233131,863.468665870276,Sub-Saharan Africa,Low income,1,6.7609576095748585
Togo,TGO,2021,22.289024,962.075187515872,Sub-Saharan Africa,Low income,1,6.869092605112475
Togo,TGO,2022,22.344917,951.232378690387,Sub-Saharan Africa,Low income,1,6.857758384631531
Togo,TGO,2023,22.400808,1055.01727877926,Sub-Saharan Africa,Low income,1,6.961312423765869
Togo,TGO,2024,22.456701,1119.38160509429,Sub-Saharan Africa,Low income,1,7.0205316734959835
Togo,TGO,2025,22.512594,,Sub-Saharan Africa,Low income,1,
Tonga,TON,1990,12.125,1139.0553819198,East Asia & Pacific,Upper middle income,3,7.0379545855485155
Tonga,TON,1991,12.125,1323.40098550339,East Asia & Pacific,Upper middle income,3,7.187960206253056
Tonga,TON,1992,12.125,1370.36142598699,East Asia & Pacific,Upper middle income,3,7.222829798618265
Tonga,TON,1993,12.125,1383.47386584881,East Asia & Pacific,Upper middle income,3,7.232352909166967
Tonga,TON,1994,12.125,1956.66180354821,East Asia & Pacific,Upper middle income,3,7.5789951387411705
Tonga,TON,1995,12.125,2084.02759539718,East Asia & Pacific,Upper middle income,3,7.642057644338938
Tonga,TON,1996,12.125,2214.91474789811,East Asia & Pacific,Upper middle income,3,7.702969193204948
Tonga,TON,1997,12.125,2135.52111086276,East Asia & Pacific,Upper middle income,3,7.6664659759094365
Tonga,TON,1998,12.125,1888.83194028282,East Asia & Pacific,Upper middle income,3,7.543713895985599
Tonga,TON,1999,12.125,1952.14626248861,East Asia & Pacific,Upper middle income,3,7.5766846937195504
Tonga,TON,2000,12.125,1995.07667546271,East Asia & Pacific,Upper middle income,3,7.598437762401298
Tonga,TON,2001,12.125,1753.51667576626,East Asia & Pacific,Upper middle income,3,7.469378579524326
Tonga,TON,2002,12.125,1759.4805324576,East Asia & Pacific,Upper middle income,3,7.472773892453542
Tonga,TON,2003,12.125,1936.04104012389,East Asia & Pacific,Upper middle income,3,7.56840046602294
Tonga,TON,2004,12.125,2195.44890047673,East Asia & Pacific,Upper middle income,3,7.694141815067615
Tonga,TON,2005,12.125,2477.72620144825,East Asia & Pacific,Upper middle income,3,7.815096564336342
Tonga,TON,2006,12.125,2750.34778600857,East Asia & Pacific,Upper middle income,3,7.919482650303739
Tonga,TON,2007,12.125,2797.06560109144,East Asia & Pacific,Upper middle income,3,7.936326147017528
Tonga,TON,2008,12.125,3218.45303993196,East Asia & Pacific,Upper middle income,3,8.076656100717269
Tonga,TON,2009,12.125,2914.23774004564,East Asia & Pacific,Upper middle income,3,7.977363568892454
Tonga,TON,2010,12.125,3416.08356601207,East Asia & Pacific,Upper middle income,3,8.13625001772753
Tonga,TON,2011,12.125,3849.99375750134,East Asia & Pacific,Upper middle income,3,8.255826805852292
Tonga,TON,2012,12.125,4384.17058724217,East Asia & Pacific,Upper middle income,3,8.385755739194312
Tonga,TON,2013,12.125,4219.24670113014,East Asia & Pacific,Upper middle income,3,8.347411884254615
Tonga,TON,2014,12.125,4136.59013792529,East Asia & Pacific,Upper middle income,3,8.327627089260774
Tonga,TON,2015,12.125,4123.90323993332,East Asia & Pacific,Upper middle income,3,8.324555382187816
Tonga,TON,2016,12.125,3987.98626206287,East Asia & Pacific,Upper middle income,3,8.291041686257056
Tonga,TON,2017,12.125,4365.92932788383,East Asia & Pacific,Upper middle income,3,8.381586350053508
Tonga,TON,2018,12.125,4675.04791274385,East Asia & Pacific,Upper middle income,3,8.449994690385532
Tonga,TON,2019,12.125,4788.83342304684,East Asia & Pacific,Upper middle income,3,8.47404211649415
Tonga,TON,2020,12.125,4792.35854741522,East Asia & Pacific,Upper middle income,3,8.474777959077892
Tonga,TON,2021,12.125,4922.80171378368,East Asia & Pacific,Upper middle income,3,8.501633101430013
Tonga,TON,2022,12.125,5298.01941509951,East Asia & Pacific,Upper middle income,3,8.575088334434495
Tonga,TON,2023,12.125,5651.59373063157,East Asia & Pacific,Upper middle income,3,8.639692860582446
Tonga,TON,2024,12.125,,East Asia & Pacific,Upper middle income,3,
Tonga,TON,2025,12.125,,East Asia & Pacific,Upper middle income,3,
Trinidad and Tobago,TTO,1990,46.959064,4047.25093594674,Latin America & Caribbean,High income,4,8.305793148376575
Trinidad and Tobago,TTO,1991,46.876217,4205.37778348016,Latin America & Caribbean,High income,4,8.34411940986504
Trinidad and Tobago,TTO,1992,46.793373,4277.47436935604,Latin America & Caribbean,High income,4,8.3611180137802
Trinidad and Tobago,TTO,1993,46.710526,3646.71231742803,Latin America & Caribbean,High income,4,8.201581305719825
Trinidad and Tobago,TTO,1994,46.62768,3839.96290233114,Latin America & Caribbean,High income,4,8.253217984683841
Trinidad and Tobago,TTO,1995,46.544834,4114.68908475464,Latin America & Caribbean,High income,4,8.322318553696396
Trinidad and Tobago,TTO,1996,46.461987,4427.27832448289,Latin America & Caribbean,High income,4,8.395540300528427
Trinidad and Tobago,TTO,1997,46.379143,4393.94496943068,Latin America & Caribbean,High income,4,8.38798272884034
Trinidad and Tobago,TTO,1998,46.296295,4612.70900312686,Latin America & Caribbean,High income,4,8.436570599653237
Trinidad and Tobago,TTO,1999,46.21345,5179.08350809274,Latin America & Caribbean,High income,4,8.552383390660133
Trinidad and Tobago,TTO,2000,46.130604,6178.58975559687,Latin America & Caribbean,High income,4,8.728845329524084
Trinidad and Tobago,TTO,2001,46.047955,6657.41466937221,Latin America & Caribbean,High income,4,8.803486500388104
Trinidad and Tobago,TTO,2002,45.9653,6762.93080808096,Latin America & Caribbean,High income,4,8.819211626571985
Trinidad and Tobago,TTO,2003,45.882652,8445.04653518298,Latin America & Caribbean,High income,4,9.041335339609546
Trinidad and Tobago,TTO,2004,45.8,9871.03419820086,Latin America & Caribbean,High income,4,9.19735990892418
Trinidad and Tobago,TTO,2005,45.71735,12346.4373094075,Latin America & Caribbean,High income,4,9.421122823467584
Trinidad and Tobago,TTO,2006,45.634697,14152.6607422113,Latin America & Caribbean,High income,4,9.557657923713215
Trinidad and Tobago,TTO,2007,45.552048,16606.675360681,Latin America & Caribbean,High income,4,9.717560023673476
Trinidad and Tobago,TTO,2008,45.469395,21298.9945258063,Latin America & Caribbean,High income,4,9.966415145222102
Trinidad and Tobago,TTO,2009,45.386745,14634.0565003912,Latin America & Caribbean,High income,4,9.591106728335197
Trinidad and Tobago,TTO,2010,45.304092,16815.424737361,Latin America & Caribbean,High income,4,9.730051883288064
Trinidad and Tobago,TTO,2011,45.221443,19151.0870229722,Latin America & Caribbean,High income,4,9.860114756599481
Trinidad and Tobago,TTO,2012,45.13879,20332.1389531925,Latin America & Caribbean,High income,4,9.91995811275515
Trinidad and Tobago,TTO,2013,45.05614,21304.9777496628,Latin America & Caribbean,High income,4,9.966696021561855
Trinidad and Tobago,TTO,2014,44.973488,21908.3014555644,Latin America & Caribbean,High income,4,9.9946209058767
Trinidad and Tobago,TTO,2015,44.89084,19887.2327716498,Latin America & Caribbean,High income,4,9.897833235555126
Trinidad and Tobago,TTO,2016,44.808186,17449.1538801956,Latin America & Caribbean,High income,4,9.76704643821404
Trinidad and Tobago,TTO,2017,44.725536,17566.0999700656,Latin America & Caribbean,High income,4,9.773726185572425
Trinidad and Tobago,TTO,2018,44.642883,17571.498737278,Latin America & Caribbean,High income,4,9.774033478469692
Trinidad and Tobago,TTO,2019,44.560234,17212.6128892163,Latin America & Caribbean,High income,4,9.753397701575537
Trinidad and Tobago,TTO,2020,44.47758,15283.6270531554,Latin America & Caribbean,High income,4,9.634537407140801
Trinidad and Tobago,TTO,2021,44.39493,17712.5674104655,Latin America & Caribbean,High income,4,9.782029689804848
Trinidad and Tobago,TTO,2022,44.312283,20750.5202434652,Latin America & Caribbean,High income,4,9.940326597318775
Trinidad and Tobago,TTO,2023,44.22963,18308.4536298575,Latin America & Caribbean,High income,4,9.8151181791516
Trinidad and Tobago,TTO,2024,44.14698,18733.4110406494,Latin America & Caribbean,High income,4,9.83806389528244
Trinidad and Tobago,TTO,2025,44.064327,,Latin America & Caribbean,High income,4,
Tunisia,TUN,1990,4.1450825,1476.43160477311,Middle East & North Africa,Lower middle income,2,7.297383377573372
Tunisia,TUN,1991,4.1604404,1537.87916511306,Middle East & North Africa,Lower middle income,2,7.338159580732715
Tunisia,TUN,1992,4.175798,1784.81850188268,Middle East & North Africa,Lower middle income,2,7.487072009426471
Tunisia,TUN,1993,4.191156,1649.18537309075,Middle East & North Africa,Lower middle income,2,7.408036731699763
Tunisia,TUN,1994,4.206514,1733.46614673506,Middle East & North Africa,Lower middle income,2,7.457878236082388
Tunisia,TUN,1995,4.221872,1968.16600944373,Middle East & North Africa,Lower middle income,2,7.584857428446706
Tunisia,TUN,1996,4.23723,2107.40815649257,Middle East & North Africa,Lower middle income,2,7.6532141095634465
Tunisia,TUN,1997,4.2525873,2202.06090620956,Middle East & North Africa,Lower middle income,2,7.697148976395821
Tunisia,TUN,1998,4.2679453,2285.01933541864,Middle East & North Africa,Lower middle income,2,7.734129765182499
Tunisia,TUN,1999,4.2833033,2376.06566791596,Middle East & North Africa,Lower middle income,2,7.77320131811238
Tunisia,TUN,2000,4.298661,2199.04465936314,Middle East & North Africa,Lower middle income,2,7.695778299290393
Tunisia,TUN,2001,4.3215694,2235.71981624751,Middle East & North Africa,Lower middle income,2,7.712318520630857
Tunisia,TUN,2002,4.344477,2320.7723805785,Middle East & North Africa,Lower middle income,2,7.749655331917049
Tunisia,TUN,2003,4.3673854,2725.8643148859,Middle East & North Africa,Lower middle income,2,7.910540836581116
Tunisia,TUN,2004,4.3902936,3067.41936376975,Middle East & North Africa,Lower middle income,2,8.028591888959925
Tunisia,TUN,2005,4.413202,3146.8260743927,Middle East & North Africa,Lower middle income,2,8.05414962842327
Tunisia,TUN,2006,4.4361095,3322.56933570096,Middle East & North Africa,Lower middle income,2,8.108493658902676
Tunisia,TUN,2007,4.4590178,3726.91672935667,Middle East & North Africa,Lower middle income,2,8.223336556690532
Tunisia,TUN,2008,4.481926,4255.05008019523,Middle East & North Africa,Lower middle income,2,8.35586181066682
Tunisia,TUN,2009,4.5048337,4080.09032448781,Middle East & North Africa,Lower middle income,2,8.313874405508013
Tunisia,TUN,2010,4.527742,4291.86120891575,Middle East & North Africa,Lower middle income,2,8.364475766069239
Tunisia,TUN,2011,4.529673,4420.64772206537,Middle East & North Africa,Lower middle income,2,8.394041507789005
Tunisia,TUN,2012,4.531604,4297.26782454273,Middle East & North Africa,Lower middle income,2,8.365734710094882
Tunisia,TUN,2013,4.533535,4369.79345826358,Middle East & North Africa,Lower middle income,2,8.382471023417434
Tunisia,TUN,2014,4.535466,4458.97895464547,Middle East & North Africa,Lower middle income,2,8.402675084868743
Tunisia,TUN,2015,4.537397,4014.94773686432,Middle East & North Africa,Lower middle income,2,8.29777960932586
Tunisia,TUN,2016,4.529763,3847.80354448809,Middle East & North Africa,Lower middle income,2,8.255257756555089
Tunisia,TUN,2017,4.522129,3619.03247319953,Middle East & North Africa,Lower middle income,2,8.193961996499317
Tunisia,TUN,2018,4.5144954,3628.10366464236,Middle East & North Africa,Lower middle income,2,8.196465384322503
Tunisia,TUN,2019,4.5068617,3528.87213306798,Middle East & North Africa,Lower middle income,2,8.168733589827553
Tunisia,TUN,2020,4.4992275,3548.65363663803,Middle East & North Africa,Lower middle income,2,8.174323553248167
Tunisia,TUN,2021,4.4844103,3906.93926319391,Middle East & North Africa,Lower middle income,2,8.270509549296639
Tunisia,TUN,2022,4.469593,3707.29283414381,Middle East & North Africa,Lower middle income,2,8.218057194944155
Tunisia,TUN,2023,4.454776,3951.11683376921,Middle East & North Africa,Lower middle income,2,8.281753560657359
Tunisia,TUN,2024,4.4399586,4181.13789301228,Middle East & North Africa,Lower middle income,2,8.338338711681466
Tunisia,TUN,2025,4.425142,,Middle East & North Africa,Lower middle income,2,
Turkey,TUR,1990,25.705183,2689.52621921233,Europe & Central Asia,Upper middle income,3,7.897120330396892
Turkey,TUR,1991,25.752592,2649.27259974439,Europe & Central Asia,Upper middle income,3,7.882040390638316
Turkey,TUR,1992,25.8,2743.65320297936,Europe & Central Asia,Upper middle income,3,7.917045597104798
Turkey,TUR,1993,25.84741,3057.93737480422,Europe & Central Asia,Upper middle income,3,8.025495907143997
Turkey,TUR,1994,25.894817,2176.2801813809,Europe & Central Asia,Upper middle income,3,7.68537235951278
Turkey,TUR,1995,25.942226,3845.98997887841,Europe & Central Asia,Upper middle income,3,8.254786320549494
Turkey,TUR,1996,25.989634,4041.36210281686,Europe & Central Asia,Upper middle income,3,8.304337068294092
Turkey,TUR,1997,26.03704,4197.37636165642,Europe & Central Asia,Upper middle income,3,8.342214933284152
Turkey,TUR,1998,26.084452,4331.02761275037,Europe & Central Asia,Upper middle income,3,8.373560116800483
Turkey,TUR,1999,26.131859,3973.77763854116,Europe & Central Asia,Upper middle income,3,8.287472467480136
Turkey,TUR,2000,26.179268,4199.3798635759,Europe & Central Asia,Upper middle income,3,8.342692141840352
Turkey,TUR,2001,26.300718,3052.2256706793,Europe & Central Asia,Upper middle income,3,8.023626331570943
Turkey,TUR,2002,26.422173,3591.08628982587,Europe & Central Asia,Upper middle income,3,8.18621002340713
Turkey,TUR,2003,26.543623,4649.63668068586,Europe & Central Asia,Upper middle income,3,8.44454436234301
Turkey,TUR,2004,26.665075,5979.6054216148,Europe & Central Asia,Upper middle income,3,8.696109861760144
Turkey,TUR,2005,26.786526,7331.85429430255,Europe & Central Asia,Upper middle income,3,8.899983736190196
Turkey,TUR,2006,26.90798,7990.08251407245,Europe & Central Asia,Upper middle income,3,8.985956365875012
Turkey,TUR,2007,27.02943,9766.91734545294,Europe & Central Asia,Upper middle income,3,9.186756172777589
Turkey,TUR,2008,27.150883,10913.4079047769,Europe & Central Asia,Upper middle income,3,9.297747395292031
Turkey,TUR,2009,27.272337,9076.92472236977,Europe & Central Asia,Upper middle income,3,9.113490727264274
Turkey,TUR,2010,27.393787,10698.9699409757,Europe & Central Asia,Upper middle income,3,9.27790274861748
Turkey,TUR,2011,27.53599,11373.6355760885,Europe & Central Asia,Upper middle income,3,9.339053287269795
Turkey,TUR,2012,27.678194,11776.7593362033,Europe & Central Asia,Upper middle income,3,9.373883320564676
Turkey,TUR,2013,27.820396,12635.5570016068,Europe & Central Asia,Upper middle income,3,9.444270102871739
Turkey,TUR,2014,27.9626,12209.3862327674,Europe & Central Asia,Upper middle income,3,9.409960298254676
Turkey,TUR,2015,28.104803,11064.6494504662,Europe & Central Asia,Upper middle income,3,9.31151057104938
Turkey,TUR,2016,28.25814,10984.3643169061,Europe & Central Asia,Upper middle income,3,9.304228114860809
Turkey,TUR,2017,28.411476,10756.3877677883,Europe & Central Asia,Upper middle income,3,9.283255068039434
Turkey,TUR,2018,28.564812,9684.11819884721,Europe & Central Asia,Upper middle income,3,9.178242523564546
Turkey,TUR,2019,28.718147,9395.23378001368,Europe & Central Asia,Upper middle income,3,9.147957794988077
Turkey,TUR,2020,28.871483,8798.11791709313,Europe & Central Asia,Upper middle income,3,9.082293104534594
Turkey,TUR,2021,29.02361,9981.76398411336,Europe & Central Asia,Upper middle income,3,9.208515105601897
Turkey,TUR,2022,29.175734,10897.8397861365,Europe & Central Asia,Upper middle income,3,9.29631986381792
Turkey,TUR,2023,29.327858,13375.0947282864,Europe & Central Asia,Upper middle income,3,9.501149654227829
Turkey,TUR,2024,29.479984,15892.7157287241,Europe & Central Asia,Upper middle income,3,9.673616152965664
Turkey,TUR,2025,29.632109,,Europe & Central Asia,Upper middle income,3,
Turkmenistan,TKM,1990,4.958185,848.155047388424,Europe & Central Asia,Upper middle income,3,6.743063457980352
Turkmenistan,TKM,1991,4.958185,831.99873207474,Europe & Central Asia,Upper middle income,3,6.723830916871417
Turkmenistan,TKM,1992,4.958185,811.354156451902,Europe & Central Asia,Upper middle income,3,6.698704649856385
Turkmenistan,TKM,1993,4.958185,788.418914207107,Europe & Central Asia,Upper middle income,3,6.670029565613711
Turkmenistan,TKM,1994,4.958185,622.13478015809,Europe & Central Asia,Upper middle income,3,6.433156757622706
Turkmenistan,TKM,1995,4.958185,592.247247321132,Europe & Central Asia,Upper middle income,3,6.383924195195475
Turkmenistan,TKM,1996,4.958185,557.894220051334,Europe & Central Asia,Upper middle income,3,6.324169374610208
Turkmenistan,TKM,1997,4.958185,565.022638048501,Europe & Central Asia,Upper middle income,3,6.336865797686246
Turkmenistan,TKM,1998,4.958185,590.791293266381,Europe & Central Asia,Upper middle income,3,6.381462813355641
Turkmenistan,TKM,1999,4.958185,545.519003106054,Europe & Central Asia,Upper middle income,3,6.301737640791117
Turkmenistan,TKM,2000,4.958185,633.835487638011,Europe & Central Asia,Upper middle income,3,6.451789437544828
Turkmenistan,TKM,2001,4.958185,756.034976276398,Europe & Central Asia,Upper middle income,3,6.628087640025215
Turkmenistan,TKM,2002,4.958185,935.540801478466,Europe & Central Asia,Upper middle income,3,6.841124759384611
Turkmenistan,TKM,2003,4.958185,1228.94870289404,Europe & Central Asia,Upper middle income,3,7.113914369796684
Turkmenistan,TKM,2004,4.958185,1379.23009682692,Europe & Central Asia,Upper middle income,3,7.229280721616606
Turkmenistan,TKM,2005,4.958185,1604.01618452312,Europe & Central Asia,Upper middle income,3,7.380265878477251
Turkmenistan,TKM,2006,4.958185,1996.59310717308,Europe & Central Asia,Upper middle income,3,7.599197560614026
Turkmenistan,TKM,2007,4.958185,2414.96071986964,Europe & Central Asia,Upper middle income,3,7.7894383008900645
Turkmenistan,TKM,2008,4.958185,3605.50395120549,Europe & Central Asia,Upper middle income,3,8.19021683223903
Turkmenistan,TKM,2009,4.958185,3707.97850699617,Europe & Central Asia,Upper middle income,3,8.218242130281721
Turkmenistan,TKM,2010,4.958185,4058.53937000739,Europe & Central Asia,Upper middle income,3,8.308578426784312
Turkmenistan,TKM,2011,4.958185,5143.61929334647,Europe & Central Asia,Upper middle income,3,8.545512253331482
Turkmenistan,TKM,2012,4.958185,6053.8748468749,Europe & Central Asia,Upper middle income,3,8.708453816568987
Turkmenistan,TKM,2013,4.958185,6599.64529055481,Europe & Central Asia,Upper middle income,3,8.794771182714932
Turkmenistan,TKM,2014,4.958185,7164.14536184006,Europe & Central Asia,Upper middle income,3,8.87684405357219
Turkmenistan,TKM,2015,4.958185,5759.497903834,Europe & Central Asia,Upper middle income,3,8.658605580417193
Turkmenistan,TKM,2016,4.958185,5686.98040962764,Europe & Central Asia,Upper middle income,3,8.645934702536955
Turkmenistan,TKM,2017,4.958185,5828.4816623489,Europe & Central Asia,Upper middle income,3,8.670511810150751
Turkmenistan,TKM,2018,4.958185,6125.05169712085,Europe & Central Asia,Upper middle income,3,8.72014247572357
Turkmenistan,TKM,2019,4.958185,5998.0017434754,Europe & Central Asia,Upper middle income,3,8.699181649985038
Turkmenistan,TKM,2020,4.958185,5972.72356566861,Europe & Central Asia,Upper middle income,3,8.694958311009827
Turkmenistan,TKM,2021,4.958185,5723.30227157906,Europe & Central Asia,Upper middle income,3,8.652301237994775
Turkmenistan,TKM,2022,4.958185,5837.84224538947,Europe & Central Asia,Upper middle income,3,8.672116529019062
Turkmenistan,TKM,2023,4.958185,6231.91323839698,Europe & Central Asia,Upper middle income,3,8.73743866550197
Turkmenistan,TKM,2024,4.958185,6856.65802730208,Europe & Central Asia,Upper middle income,3,8.832975433983265
Turkmenistan,TKM,2025,4.958185,,Europe & Central Asia,Upper middle income,3,
Turks and Caicos Islands,TCA,1990,11.073684,,Latin America & Caribbean,High income,4,
Turks and Caicos Islands,TCA,1991,11.073684,,Latin America & Caribbean,High income,4,
Turks and Caicos Islands,TCA,1992,11.073684,,Latin America & Caribbean,High income,4,
Turks and Caicos Islands,TCA,1993,11.073684,,Latin America & Caribbean,High income,4,
Turks and Caicos Islands,TCA,1994,11.073684,,Latin America & Caribbean,High income,4,
Turks and Caicos Islands,TCA,1995,11.073684,,Latin America & Caribbean,High income,4,
Turks and Caicos Islands,TCA,1996,11.073684,,Latin America & Caribbean,High income,4,
Turks and Caicos Islands,TCA,1997,11.073684,,Latin America & Caribbean,High income,4,
Turks and Caicos Islands,TCA,1998,11.073684,,Latin America & Caribbean,High income,4,
Turks and Caicos Islands,TCA,1999,11.073684,,Latin America & Caribbean,High income,4,
Turks and Caicos Islands,TCA,2000,11.073684,,Latin America & Caribbean,High income,4,
Turks and Caicos Islands,TCA,2001,11.073684,18325.7458111974,Latin America & Caribbean,High income,4,9.81606222503703
Turks and Caicos Islands,TCA,2002,11.073684,17803.9471767733,Latin America & Caribbean,High income,4,9.787175463201065
Turks and Caicos Islands,TCA,2003,11.073684,18859.1890274773,Latin America & Caribbean,High income,4,9.844755555659402
Turks and Caicos Islands,TCA,2004,11.073684,21246.00980049,Latin America & Caribbean,High income,4,9.963924382626212
Turks and Caicos Islands,TCA,2005,11.073684,24122.3028180757,Latin America & Caribbean,High income,4,10.090892119670052
Turks and Caicos Islands,TCA,2006,11.073684,28734.2873064523,Latin America & Caribbean,High income,4,10.26584636835315
Turks and Caicos Islands,TCA,2007,11.073684,29443.8523030072,Latin America & Caribbean,High income,4,10.290240416966016
Turks and Caicos Islands,TCA,2008,11.073684,31453.8228752689,Latin America & Caribbean,High income,4,10.356275808804094
Turks and Caicos Islands,TCA,2009,11.073684,24596.8938015951,Latin America & Caribbean,High income,4,10.11037544572011
Turks and Caicos Islands,TCA,2010,11.073684,23093.8498268267,Latin America & Caribbean,High income,4,10.047321619798474
Turks and Caicos Islands,TCA,2011,11.073684,27327.4006354146,Latin America & Caribbean,High income,4,10.215645164095681
Turks and Caicos Islands,TCA,2012,11.073684,25923.6156503875,Latin America & Caribbean,High income,4,10.162909633422714
Turks and Caicos Islands,TCA,2013,11.073684,25653.819867471,Latin America & Caribbean,High income,4,10.15244776221945
Turks and Caicos Islands,TCA,2014,11.073684,27292.5820256776,Latin America & Caribbean,High income,4,10.21437022357915
Turks and Caicos Islands,TCA,2015,11.073684,29457.0140691162,Latin America & Caribbean,High income,4,10.290687329452664
Turks and Caicos Islands,TCA,2016,11.073684,31373.5612684327,Latin America & Caribbean,High income,4,10.35372081939646
Turks and Caicos Islands,TCA,2017,11.073684,30014.2309523213,Latin America & Caribbean,High income,4,10.309426913246124
Turks and Caicos Islands,TCA,2018,11.073684,31625.616593277,Latin America & Caribbean,High income,4,10.361722722860373
Turks and Caicos Islands,TCA,2019,11.073684,31780.5217068989,Latin America & Caribbean,High income,4,10.366608856157942
Turks and Caicos Islands,TCA,2020,11.073684,20690.9160546118,Latin America & Caribbean,High income,4,9.937450044994453
Turks and Caicos Islands,TCA,2021,11.073684,27329.2885087196,Latin America & Caribbean,High income,4,10.215714245239647
Turks and Caicos Islands,TCA,2022,11.073684,31280.5418020808,Latin America & Caribbean,High income,4,10.350751515547628
Turks and Caicos Islands,TCA,2023,11.073684,35470.2151608295,Latin America & Caribbean,High income,4,10.476448613743898
Turks and Caicos Islands,TCA,2024,11.073684,37506.7798431288,Latin America & Caribbean,High income,4,10.532276991433676
Turks and Caicos Islands,TCA,2025,11.073684,,Latin America & Caribbean,High income,4,
Tuvalu,TUV,1990,34.333332,1084.66707221699,East Asia & Pacific,Upper middle income,3,6.989028373004771
Tuvalu,TUV,1991,34.333332,1134.33175551477,East Asia & Pacific,Upper middle income,3,7.033798994866301
Tuvalu,TUV,1992,34.333332,1165.63710360353,East Asia & Pacific,Upper middle income,3,7.061023086566821
Tuvalu,TUV,1993,34.333332,1141.17904410247,East Asia & Pacific,Upper middle income,3,7.0398172561340004
Tuvalu,TUV,1994,34.333332,1278.65870076399,East Asia & Pacific,Upper middle income,3,7.15356691746492
Tuvalu,TUV,1995,34.333332,1284.76446104166,East Asia & Pacific,Upper middle income,3,7.158330681727778
Tuvalu,TUV,1996,34.333332,1427.80960501753,East Asia & Pacific,Upper middle income,3,7.263896804190662
Tuvalu,TUV,1997,34.333332,1461.08618049276,East Asia & Pacific,Upper middle income,3,7.2869353973435
Tuvalu,TUV,1998,34.333332,1459.64937141718,East Asia & Pacific,Upper middle income,3,7.285951529296601
Tuvalu,TUV,1999,34.333332,1558.60396569869,East Asia & Pacific,Upper middle income,3,7.351545805804203
Tuvalu,TUV,2000,34.333332,1579.41906275542,East Asia & Pacific,Upper middle income,3,7.364812376609119
Tuvalu,TUV,2001,34.333332,1456.78409421177,East Asia & Pacific,Upper middle income,3,7.2839866100477595
Tuvalu,TUV,2002,34.333332,1750.25175052348,East Asia & Pacific,Upper middle income,3,7.467514914013059
Tuvalu,TUV,2003,34.333332,2006.84249941442,East Asia & Pacific,Upper middle income,3,7.604317870088873
Tuvalu,TUV,2004,34.333332,2322.56265072892,East Asia & Pacific,Upper middle income,3,7.7504264458802075
Tuvalu,TUV,2005,34.333332,2304.82694329052,East Asia & Pacific,Upper middle income,3,7.742760873779446
Tuvalu,TUV,2006,34.333332,2396.26844307702,East Asia & Pacific,Upper middle income,3,7.781667990971663
Tuvalu,TUV,2007,34.333332,2794.16310084119,East Asia & Pacific,Upper middle income,3,7.935287913503678
Tuvalu,TUV,2008,34.333332,3088.30877413836,East Asia & Pacific,Upper middle income,3,8.035378897770954
Tuvalu,TUV,2009,34.333332,2683.96749549583,East Asia & Pacific,Upper middle income,3,7.8950513875472375
Tuvalu,TUV,2010,34.333332,3024.8170790571,East Asia & Pacific,Upper middle income,3,8.014605898903383
Tuvalu,TUV,2011,34.333332,3636.08139989792,East Asia & Pacific,Upper middle income,3,8.19866184225743
Tuvalu,TUV,2012,34.333332,3598.46163091053,East Asia & Pacific,Upper middle income,3,8.188261708367888
Tuvalu,TUV,2013,34.333332,3510.21640142483,East Asia & Pacific,Upper middle income,3,8.163432967387042
Tuvalu,TUV,2014,34.333332,3528.85858102782,East Asia & Pacific,Upper middle income,3,8.168729749488298
Tuvalu,TUV,2015,34.333332,3357.83417700071,East Asia & Pacific,Upper middle income,3,8.119051454941323
Tuvalu,TUV,2016,34.333332,3808.69755015909,East Asia & Pacific,Upper middle income,3,8.24504255932465
Tuvalu,TUV,2017,34.333332,4165.66338700106,East Asia & Pacific,Upper middle income,3,8.334630818508664
Tuvalu,TUV,2018,34.333332,4466.12034928245,East Asia & Pacific,Upper middle income,3,8.404275379928293
Tuvalu,TUV,2019,34.333332,5115.13075950206,East Asia & Pacific,Upper middle income,3,8.539958241988996
Tuvalu,TUV,2020,34.333332,4976.11254109571,East Asia & Pacific,Upper middle income,3,8.512404250942945
Tuvalu,TUV,2021,34.333332,5905.08198095343,East Asia & Pacific,Upper middle income,3,8.683568611846425
Tuvalu,TUV,2022,34.333332,5911.32727055301,East Asia & Pacific,Upper middle income,3,8.684625665651549
Tuvalu,TUV,2023,34.333332,6344.7750188689,East Asia & Pacific,Upper middle income,3,8.755386921500751
Tuvalu,TUV,2024,34.333332,,East Asia & Pacific,Upper middle income,3,
Tuvalu,TUV,2025,34.333332,,East Asia & Pacific,Upper middle income,3,
Uganda,UGA,1990,22.68118,244.987168126806,Sub-Saharan Africa,Low income,1,5.501205834180481
Uganda,UGA,1991,22.109072,182.955897348348,Sub-Saharan Africa,Low income,1,5.209245125700254
Uganda,UGA,1992,21.536964,152.113542415537,Sub-Saharan Africa,Low income,1,5.024627231564325
Uganda,UGA,1993,20.964857,165.616476211716,Sub-Saharan Africa,Low income,1,5.109674731034057
Uganda,UGA,1994,20.39275,198.441987998795,Sub-Saharan Africa,Low income,1,5.2904968055180985
Uganda,UGA,1995,19.82064,278.520835668767,Sub-Saharan Africa,Low income,1,5.629492870460362
Uganda,UGA,1996,19.248533,284.698259285733,Sub-Saharan Africa,Low income,1,5.651429880059936
Uganda,UGA,1997,18.676426,286.846637912964,Sub-Saharan Africa,Low income,1,5.658947710264408
Uganda,UGA,1998,18.104319,292.453037058835,Sub-Saharan Africa,Low income,1,5.678304096717434
Uganda,UGA,1999,17.532211,257.921949601357,Sub-Saharan Africa,Low income,1,5.552657018227959
Uganda,UGA,2000,16.960104,258.050338731086,Sub-Saharan Africa,Low income,1,5.55315467725067
Uganda,UGA,2001,16.710018,236.021188853993,Sub-Saharan Africa,Low income,1,5.463921584274964
Uganda,UGA,2002,16.459934,241.984688408335,Sub-Saharan Africa,Low income,1,5.488874453115051
Uganda,UGA,2003,16.20985,250.71543664681,Sub-Saharan Africa,Low income,1,5.524318577448173
Uganda,UGA,2004,15.9597645,292.38185796262,Sub-Saharan Africa,Low income,1,5.678060680679258
Uganda,UGA,2005,15.70968,330.405402707025,Sub-Saharan Africa,Low income,1,5.800320393531971
Uganda,UGA,2006,15.459595,346.518255310647,Sub-Saharan Africa,Low income,1,5.847935502121371
Uganda,UGA,2007,15.20951,401.389130865581,Sub-Saharan Africa,Low income,1,5.994931357932793
Uganda,UGA,2008,14.959426,472.842681495852,Sub-Saharan Africa,Low income,1,6.158762735908842
Uganda,UGA,2009,14.709341,798.947089938247,Sub-Saharan Africa,Low income,1,6.683294723220978
Uganda,UGA,2010,14.459256,823.488144282,Sub-Saharan Africa,Low income,1,6.7135491527708915
Uganda,UGA,2011,14.209176,835.620060555838,Sub-Saharan Africa,Low income,1,6.728174036761206
Uganda,UGA,2012,13.959096,795.222867553127,Sub-Saharan Africa,Low income,1,6.678622411912198
Uganda,UGA,2013,13.709017,818.285427416713,Sub-Saharan Africa,Low income,1,6.707211209011955
Uganda,UGA,2014,13.458937,896.054795546394,Sub-Saharan Africa,Low income,1,6.798001566848738
Uganda,UGA,2015,13.208857,862.934610355811,Sub-Saharan Africa,Low income,1,6.760338918057234
Uganda,UGA,2016,13.068741,752.696571725656,Sub-Saharan Africa,Low income,1,6.623662187394344
Uganda,UGA,2017,12.928625,765.218332297361,Sub-Saharan Africa,Low income,1,6.640161194803116
Uganda,UGA,2018,12.78851,792.16570022814,Sub-Saharan Africa,Low income,1,6.674770587391278
Uganda,UGA,2019,12.648395,822.171150036357,Sub-Saharan Africa,Low income,1,6.71194858510619
Uganda,UGA,2020,12.508279,845.766463890124,Sub-Saharan Africa,Low income,1,6.7402432740869225
Uganda,UGA,2021,12.368153,882.791717542504,Sub-Saharan Africa,Low income,1,6.78308929230697
Uganda,UGA,2022,12.228027,963.067314117178,Sub-Saharan Africa,Low income,1,6.8701233097884105
Uganda,UGA,2023,12.087901,1002.30913917142,Sub-Saharan Africa,Low income,1,6.910061756188811
Uganda,UGA,2024,11.947776,1077.91278452817,Sub-Saharan Africa,Low income,1,6.982781843305585
Uganda,UGA,2025,11.807651,,Sub-Saharan Africa,Low income,1,
Ukraine,UKR,1990,16.006214,1563.63415527344,Europe & Central Asia,Upper middle income,3,7.354767977677051
Ukraine,UKR,1991,16.046946,1482.6396484375,Europe & Central Asia,Upper middle income,3,7.301579324369766
Ukraine,UKR,1992,16.087677,1413.24011230469,Europe & Central Asia,Upper middle income,3,7.253640299107568
Ukraine,UKR,1993,16.128408,1254.02868652344,Europe & Central Asia,Upper middle income,3,7.134116596946717
Ukraine,UKR,1994,16.16914,1009.09405517578,Europe & Central Asia,Upper middle income,3,6.916808232238958
Ukraine,UKR,1995,16.209873,933.191772460938,Europe & Central Asia,Upper middle income,3,6.838610723628489
Ukraine,UKR,1996,16.250605,869.846069335938,Europe & Central Asia,Upper middle income,3,6.76831626419658
Ukraine,UKR,1997,16.291336,987.489807128906,Europe & Central Asia,Upper middle income,3,6.895166174827227
Ukraine,UKR,1998,16.332067,831.336791992188,Europe & Central Asia,Upper middle income,3,6.723034997938744
Ukraine,UKR,1999,16.372799,631.910461425781,Europe & Central Asia,Upper middle income,3,6.448747709150805
Ukraine,UKR,2000,16.41353,653.294311523438,Europe & Central Asia,Upper middle income,3,6.482027734512665
Ukraine,UKR,2001,16.42009,800.49072265625,Europe & Central Asia,Upper middle income,3,6.6852249429333215
Ukraine,UKR,2002,16.42665,903.011901855469,Europe & Central Asia,Upper middle income,3,6.805735733679482
Ukraine,UKR,2003,16.433207,1076.48156738281,Europe & Central Asia,Upper middle income,3,6.98145319392936
Ukraine,UKR,2004,16.439766,1401.01806640625,Europe & Central Asia,Upper middle income,3,7.2449544416187805
Ukraine,UKR,2005,16.446323,1875.33508300781,Europe & Central Asia,Upper middle income,3,7.536542633375112
Ukraine,UKR,2006,16.452883,2366.494140625,Europe & Central Asia,Upper middle income,3,7.76916487337662
Ukraine,UKR,2007,16.45944,3160.32763671875,Europe & Central Asia,Upper middle income,3,8.058430983712231
Ukraine,UKR,2008,16.466,4017.806640625,Europe & Central Asia,Upper middle income,3,8.298491420927967
Ukraine,UKR,2009,16.472557,2607.08764648438,Europe & Central Asia,Upper middle income,3,7.865989033040172
Ukraine,UKR,2010,16.479116,3039.63232421875,Europe & Central Asia,Upper middle income,3,8.019491841105038
Ukraine,UKR,2011,16.531584,3656.69799804688,Europe & Central Asia,Upper middle income,3,8.204315832854398
Ukraine,UKR,2012,16.584053,3951.34228515625,Europe & Central Asia,Upper middle income,3,8.281810619196659
Ukraine,UKR,2013,16.63652,4129.89697265625,Europe & Central Asia,Upper middle income,3,8.326007739555845
Ukraine,UKR,2014,16.688988,3054.908203125,Europe & Central Asia,Upper middle income,3,8.02450482307732
Ukraine,UKR,2015,16.741457,2094.47387695313,Europe & Central Asia,Upper middle income,3,7.647057668097867
Ukraine,UKR,2016,16.810493,2158.46118164063,Europe & Central Asia,Upper middle income,3,7.677150830882293
Ukraine,UKR,2017,16.87953,2604.28759765625,Europe & Central Asia,Upper middle income,3,7.86491444179836
Ukraine,UKR,2018,16.948568,3059.0517578125,Europe & Central Asia,Upper middle income,3,8.025860263854936
Ukraine,UKR,2019,17.017605,3619.86157226563,Europe & Central Asia,Upper middle income,3,8.194191064383034
Ukraine,UKR,2020,17.086641,3709.76928710938,Europe & Central Asia,Upper middle income,3,8.218724966904833
Ukraine,UKR,2021,17.152225,4775.94580078125,Europe & Central Asia,Upper middle income,3,8.471347306762913
Ukraine,UKR,2022,17.217812,4199.6708984375,Europe & Central Asia,Upper middle income,3,8.342761443686468
Ukraine,UKR,2023,17.283396,5139.59814453125,Europe & Central Asia,Upper middle income,3,8.544730173395028
Ukraine,UKR,2024,17.348982,5389.47314453125,Europe & Central Asia,Upper middle income,3,8.592202912285297
Ukraine,UKR,2025,17.414566,,Europe & Central Asia,Upper middle income,3,
United Arab Emirates,ARE,1990,4.432132,26709.993440327,Middle East & North Africa,High income,4,10.19279306051532
United Arab Emirates,ARE,1991,4.4324136,25690.9686321448,Middle East & North Africa,High income,4,10.153894794030917
United Arab Emirates,ARE,1992,4.432695,25648.2727760844,Middle East & North Africa,High income,4,10.15223151016725
United Arab Emirates,ARE,1993,4.4329767,25032.7822702907,Middle East & North Africa,High income,4,10.127941535671011
United Arab Emirates,ARE,1994,4.433258,25472.6396578979,Middle East & North Africa,High income,4,10.145360200526428
United Arab Emirates,ARE,1995,4.43354,27003.2006807782,Middle East & North Africa,High income,4,10.20371068169324
United Arab Emirates,ARE,1996,4.4338217,28323.1650870532,Middle East & North Africa,High income,4,10.251435303111288
United Arab Emirates,ARE,1997,4.434103,27982.7957040564,Middle East & North Africa,High income,4,10.239345161171409
United Arab Emirates,ARE,1998,4.434385,24889.4269192279,Middle East & North Africa,High income,4,10.122198370557713
United Arab Emirates,ARE,1999,4.434666,25855.8605046587,Middle East & North Africa,High income,4,10.160292566220358
United Arab Emirates,ARE,2000,4.434948,29865.502347066,Middle East & North Africa,High income,4,10.304459325619819
United Arab Emirates,ARE,2001,4.4413967,27745.1708087672,Middle East & North Africa,High income,4,10.230817079121199
United Arab Emirates,ARE,2002,4.4478455,27753.6089526346,Middle East & North Africa,High income,4,10.2311211630657
United Arab Emirates,ARE,2003,4.4542947,29659.5428567811,Middle East & North Africa,High income,4,10.297539202787613
United Arab Emirates,ARE,2004,4.4607434,33376.7152295209,Middle East & North Africa,High income,4,10.415613787026816
United Arab Emirates,ARE,2005,4.467192,38719.3138307623,Middle East & North Africa,High income,4,10.564093819920531
United Arab Emirates,ARE,2006,4.4736414,44342.6048322482,Middle East & North Africa,High income,4,10.699701228225297
United Arab Emirates,ARE,2007,4.48009,45854.7325158162,Middle East & North Africa,High income,4,10.733233689715018
United Arab Emirates,ARE,2008,4.486539,50054.1700681803,Middle East & North Africa,High income,4,10.820861099318172
United Arab Emirates,ARE,2009,4.492988,37803.0663738777,Middle East & North Africa,High income,4,10.540145499319603
United Arab Emirates,ARE,2010,4.499437,44795.2949302268,Middle East & North Africa,High income,4,10.709858389008817
United Arab Emirates,ARE,2011,4.50414,51921.904511613,Middle East & North Africa,High income,4,10.85749603236186
United Arab Emirates,ARE,2012,4.5088425,53141.6124340099,Middle East & North Africa,High income,4,10.880715561984998
United Arab Emirates,ARE,2013,4.5135455,53247.2409495441,Middle East & North Africa,High income,4,10.882701269075222
United Arab Emirates,ARE,2014,4.5182486,52725.2358407934,Middle East & North Africa,High income,4,10.872849478372409
United Arab Emirates,ARE,2015,4.522951,44910.334995523,Middle East & North Africa,High income,4,10.712423225317446
United Arab Emirates,ARE,2016,4.5276823,42721.0999383185,Middle East & North Africa,High income,4,10.662448220922427
United Arab Emirates,ARE,2017,4.5324135,43733.6192287435,Middle East & North Africa,High income,4,10.68587240404526
United Arab Emirates,ARE,2018,4.5371447,47135.3591943971,Middle East & North Africa,High income,4,10.760778724346395
United Arab Emirates,ARE,2019,4.5418754,45938.6073581994,Middle East & North Africa,High income,4,10.735061161421376
United Arab Emirates,ARE,2020,4.5466065,37991.7492971665,Middle East & North Africa,High income,4,10.54512429137497
United Arab Emirates,ARE,2021,4.5513377,44118.5047192771,Middle East & North Africa,High income,4,10.69463458157093
United Arab Emirates,ARE,2022,4.556069,50759.7589231191,Middle East & North Africa,High income,4,10.83485917246951
United Arab Emirates,ARE,2023,4.5607996,49850.6872175164,Middle East & North Africa,High income,4,10.816787561002412
United Arab Emirates,ARE,2024,4.565531,50273.5060469837,Middle East & North Africa,High income,4,10.825233498574942
United Arab Emirates,ARE,2025,4.570262,,Middle East & North Africa,High income,4,
United Kingdom,GBR,1990,11.48266,19095.4669984608,Europe & Central Asia,High income,4,9.857206255944
United Kingdom,GBR,1991,11.5554085,19900.7266505069,Europe & Central Asia,High income,4,9.898511525146773
United Kingdom,GBR,1992,11.628157,20487.1707852878,Europe & Central Asia,High income,4,9.92755415387052
United Kingdom,GBR,1993,11.700905,18389.0195675099,Europe & Central Asia,High income,4,9.81950900282805
United Kingdom,GBR,1994,11.773654,19709.2380983653,Europe & Central Asia,High income,4,9.888842743811862
United Kingdom,GBR,1995,11.846402,23252.6157127423,Europe & Central Asia,High income,4,10.05417290846129
United Kingdom,GBR,1996,11.91915,24503.3829602903,Europe & Central Asia,High income,4,10.1065664670125
United Kingdom,GBR,1997,11.991899,26910.1381529902,Europe & Central Asia,High income,4,10.200258377598155
United Kingdom,GBR,1998,12.064647,28396.3523548013,Europe & Central Asia,High income,4,10.254015977689182
United Kingdom,GBR,1999,12.137395,28858.0065333126,Europe & Central Asia,High income,4,10.270142756252373
United Kingdom,GBR,2000,12.210143,28383.8761094996,Europe & Central Asia,High income,4,10.253576520299175
United Kingdom,GBR,2001,12.253545,28013.8729635508,Europe & Central Asia,High income,4,10.240455129440042
United Kingdom,GBR,2002,12.296946,30158.7017807858,Europe & Central Asia,High income,4,10.314228776791802
United Kingdom,GBR,2003,12.340346,34556.7726095905,Europe & Central Asia,High income,4,10.450358833418164
United Kingdom,GBR,2004,12.383747,40504.4118103928,Europe & Central Asia,High income,4,10.609166180751744
United Kingdom,GBR,2005,12.427149,42240.2462987547,Europe & Central Asia,High income,4,10.65112874929957
United Kingdom,GBR,2006,12.47055,44695.161023424,Europe & Central Asia,High income,4,10.707620520232188
United Kingdom,GBR,2007,12.51395,50629.0799172887,Europe & Central Asia,High income,4,10.832281392120352
United Kingdom,GBR,2008,12.557351,47652.4030691881,Europe & Central Asia,High income,4,10.771688339483077
United Kingdom,GBR,2009,12.600752,39009.3715547821,Europe & Central Asia,High income,4,10.571557192521722
United Kingdom,GBR,2010,12.644154,39778.3220528565,Europe & Central Asia,High income,4,10.59107737084605
United Kingdom,GBR,2011,12.7235155,42295.9273835322,Europe & Central Asia,High income,4,10.652446081050094
United Kingdom,GBR,2012,12.802876,42688.3263728372,Europe & Central Asia,High income,4,10.66168077478667
United Kingdom,GBR,2013,12.882238,43606.9837896348,Europe & Central Asia,High income,4,10.682972595171242
United Kingdom,GBR,2014,12.9616,47746.2421759562,Europe & Central Asia,High income,4,10.7736556449263
United Kingdom,GBR,2015,13.040962,45255.3449216209,Europe & Central Asia,High income,4,10.720076061967303
United Kingdom,GBR,2016,13.090564,41257.9085545556,Europe & Central Asia,High income,4,10.627598095921092
United Kingdom,GBR,2017,13.140164,40916.8115070354,Europe & Central Asia,High income,4,10.619296296869205
United Kingdom,GBR,2018,13.189766,43702.9976303165,Europe & Central Asia,High income,4,10.685171974390524
United Kingdom,GBR,2019,13.239367,43158.7411267323,Europe & Central Asia,High income,4,10.672640251354759
United Kingdom,GBR,2020,13.288968,40812.6794663879,Europe & Central Asia,High income,4,10.616748083347872
United Kingdom,GBR,2021,13.341049,47691.3768799404,Europe & Central Asia,High income,4,10.77250588233577
United Kingdom,GBR,2022,13.39313,47057.043229179,Europe & Central Asia,High income,4,10.759115830498278
United Kingdom,GBR,2023,13.445211,49944.4702124201,Europe & Central Asia,High income,4,10.818667071490232
United Kingdom,GBR,2024,13.4972925,53246.3676145108,Europe & Central Asia,High income,4,10.882684867433
United Kingdom,GBR,2025,13.549374,,Europe & Central Asia,High income,4,
United States,USA,1630,46.18,,North America,High income,4,
United States,USA,1907,33.52,,North America,High income,4,
United States,USA,1920,31.85,,North America,High income,4,
United States,USA,1940,32.6,,North America,High income,4,
United States,USA,1953,32.78,,North America,High income,4,
United States,USA,1963,33.27,3366.36978960346,North America,High income,4,8.121590228967138
United States,USA,1977,32.78,9452.57651914511,North America,High income,4,9.15404263085479
United States,USA,1987,32.38,20038.9410992658,North America,High income,4,9.905432714444759
United States,USA,1990,33.063965,23888.6000088133,North America,High income,4,10.081156637046137
United States,USA,1991,33.07584,24342.2589048189,North America,High income,4,10.099969168513791
United States,USA,1992,33.08771,25418.9907763319,North America,High income,4,10.143251842001403
United States,USA,1993,33.099586,26387.2937338171,North America,High income,4,10.180637875311893
United States,USA,1994,33.111458,27694.853416234,North America,High income,4,10.229001877665112
United States,USA,1995,33.12333,28690.8757013347,North America,High income,4,10.264334431386374
United States,USA,1996,33.1352,29967.7127181749,North America,High income,4,10.307875838351713
United States,USA,1997,33.147076,31459.1389804773,North America,High income,4,10.356444807530723
United States,USA,1998,33.158943,32853.6769523009,North America,High income,4,10.399818949225777
United States,USA,1999,33.17082,34515.3902272076,North America,High income,4,10.449160597091558
United States,USA,2000,33.18269,36329.9560727102,North America,High income,4,10.500397916095611
United States,USA,2001,33.23936,37133.623113437,North America,High income,4,10.522278121549752
United States,USA,2002,33.296032,37997.7596573051,North America,High income,4,10.545282480583818
United States,USA,2003,33.352703,39490.2749557007,North America,High income,4,10.583809716922971
United States,USA,2004,33.409378,41724.6316287624,North America,High income,4,10.638846919941331
United States,USA,2005,33.46605,44123.4070679055,North America,High income,4,10.694745693139893
United States,USA,2006,33.52272,46302.0008800056,North America,High income,4,10.742940454691437
United States,USA,2007,33.57939,48050.2237771135,North America,High income,4,10.78000207155957
United States,USA,2008,33.636063,48570.0459804586,North America,High income,4,10.790762282023687
United States,USA,2009,33.692734,47194.9433547336,North America,High income,4,10.762042033519604
United States,USA,2010,33.74941,48642.6100179312,North America,High income,4,10.792255175108533
United States,USA,2011,33.779472,50024.868799398,North America,High income,4,10.820275536747806
United States,USA,2012,33.809536,51708.4011556577,North America,High income,4,10.85337554547032
United States,USA,2013,33.839596,53179.0127634561,North America,High income,4,10.881419100567834
United States,USA,2014,33.86966,54973.4207515712,North America,High income,4,10.914605088344972
United States,USA,2015,33.899723,56572.9188996063,North America,High income,4,10.943285685019262
United States,USA,2016,33.88136,57638.1018367192,North America,High income,4,10.96193911821658
United States,USA,2017,33.86299,59635.0984397965,North America,High income,4,10.995999579716472
United States,USA,2018,33.844627,62499.8744390068,North America,High income,4,11.042919826746584
United States,USA,2019,33.82626,64746.4506778863,North America,High income,4,11.078234162273805
United States,USA,2020,33.807896,63515.9491807833,North America,High income,4,11.059046321544642
United States,USA,2021,33.800022,70205.050916026,North America,High income,4,11.15917553779634
United States,USA,2022,33.792152,76657.2488844403,North America,High income,4,11.247099451053959
United States,USA,2023,33.784283,81032.262117545,North America,High income,4,11.302602652102554
United States,USA,2024,33.77641,84534.0407841548,North America,High income,4,11.34490958173981
United States,USA,2025,33.76854,,North America,High income,4,
United States Virgin Islands,VIR,1990,58.314285,,Latin America & Caribbean,High income,4,
United States Virgin Islands,VIR,1991,57.994286,,Latin America & Caribbean,High income,4,
United States Virgin Islands,VIR,1992,57.674286,,Latin America & Caribbean,High income,4,
United States Virgin Islands,VIR,1993,57.354286,,Latin America & Caribbean,High income,4,
United States Virgin Islands,VIR,1994,57.034286,,Latin America & Caribbean,High income,4,
United States Virgin Islands,VIR,1995,56.714287,,Latin America & Caribbean,High income,4,
United States Virgin Islands,VIR,1996,56.394287,,Latin America & Caribbean,High income,4,
United States Virgin Islands,VIR,1997,56.074287,,Latin America & Caribbean,High income,4,
United States Virgin Islands,VIR,1998,55.754284,,Latin America & Caribbean,High income,4,
United States Virgin Islands,VIR,1999,55.434284,,Latin America & Caribbean,High income,4,
United States Virgin Islands,VIR,2000,55.114285,,Latin America & Caribbean,High income,4,
United States Virgin Islands,VIR,2001,54.868572,,Latin America & Caribbean,High income,4,
United States Virgin Islands,VIR,2002,54.622856,30062.0225050457,Latin America & Caribbean,High income,4,10.311017943313932
United States Virgin Islands,VIR,2003,54.377144,31731.2566241187,Latin America & Caribbean,High income,4,10.365057487452624
United States Virgin Islands,VIR,2004,54.131428,35006.3614404514,Latin America & Caribbean,High income,4,10.463285079397501
United States Virgin Islands,VIR,2005,53.885715,40828.7460927775,Latin America & Caribbean,High income,4,10.617141673403092
United States Virgin Islands,VIR,2006,53.64,41377.1466009652,Latin America & Caribbean,High income,4,10.630483992927886
United States Virgin Islands,VIR,2007,53.394287,44158.5054044325,Latin America & Caribbean,High income,4,10.695540835369899
United States Virgin Islands,VIR,2008,53.14857,39152.3750657306,Latin America & Caribbean,High income,4,10.575216365370185
United States Virgin Islands,VIR,2009,52.90286,38753.1825393897,Latin America & Caribbean,High income,4,10.564968161457772
United States Virgin Islands,VIR,2010,52.657143,39905.1284180994,Latin America & Caribbean,High income,4,10.594260126400393
United States Virgin Islands,VIR,2011,53.074287,38997.1373164651,Latin America & Caribbean,High income,4,10.571243520275793
United States Virgin Islands,VIR,2012,53.49143,37795.3192590675,Latin America & Caribbean,High income,4,10.539940544815021
United States Virgin Islands,VIR,2013,53.908573,34597.9766940328,Latin America & Caribbean,High income,4,10.45155048228489
United States Virgin Islands,VIR,2014,54.325714,33045.3643795999,Latin America & Caribbean,High income,4,10.405636574613313
United States Virgin Islands,VIR,2015,54.74286,34007.3529411765,Latin America & Caribbean,High income,4,10.434332043192612
United States Virgin Islands,VIR,2016,55.17143,35324.9748874586,Latin America & Caribbean,High income,4,10.472345496652506
United States Virgin Islands,VIR,2017,55.6,35365.0693039774,Latin America & Caribbean,High income,4,10.473479869145178
United States Virgin Islands,VIR,2018,56.028572,36663.2087550584,Latin America & Caribbean,High income,4,10.509529044979063
United States Virgin Islands,VIR,2019,56.45714,38633.5298915336,Latin America & Caribbean,High income,4,10.561875828434546
United States Virgin Islands,VIR,2020,56.885715,39787.3741650202,Latin America & Caribbean,High income,4,10.591304908909134
United States Virgin Islands,VIR,2021,57.314285,42571.0777368471,Latin America & Caribbean,High income,4,10.658930375317498
United States Virgin Islands,VIR,2022,57.74286,44320.909185774,Latin America & Caribbean,High income,4,10.699211835330203
United States Virgin Islands,VIR,2023,58.17143,,Latin America & Caribbean,High income,4,
United States Virgin Islands,VIR,2024,58.6,,Latin America & Caribbean,High income,4,
United States Virgin Islands,VIR,2025,59.028572,,Latin America & Caribbean,High income,4,
Uruguay,URY,1990,5.024797,2995.36105663465,Latin America & Caribbean,High income,4,8.004820056417044
Uruguay,URY,1991,5.2858243,3589.01541942634,Latin America & Caribbean,High income,4,8.185633187439949
Uruguay,URY,1992,5.5468516,4101.71054155291,Latin America & Caribbean,High income,4,8.319159370943293
Uruguay,URY,1993,5.807879,4753.00924682647,Latin America & Caribbean,High income,4,8.466533222083708
Uruguay,URY,1994,6.0689063,5507.56481300056,Latin America & Caribbean,High income,4,8.613877846741719
Uruguay,URY,1995,6.3299336,6050.48632253644,Latin America & Caribbean,High income,4,8.707893931684596
Uruguay,URY,1996,6.590961,6398.43575184095,Latin America & Caribbean,High income,4,8.763808825698996
Uruguay,URY,1997,6.8519883,7436.29342620682,Latin America & Caribbean,High income,4,8.914127808284267
Uruguay,URY,1998,7.1130157,7836.89183322307,Latin America & Caribbean,High income,4,8.966597584893442
Uruguay,URY,1999,7.374043,7370.56995453931,Latin America & Caribbean,High income,4,8.905250316594767
Uruguay,URY,2000,7.6350703,6987.70098766257,Latin America & Caribbean,High income,4,8.85190688093699
Uruguay,URY,2001,7.840555,6382.76104740859,Latin America & Caribbean,High income,4,8.76135604877412
Uruguay,URY,2002,8.046041,4149.76140312687,Latin America & Caribbean,High income,4,8.330806118349505
Uruguay,URY,2003,8.251526,3671.12329256883,Latin America & Caribbean,High income,4,8.208252968486878
Uruguay,URY,2004,8.45701,4168.66065438387,Latin America & Caribbean,High income,4,8.335350077202506
Uruguay,URY,2005,8.662496,5284.25677987129,Latin America & Caribbean,High income,4,8.57248726019791
Uruguay,URY,2006,8.867981,6001.33294783172,Latin America & Caribbean,High income,4,8.699736881508718
Uruguay,URY,2007,9.073466,7222.05403645877,Latin America & Caribbean,High income,4,8.884894684010847
Uruguay,URY,2008,9.278951,9423.96562595893,Latin America & Caribbean,High income,4,9.151011258384603
Uruguay,URY,2009,9.484436,9881.39573127081,Latin America & Caribbean,High income,4,9.198409049111728
Uruguay,URY,2010,9.689921,12641.0576849008,Latin America & Caribbean,High income,4,9.444705341802985
Uruguay,URY,2011,9.848143,15132.2675725587,Latin America & Caribbean,High income,4,9.624584668160601
Uruguay,URY,2012,10.006365,16259.5940814256,Latin America & Caribbean,High income,4,9.696438418548222
Uruguay,URY,2013,10.164587,18335.2594772322,Latin America & Caribbean,High income,4,9.816581232422315
Uruguay,URY,2014,10.322809,18322.4276767157,Latin America & Caribbean,High income,4,9.81588114455334
Uruguay,URY,2015,10.48103,17125.9016800298,Latin America & Caribbean,High income,4,9.748347314592769
Uruguay,URY,2016,10.592607,17009.7584207276,Latin America & Caribbean,High income,4,9.74154248309785
Uruguay,URY,2017,10.704183,19184.6502617082,Latin America & Caribbean,High income,4,9.861865772736843
Uruguay,URY,2018,10.815758,19249.9404677501,Latin America & Caribbean,High income,4,9.865263247126737
Uruguay,URY,2019,10.927334,18315.7316980028,Latin America & Caribbean,High income,4,9.815515625165808
Uruguay,URY,2020,11.03891,15757.5355995779,Latin America & Caribbean,High income,4,9.665073980599557
Uruguay,URY,2021,11.144007,17881.818721099,Latin America & Caribbean,High income,4,9.791539761736832
Uruguay,URY,2022,11.249103,20818.6146091144,Latin America & Caribbean,High income,4,9.943602798606014
Uruguay,URY,2023,11.354199,23019.4221560046,Latin America & Caribbean,High income,4,10.044093580136517
Uruguay,URY,2024,11.459296,23906.5133029408,Latin America & Caribbean,High income,4,10.081906223927517
Uruguay,URY,2025,11.564393,,Latin America & Caribbean,High income,4,
Uzbekistan,UZB,1990,5.7854495,652.9376529256,Europe & Central Asia,Lower middle income,2,6.481481646809397
Uzbekistan,UZB,1991,5.878968,658.313550528068,Europe & Central Asia,Lower middle income,2,6.489681338384824
Uzbekistan,UZB,1992,5.972486,602.920525827048,Europe & Central Asia,Lower middle income,2,6.401785390075976
Uzbekistan,UZB,1993,6.0660043,595.777099596612,Europe & Central Asia,Lower middle income,2,6.389866603146748
Uzbekistan,UZB,1994,6.1595225,574.229079896619,Europe & Central Asia,Lower middle income,2,6.353028410599329
Uzbekistan,UZB,1995,6.253041,582.54213674034,Europe & Central Asia,Lower middle income,2,6.367401520575263
Uzbekistan,UZB,1996,6.346559,597.33228695111,Europe & Central Asia,Lower middle income,2,6.392473553109277
Uzbekistan,UZB,1997,6.4400773,620.59129581366,Europe & Central Asia,Lower middle income,2,6.430672726478701
Uzbekistan,UZB,1998,6.5335956,621.048904301242,Europe & Central Asia,Lower middle income,2,6.431409829720459
Uzbekistan,UZB,1999,6.627114,697.763539790812,Europe & Central Asia,Lower middle income,2,6.547880277159455
Uzbekistan,UZB,2000,6.720632,555.149231099186,Europe & Central Asia,Lower middle income,2,6.319236962466777
Uzbekistan,UZB,2001,6.8087153,454.415812256778,Europe & Central Asia,Lower middle income,2,6.119012664901805
Uzbekistan,UZB,2002,6.8967986,381.409296889283,Europe & Central Asia,Lower middle income,2,5.943873068562165
Uzbekistan,UZB,2003,6.9848814,394.164028897235,Europe & Central Asia,Lower middle income,2,5.976767139660115
Uzbekistan,UZB,2004,7.0729647,462.171492867885,Europe & Central Asia,Lower middle income,2,6.135936018889027
Uzbekistan,UZB,2005,7.161048,542.835808692209,Europe & Central Asia,Lower middle income,2,6.2968068961093975
Uzbekistan,UZB,2006,7.2491307,649.118167003925,Europe & Central Asia,Lower middle income,2,6.475614775637175
Uzbekistan,UZB,2007,7.337214,824.028192334768,Europe & Central Asia,Lower middle income,2,6.714204743322691
Uzbekistan,UZB,2008,7.4252973,1074.72928796701,Europe & Central Asia,Lower middle income,2,6.979824083701519
Uzbekistan,UZB,2009,7.51338,1205.7993547038,Europe & Central Asia,Lower middle income,2,7.094897990894936
Uzbekistan,UZB,2010,7.6014633,1753.20730243278,Europe & Central Asia,Lower middle income,2,7.469202133738341
Uzbekistan,UZB,2011,7.6921473,2087.86386135694,Europe & Central Asia,Lower middle income,2,7.643896746377335
Uzbekistan,UZB,2012,7.7828307,2307.34649117185,Europe & Central Asia,Lower middle income,2,7.743853438128018
Uzbekistan,UZB,2013,7.8735147,2461.97947403595,Europe & Central Asia,Lower middle income,2,7.808720969599958
Uzbekistan,UZB,2014,7.9641986,2674.9628382103,Europe & Central Asia,Lower middle income,2,7.891690766975777
Uzbekistan,UZB,2015,8.054882,2803.19018021751,Europe & Central Asia,Lower middle income,2,7.93851339767426
Uzbekistan,UZB,2016,8.118243,2753.37951427589,Europe & Central Asia,Lower middle income,2,7.92058435044568
Uzbekistan,UZB,2017,8.181603,2190.60411562888,Europe & Central Asia,Lower middle income,2,7.691932636655744
Uzbekistan,UZB,2018,8.244965,1813.08530813664,Europe & Central Asia,Lower middle income,2,7.502785263225715
Uzbekistan,UZB,2019,8.308325,2041.38480729431,Europe & Central Asia,Lower middle income,2,7.621383683644413
Uzbekistan,UZB,2020,8.371686,1978.28051860763,Europe & Central Asia,Lower middle income,2,7.589983321443543
Uzbekistan,UZB,2021,8.464816,2258.51964119278,Europe & Central Asia,Lower middle income,2,7.722464851622166
Uzbekistan,UZB,2022,8.557946,2578.66689394219,Europe & Central Asia,Lower middle income,2,7.855027836601853
Uzbekistan,UZB,2023,8.651076,2878.96879292451,Europe & Central Asia,Lower middle income,2,7.965187450999593
Uzbekistan,UZB,2024,8.744206,3161.70010632875,Europe & Central Asia,Lower middle income,2,8.058865170238246
Uzbekistan,UZB,2025,8.837337,,Europe & Central Asia,Lower middle income,2,
Vanuatu,VUT,1990,81.28712,1140.59020311724,East Asia & Pacific,Lower middle income,2,7.039301129449394
Vanuatu,VUT,1991,81.09155,1326.37321256212,East Asia & Pacific,Lower middle income,2,7.19020358858159
Vanuatu,VUT,1992,80.89598,1343.68942861831,East Asia & Pacific,Lower middle income,2,7.203174414482931
Vanuatu,VUT,1993,80.70041,1257.29387486656,East Asia & Pacific,Lower middle income,2,7.13671697193099
Vanuatu,VUT,1994,80.50484,1430.99367776483,East Asia & Pacific,Lower middle income,2,7.266124361492764
Vanuatu,VUT,1995,80.30927,1491.78967004617,East Asia & Pacific,Lower middle income,2,7.307731799007325
Vanuatu,VUT,1996,80.1137,1529.27573115021,East Asia & Pacific,Lower middle income,2,7.33254952397439
Vanuatu,VUT,1997,79.91813,1562.03090670153,East Asia & Pacific,Lower middle income,2,7.353742116824576
Vanuatu,VUT,1998,79.72256,1470.97189048658,East Asia & Pacific,Lower middle income,2,7.293678611300283
Vanuatu,VUT,1999,79.52699,1472.17751741462,East Asia & Pacific,Lower middle income,2,7.294497888087415
Vanuatu,VUT,2000,79.33142,1460.23817692229,East Asia & Pacific,Lower middle income,2,7.286354836275616
Vanuatu,VUT,2001,79.135765,1350.18338238522,East Asia & Pacific,Lower middle income,2,7.207995701011087
Vanuatu,VUT,2002,78.94012,1340.71537528287,East Asia & Pacific,Lower middle income,2,7.200958612642652
Vanuatu,VUT,2003,78.74446,1566.51396790858,East Asia & Pacific,Lower middle income,2,7.3566080269873995
Vanuatu,VUT,2004,78.54881,1774.31867585894,East Asia & Pacific,Lower middle income,2,7.481171783635813
Vanuatu,VUT,2005,78.35316,1873.99142640619,East Asia & Pacific,Lower middle income,2,7.535825887764524
Vanuatu,VUT,2006,78.15751,2034.79289624351,East Asia & Pacific,Lower middle income,2,7.618149321809977
Vanuatu,VUT,2007,77.96185,2333.70506748914,East Asia & Pacific,Lower middle income,2,7.7552124413183146
Vanuatu,VUT,2008,77.766205,2603.60883136724,East Asia & Pacific,Lower middle income,2,7.864653773675595
Vanuatu,VUT,2009,77.57055,2546.38324565986,East Asia & Pacific,Lower middle income,2,7.842429296327897
Vanuatu,VUT,2010,77.3749,2815.18828985779,East Asia & Pacific,Lower middle income,2,7.942784426385834
Vanuatu,VUT,2011,77.17933,3163.1861645138,East Asia & Pacific,Lower middle income,2,8.059335078517623
Vanuatu,VUT,2012,76.98376,3004.78416664293,East Asia & Pacific,Lower middle income,2,8.007961019645338
Vanuatu,VUT,2013,76.788185,2979.79608084399,East Asia & Pacific,Lower middle income,2,7.9996101479110795
Vanuatu,VUT,2014,76.59261,2973.09026493408,East Asia & Pacific,Lower middle income,2,7.997357184102643
Vanuatu,VUT,2015,76.39705,2854.89412272653,East Asia & Pacific,Lower middle income,2,7.956790036543091
Vanuatu,VUT,2016,76.20148,2956.12644801489,East Asia & Pacific,Lower middle income,2,7.991635057883536
Vanuatu,VUT,2017,76.005905,3159.86055790126,East Asia & Pacific,Lower middle income,2,8.058283178360886
Vanuatu,VUT,2018,75.81033,3206.65748718811,East Asia & Pacific,Lower middle income,2,8.072984392364294
Vanuatu,VUT,2019,75.61477,3207.44650452083,East Asia & Pacific,Lower middle income,2,8.07323041810311
Vanuatu,VUT,2020,75.4192,3042.98711598286,East Asia & Pacific,Lower middle income,2,8.02059491590275
Vanuatu,VUT,2021,75.223625,3107.20312858002,East Asia & Pacific,Lower middle income,2,8.041478284977298
Vanuatu,VUT,2022,75.02805,3370.21191956953,East Asia & Pacific,Lower middle income,2,8.122730905514544
Vanuatu,VUT,2023,74.83249,3482.61458237637,East Asia & Pacific,Lower middle income,2,8.155538607446179
Vanuatu,VUT,2024,74.63692,3410.77023167097,East Asia & Pacific,Lower middle income,2,8.134693419162097
Vanuatu,VUT,2025,74.441345,,East Asia & Pacific,Lower middle income,2,
Venezuela,VEN,1990,57.234375,2451.5523114567,Latin America & Caribbean,Upper middle income,3,7.804476699414185
Venezuela,VEN,1991,57.092434,2632.53969814106,Latin America & Caribbean,Upper middle income,3,7.875704323910026
Venezuela,VEN,1992,56.95049,2907.30334439434,Latin America & Caribbean,Upper middle income,3,7.974981244751687
Venezuela,VEN,1993,56.808548,2824.69144366441,Latin America & Caribbean,Upper middle income,3,7.946154414133598
Venezuela,VEN,1994,56.666607,2688.98325145295,Latin America & Caribbean,Upper middle income,3,7.896918427708355
Venezuela,VEN,1995,56.524666,3486.98350635919,Latin America & Caribbean,Upper middle income,3,8.156792316626952
Venezuela,VEN,1996,56.38272,3112.825848106,Latin America & Caribbean,Upper middle income,3,8.04328622544787
Venezuela,VEN,1997,56.24078,3710.82688355096,Latin America & Caribbean,Upper middle income,3,8.21901001043083
Venezuela,VEN,1998,56.09884,3869.98258848894,Latin America & Caribbean,Upper middle income,3,8.26100528691524
Venezuela,VEN,1999,55.956898,4070.90619189484,Latin America & Caribbean,Upper middle income,3,8.311620905224672
Venezuela,VEN,2000,55.814953,4776.2816763938,Latin America & Caribbean,Upper middle income,3,8.471417630802724
Venezuela,VEN,2001,55.718636,4920.39313600453,Latin America & Caribbean,Upper middle income,3,8.501143711986042
Venezuela,VEN,2002,55.622326,3652.09896501865,Latin America & Caribbean,Upper middle income,3,8.203057340202744
Venezuela,VEN,2003,55.526012,3229.50557082079,Latin America & Caribbean,Upper middle income,3,8.080084330450383
Venezuela,VEN,2004,55.429703,4269.08970872392,Latin America & Caribbean,Upper middle income,3,8.359155900527314
Venezuela,VEN,2005,55.33339,5432.4854184654,Latin America & Caribbean,Upper middle income,3,8.600152027997282
Venezuela,VEN,2006,55.237072,6739.38065342218,Latin America & Caribbean,Upper middle income,3,8.815723308500447
Venezuela,VEN,2007,55.140762,8331.62096991844,Latin America & Caribbean,Upper middle income,3,9.027813310457791
Venezuela,VEN,2008,55.04445,11262.4514256759,Latin America & Caribbean,Upper middle income,3,9.329229588981734
Venezuela,VEN,2009,54.948135,11596.6021921731,Latin America & Caribbean,Upper middle income,3,9.358467419718798
Venezuela,VEN,2010,54.851826,13646.3046622664,Latin America & Caribbean,Upper middle income,3,9.521224043248555
Venezuela,VEN,2011,54.737812,10843.9229703167,Latin America & Caribbean,Upper middle income,3,9.291360107155176
Venezuela,VEN,2012,54.623802,12607.2361246243,Latin America & Caribbean,Upper middle income,3,9.442026223700061
Venezuela,VEN,2013,54.50979,8656.35669723668,Latin America & Caribbean,Upper middle income,3,9.066049208328346
Venezuela,VEN,2014,54.39578,7096.22047105512,Latin America & Caribbean,Upper middle income,3,8.867317593272137
Venezuela,VEN,2015,54.281765,4103.1384987005,Latin America & Caribbean,Upper middle income,3,8.319507447344211
Venezuela,VEN,2016,54.158295,3670.15737848208,Latin America & Caribbean,Upper middle income,3,8.207989822549376
Venezuela,VEN,2017,54.034824,3791.33160682077,Latin America & Caribbean,Upper middle income,3,8.240472583814524
Venezuela,VEN,2018,53.911358,3422.65467014854,Latin America & Caribbean,Upper middle income,3,8.1381717482959
Venezuela,VEN,2019,53.787884,2523.11275230667,Latin America & Caribbean,Upper middle income,3,7.833248637419222
Venezuela,VEN,2020,53.664417,1506.0436210041,Latin America & Caribbean,Upper middle income,3,7.3172413727505266
Venezuela,VEN,2021,53.608536,2004.93397949792,Latin America & Caribbean,Upper middle income,3,7.603366411267322
Venezuela,VEN,2022,53.55265,3155.04207099687,Latin America & Caribbean,Upper middle income,3,8.05675710959223
Venezuela,VEN,2023,53.49677,3617.43594578269,Latin America & Caribbean,Upper middle income,3,8.193520751585275
Venezuela,VEN,2024,53.440884,4217.59102643391,Latin America & Caribbean,Upper middle income,3,8.347019397218371
Venezuela,VEN,2025,53.385002,,Latin America & Caribbean,Upper middle income,3,
Vietnam,VNM,1943,43.0,,East Asia & Pacific,Lower middle income,2,
Vietnam,VNM,1976,33.0,,East Asia & Pacific,Lower middle income,2,
Vietnam,VNM,1980,32.1,,East Asia & Pacific,Lower middle income,2,
Vietnam,VNM,1985,30.0,238.647805313403,East Asia & Pacific,Lower middle income,2,5.47498884715319
Vietnam,VNM,1990,29.914143,98.7983370311401,East Asia & Pacific,Lower middle income,2,4.593080772943545
Vietnam,VNM,1991,30.682465,143.715270231936,East Asia & Pacific,Lower middle income,2,4.9678340521013356
Vietnam,VNM,1992,31.450785,144.549392371677,East Asia & Pacific,Lower middle income,2,4.9736212648677505
Vietnam,VNM,1993,32.219105,189.418573584332,East Asia & Pacific,Lower middle income,2,5.243959241331063
Vietnam,VNM,1994,32.987427,229.857787265757,East Asia & Pacific,Lower middle income,2,5.437460801451039
Vietnam,VNM,1995,33.75575,287.802661028593,East Asia & Pacific,Lower middle income,2,5.662275040514042
Vietnam,VNM,1996,34.524067,337.051231790277,East Asia & Pacific,Lower middle income,2,5.820234941914568
Vietnam,VNM,1997,35.29239,361.643884085566,East Asia & Pacific,Lower middle income,2,5.890659982010489
Vietnam,VNM,1998,36.06071,361.350928411167,East Asia & Pacific,Lower middle income,2,5.8898495870107785
Vietnam,VNM,1999,36.82903,375.994455900496,East Asia & Pacific,Lower middle income,2,5.929574398335697
Vietnam,VNM,2000,37.59735,404.029784055118,East Asia & Pacific,Lower middle income,2,6.0014885981524575
Vietnam,VNM,2001,38.109097,419.205677580901,East Asia & Pacific,Lower middle income,2,6.038361676762684
Vietnam,VNM,2002,38.620842,445.132861817313,East Asia & Pacific,Lower middle income,2,6.098372803485919
Vietnam,VNM,2003,39.132587,497.117089249256,East Asia & Pacific,Lower middle income,2,6.2088255903999965
Vietnam,VNM,2004,39.644333,565.452284586212,East Asia & Pacific,Lower middle income,2,6.337625914606657
Vietnam,VNM,2005,40.15608,710.746759994861,East Asia & Pacific,Lower middle income,2,6.566316191948593
Vietnam,VNM,2006,40.667828,807.756645117054,East Asia & Pacific,Lower middle income,2,6.694260831370928
Vietnam,VNM,2007,41.179573,925.640338348717,East Asia & Pacific,Lower middle income,2,6.830485755686894
Vietnam,VNM,2008,41.69132,1163.83195772873,East Asia & Pacific,Lower middle income,2,7.059473251657147
Vietnam,VNM,2009,42.203064,1226.16976051536,East Asia & Pacific,Lower middle income,2,7.1116505738887605
Vietnam,VNM,2010,42.71481,1683.16182443979,East Asia & Pacific,Lower middle income,2,7.428429341939105
Vietnam,VNM,2011,43.144764,1950.92504174913,East Asia & Pacific,Lower middle income,2,7.576058919459159
Vietnam,VNM,2012,43.57472,2185.11767654291,East Asia & Pacific,Lower middle income,2,7.689424962620857
Vietnam,VNM,2013,44.00467,2359.51736472828,East Asia & Pacific,Lower middle income,2,7.766212370634288
Vietnam,VNM,2014,44.434624,2546.38464459903,East Asia & Pacific,Lower middle income,2,7.8424298457105515
Vietnam,VNM,2015,44.86458,2577.56885340113,East Asia & Pacific,Lower middle income,2,7.854601928784033
Vietnam,VNM,2016,45.25724,2735.0604380416,East Asia & Pacific,Lower middle income,2,7.913908812616166
Vietnam,VNM,2017,45.649906,2956.10992127753,East Asia & Pacific,Lower middle income,2,7.991629467194556
Vietnam,VNM,2018,46.04257,3222.31003125366,East Asia & Pacific,Lower middle income,2,8.07785378233981
Vietnam,VNM,2019,46.43523,3440.90025375434,East Asia & Pacific,Lower middle income,2,8.143488417802308
Vietnam,VNM,2020,46.827892,3534.03953482647,East Asia & Pacific,Lower middle income,2,8.170196839808145
Vietnam,VNM,2021,46.89991,3704.1935590038,East Asia & Pacific,Lower middle income,2,8.21722085115122
Vietnam,VNM,2022,46.971928,4147.69777213621,East Asia & Pacific,Lower middle income,2,8.330308705589859
Vietnam,VNM,2023,47.04394,4323.35031982451,East Asia & Pacific,Lower middle income,2,8.371785917661148
Vietnam,VNM,2024,47.11596,4717.29028732449,East Asia & Pacific,Lower middle income,2,8.458989822057342
Vietnam,VNM,2025,47.187977,,East Asia & Pacific,Lower middle income,2,
Yemen,YEM,1990,1.0398318,910.422465960748,Middle East & North Africa,Low income,1,6.813908740089505
Yemen,YEM,1991,1.0398318,1016.30223044813,Middle East & North Africa,Low income,1,6.923926054816241
Yemen,YEM,1992,1.0398318,1198.13031674085,Middle East & North Africa,Low income,1,7.088517551341112
Yemen,YEM,1993,1.0398318,1396.61544419009,Middle East & North Africa,Low income,1,7.241807048771305
Yemen,YEM,1994,1.0398318,1735.04419543214,Middle East & North Africa,Low income,1,7.458788164928082
Yemen,YEM,1995,1.0398318,764.414656090937,Middle East & North Africa,Low income,1,6.639110385509022
Yemen,YEM,1996,1.0398318,375.214994663363,Middle East & North Africa,Low income,1,5.927499180788105
Yemen,YEM,1997,1.0398318,382.584928722421,Middle East & North Africa,Low income,1,5.946950664495884
Yemen,YEM,1998,1.0398318,342.73940747773,Middle East & North Africa,Low income,1,5.8369704134505875
Yemen,YEM,1999,1.0398318,401.448141660801,Middle East & North Africa,Low income,1,5.995078363552351
Yemen,YEM,2000,1.0398318,493.235182634814,Middle East & North Africa,Low income,1,6.200986104177435
Yemen,YEM,2001,1.0398318,487.141257946318,Middle East & North Africa,Low income,1,6.1885541384087155
Yemen,YEM,2002,1.0398318,513.241486570603,Middle East & North Africa,Low income,1,6.240746468466008
Yemen,YEM,2003,1.0398318,548.905883049973,Middle East & North Africa,Low income,1,6.307926993388684
Yemen,YEM,2004,1.0398318,627.632023395762,Middle East & North Africa,Low income,1,6.441954044725656
Yemen,YEM,2005,1.0398318,734.159908450927,Middle East & North Africa,Low income,1,6.598726863811675
Yemen,YEM,2006,1.0398318,809.713127624703,Middle East & North Africa,Low income,1,6.696680021509514
Yemen,YEM,2007,1.0398318,890.305768114988,Middle East & North Africa,Low income,1,6.791564963402834
Yemen,YEM,2008,1.0398318,1071.63583282105,Middle East & North Africa,Low income,1,6.976941575727531
Yemen,YEM,2009,1.0398318,969.243509864478,Middle East & North Africa,Low income,1,6.876515880489907
Yemen,YEM,2010,1.0398318,1155.20305261418,Middle East & North Africa,Low income,1,7.052031410633495
Yemen,YEM,2011,1.0398318,1186.47500581215,Middle East & North Africa,Low income,1,7.078742010177453
Yemen,YEM,2012,1.0398318,1245.05068272078,Middle East & North Africa,Low income,1,7.126931517082894
Yemen,YEM,2013,1.0398318,1378.75002954928,Middle East & North Africa,Low income,1,7.228932591999647
Yemen,YEM,2014,1.0398318,1430.16420964026,Middle East & North Africa,Low income,1,7.265544548577539
Yemen,YEM,2015,1.0398318,1362.1738120601,Middle East & North Africa,Low income,1,7.216837093883101
Yemen,YEM,2016,1.0398318,975.359417003225,Middle East & North Africa,Low income,1,6.882806035893282
Yemen,YEM,2017,1.0398318,811.165970405745,Middle East & North Africa,Low income,1,6.698472682259946
Yemen,YEM,2018,1.0398318,633.887202451545,Middle East & North Africa,Low income,1,6.45187102449435
Yemen,YEM,2019,1.0398318,,Middle East & North Africa,Low income,1,
Yemen,YEM,2020,1.0398318,,Middle East & North Africa,Low income,1,
Yemen,YEM,2021,1.0398318,,Middle East & North Africa,Low income,1,
Yemen,YEM,2022,1.0398318,,Middle East & North Africa,Low income,1,
Yemen,YEM,2023,1.0398318,,Middle East & North Africa,Low income,1,
Yemen,YEM,2024,1.0398318,,Middle East & North Africa,Low income,1,
Yemen,YEM,2025,1.0398318,,Middle East & North Africa,Low income,1,
Zambia,ZMB,1990,63.7781,422.336298804219,Sub-Saharan Africa,Lower middle income,2,6.045801913264255
Zambia,ZMB,1991,63.72994,423.071256835592,Sub-Saharan Africa,Lower middle income,2,6.047540620735284
Zambia,ZMB,1992,63.68178,389.254665832226,Sub-Saharan Africa,Lower middle income,2,5.964233797366034
Zambia,ZMB,1993,63.633625,390.916673784646,Sub-Saharan Africa,Lower middle income,2,5.968494426748889
Zambia,ZMB,1994,63.58547,426.386598390102,Sub-Saharan Africa,Lower middle income,2,6.055346442690972
Zambia,ZMB,1995,63.537308,433.312782642118,Sub-Saharan Africa,Lower middle income,2,6.0714598289848976
Zambia,ZMB,1996,63.48915,399.511304742449,Sub-Saharan Africa,Lower middle income,2,5.990242062033627
Zambia,ZMB,1997,63.440994,465.871942164799,Sub-Saharan Africa,Lower middle income,2,6.143910794139135
Zambia,ZMB,1998,63.392834,373.084763057408,Sub-Saharan Africa,Lower middle income,2,5.9218056406298745
Zambia,ZMB,1999,63.344677,349.515723095687,Sub-Saharan Africa,Lower middle income,2,5.856548548060208
Zambia,ZMB,2000,63.29652,359.429500988221,Sub-Saharan Africa,Lower middle income,2,5.8845180549769145
Zambia,ZMB,2001,63.248363,396.548952993504,Sub-Saharan Africa,Lower middle income,2,5.982799496237113
Zambia,ZMB,2002,63.200203,393.864625518616,Sub-Saharan Africa,Lower middle income,2,5.9760072602030725
Zambia,ZMB,2003,63.152046,446.290104839041,Sub-Saharan Africa,Lower middle income,2,6.100969199843479
Zambia,ZMB,2004,63.10389,548.685974566277,Sub-Saharan Africa,Lower middle income,2,6.307526282532253
Zambia,ZMB,2005,63.055733,710.982068171696,Sub-Saharan Africa,Lower middle income,2,6.56664720891093
Zambia,ZMB,2006,63.007572,1051.71714895686,Sub-Saharan Africa,Lower middle income,2,6.958179487332816
Zambia,ZMB,2007,62.959415,1118.73162626953,Sub-Saharan Africa,Lower middle income,2,7.019950846007968
Zambia,ZMB,2008,62.91126,1375.50211006997,Sub-Saharan Africa,Lower middle income,2,7.226574114401962
Zambia,ZMB,2009,62.863102,1136.24168316848,Sub-Saharan Africa,Lower middle income,2,7.035481325921209
Zambia,ZMB,2010,62.81494,1451.10616017155,Sub-Saharan Africa,Lower middle income,2,7.2800814136617324
Zambia,ZMB,2011,62.561806,1624.86817763443,Sub-Saharan Africa,Lower middle income,2,7.393181970017579
Zambia,ZMB,2012,62.308666,1710.05061343728,Sub-Saharan Africa,Lower middle income,2,7.444278247560012
Zambia,ZMB,2013,62.05553,1820.71854827391,Sub-Saharan Africa,Lower middle income,2,7.506986508899073
Zambia,ZMB,2014,61.80239,1707.48573136694,Sub-Saharan Africa,Lower middle income,2,7.442777234963143
Zambia,ZMB,2015,61.549255,1295.87788680068,Sub-Saharan Africa,Lower middle income,2,7.166943649325317
Zambia,ZMB,2016,61.442978,1239.08527877713,Sub-Saharan Africa,Lower middle income,2,7.122128707974946
Zambia,ZMB,2017,61.336697,1483.46577328065,Sub-Saharan Africa,Lower middle income,2,7.302136367864217
Zambia,ZMB,2018,61.230423,1463.89997855593,Sub-Saharan Africa,Lower middle income,2,7.288859371528776
Zambia,ZMB,2019,61.12414,1258.98619844462,Sub-Saharan Africa,Lower middle income,2,7.138062071668629
Zambia,ZMB,2020,61.017868,951.644316655957,Sub-Saharan Africa,Lower middle income,2,6.8581913480211325
Zambia,ZMB,2021,60.887173,1127.16077872857,Sub-Saharan Africa,Lower middle income,2,7.027457164670876
Zambia,ZMB,2022,60.756474,1447.12310138035,Sub-Saharan Africa,Lower middle income,2,7.277332796530802
Zambia,ZMB,2023,60.625782,1330.72780576709,Sub-Saharan Africa,Lower middle income,2,7.193481293925503
Zambia,ZMB,2024,60.49509,1187.10943350064,Sub-Saharan Africa,Lower middle income,2,7.079276583705228
Zambia,ZMB,2025,60.364395,,Sub-Saharan Africa,Lower middle income,2,
Zimbabwe,ZWE,1990,43.208946,866.928868406131,Sub-Saharan Africa,Lower middle income,2,6.764956930053938
Zimbabwe,ZWE,1991,42.935665,830.961354818769,Sub-Saharan Africa,Lower middle income,2,6.722583289344203
Zimbabwe,ZWE,1992,42.662384,631.149149280088,Sub-Saharan Africa,Lower middle income,2,6.447542204309327
Zimbabwe,ZWE,1993,42.389103,604.70311652877,Sub-Saharan Africa,Lower middle income,2,6.404737621108734
Zimbabwe,ZWE,1994,42.11582,634.062003018813,Sub-Saharan Africa,Lower middle income,2,6.452146746215096
Zimbabwe,ZWE,1995,41.842537,648.315259628165,Sub-Saharan Africa,Lower middle income,2,6.474377089815653
Zimbabwe,ZWE,1996,41.569256,766.913775859535,Sub-Saharan Africa,Lower middle income,2,6.642374377654903
Zimbabwe,ZWE,1997,41.295975,750.583100340929,Sub-Saharan Africa,Lower middle income,2,6.620850371580589
Zimbabwe,ZWE,1998,41.022694,552.448328691252,Sub-Saharan Africa,Lower middle income,2,6.314359906287619
Zimbabwe,ZWE,1999,40.74941,582.299355588147,Sub-Saharan Africa,Lower middle income,2,6.366984672176048
Zimbabwe,ZWE,2000,40.476128,562.833757496076,Sub-Saharan Africa,Lower middle income,2,6.332984304777737
Zimbabwe,ZWE,2001,40.202847,566.388746448872,Sub-Saharan Africa,Lower middle income,2,6.339280673624345
Zimbabwe,ZWE,2002,39.929565,524.936478570323,Sub-Saharan Africa,Lower middle income,2,6.263277262071972
Zimbabwe,ZWE,2003,39.656284,468.471932927213,Sub-Saharan Africa,Lower middle income,2,6.1494761915108205
Zimbabwe,ZWE,2004,39.383,469.719298949304,Sub-Saharan Africa,Lower middle income,2,6.1521352800094
Zimbabwe,ZWE,2005,39.10972,461.271387547912,Sub-Saharan Africa,Lower middle income,2,6.133986562947303
Zimbabwe,ZWE,2006,38.836437,431.034994414964,Sub-Saharan Africa,Lower middle income,2,6.06618928034593
Zimbabwe,ZWE,2007,38.563156,413.521244592925,Sub-Saharan Africa,Lower middle income,2,6.024708890635926
Zimbabwe,ZWE,2008,38.289875,340.917447588572,Sub-Saharan Africa,Lower middle income,2,5.831640358792127
Zimbabwe,ZWE,2009,38.016594,735.821693871697,Sub-Saharan Africa,Lower middle income,2,6.60098782561699
Zimbabwe,ZWE,2010,37.743313,902.010759067388,Sub-Saharan Africa,Lower middle income,2,6.804626448004111
Zimbabwe,ZWE,2011,37.589077,1037.77565157218,Sub-Saharan Africa,Lower middle income,2,6.94483490507832
Zimbabwe,ZWE,2012,37.43484,1239.22709745709,Sub-Saharan Africa,Lower middle income,2,7.122243155759232
Zimbabwe,ZWE,2013,37.280605,1362.99498323368,Sub-Saharan Africa,Lower middle income,2,7.21743975101014
Zimbabwe,ZWE,2014,37.12637,1372.91526173161,Sub-Saharan Africa,Lower middle income,2,7.224691686260747
Zimbabwe,ZWE,2015,36.972134,1387.12632595026,Sub-Saharan Africa,Lower middle income,2,7.234989494718449
Zimbabwe,ZWE,2016,36.831688,1408.13945253431,Sub-Saharan Africa,Lower middle income,2,7.250024574806672
Zimbabwe,ZWE,2017,36.69124,3445.44941020134,Sub-Saharan Africa,Lower middle income,2,8.144809627828154
Zimbabwe,ZWE,2018,36.550793,2270.89531874302,Sub-Saharan Africa,Lower middle income,2,7.727929446258053
Zimbabwe,ZWE,2019,36.410347,2184.32923855469,Sub-Saharan Africa,Lower middle income,2,7.689064075757097
Zimbabwe,ZWE,2020,36.269897,2059.67445384499,Sub-Saharan Africa,Lower middle income,2,7.630303217181154
Zimbabwe,ZWE,2021,36.132893,2613.60542083552,Sub-Saharan Africa,Lower middle income,2,7.868485934372374
Zimbabwe,ZWE,2022,35.99589,2536.40050223076,Sub-Saharan Africa,Lower middle income,2,7.8385012298351455
Zimbabwe,ZWE,2023,35.858887,2195.22492079245,Sub-Saharan Africa,Lower middle income,2,7.6940397898689366
Zimbabwe,ZWE,2024,35.72188,2497.20332208763,Sub-Saharan Africa,Lower middle income,2,7.822926713511721
Zimbabwe,ZWE,2025,35.584877,,Sub-Saharan Africa,Lower middle income,2,
